# Blender 4.3.2
# www.blender.org
mtllib Drone.mtl
o sensor_1
v -0.805126 8.257094 -5.507461
v -0.805126 8.257094 -5.282461
v -0.598727 8.216039 -5.507461
v -0.598727 8.216039 -5.282461
v -0.423750 8.099123 -5.507461
v -0.423750 8.099123 -5.282461
v -0.306834 7.924147 -5.507461
v -0.306834 7.924147 -5.282461
v -0.265779 7.717748 -5.507461
v -0.265779 7.717748 -5.282461
v -0.306834 7.511349 -5.507461
v -0.306834 7.511349 -5.282461
v -0.423750 7.336372 -5.507461
v -0.423750 7.336372 -5.282461
v -0.598727 7.219456 -5.507461
v -0.598727 7.219456 -5.282461
v -0.805126 7.178401 -5.507461
v -0.805126 7.178401 -5.282461
v -1.011525 7.219456 -5.507461
v -1.011525 7.219456 -5.282461
v -1.186502 7.336372 -5.507461
v -1.186502 7.336372 -5.282461
v -1.303417 7.511349 -5.507461
v -1.303417 7.511349 -5.282461
v -1.344473 7.717748 -5.507461
v -1.344473 7.717748 -5.282461
v -1.303417 7.924147 -5.507461
v -1.303417 7.924147 -5.282461
v -1.186502 8.099123 -5.507461
v -1.186502 8.099123 -5.282461
v -1.011525 8.216039 -5.507461
v -1.011525 8.216039 -5.282461
v -0.805126 8.392748 -5.507461
v -0.805126 8.392748 -5.282461
v -0.546814 8.341367 -5.507461
v -0.546814 8.341366 -5.282461
v -0.327829 8.195045 -5.507461
v -0.327829 8.195045 -5.282461
v -0.181507 7.976059 -5.507461
v -0.181507 7.976059 -5.282461
v -0.130126 7.717748 -5.507461
v -0.130126 7.717748 -5.282461
v -0.181507 7.459436 -5.507461
v -0.181507 7.459436 -5.282461
v -0.327829 7.240450 -5.507461
v -0.327829 7.240450 -5.282461
v -0.546814 7.094129 -5.507461
v -0.546814 7.094129 -5.282461
v -0.805126 7.042747 -5.507461
v -0.805126 7.042747 -5.282461
v -1.063437 7.094129 -5.507461
v -1.063437 7.094129 -5.282461
v -1.282423 7.240450 -5.507461
v -1.282423 7.240450 -5.282461
v -1.428744 7.459436 -5.507461
v -1.428744 7.459436 -5.282461
v -1.480126 7.717748 -5.507461
v -1.480126 7.717748 -5.282461
v -1.428744 7.976059 -5.507461
v -1.428744 7.976059 -5.282461
v -1.282423 8.195045 -5.507461
v -1.282423 8.195045 -5.282461
v -1.063437 8.341367 -5.507461
v -1.063437 8.341366 -5.282461
v -0.805126 7.933003 -6.027143
v -0.805126 7.717744 -6.069961
v -0.805126 7.502485 -6.027143
v -0.805126 7.198061 -5.722720
v -0.722749 8.237427 -5.706335
v -0.652914 8.115492 -5.874932
v -0.606252 7.933003 -5.987585
v -0.589866 7.717744 -6.027143
v -0.606252 7.502485 -5.987585
v -0.652914 7.319996 -5.874932
v -0.722749 7.198061 -5.706335
v -0.652914 8.237427 -5.659672
v -0.523876 8.115492 -5.788711
v -0.437655 7.933003 -5.874932
v -0.407378 7.717744 -5.905209
v -0.437655 7.502485 -5.874932
v -0.523876 7.319996 -5.788711
v -0.652914 7.198061 -5.659672
v -0.606252 8.237427 -5.589837
v -0.437655 8.115492 -5.659672
v -0.325002 7.933003 -5.706335
v -0.285443 7.717744 -5.722720
v -0.325002 7.502485 -5.706335
v -0.437655 7.319996 -5.659672
v -0.606252 7.198061 -5.589837
v -0.589866 8.237427 -5.507461
v -0.407378 8.115492 -5.507461
v -0.285444 7.933003 -5.507461
v -0.242625 7.717744 -5.507461
v -0.285444 7.502485 -5.507461
v -0.407378 7.319996 -5.507461
v -0.589866 7.198061 -5.507461
v -0.606252 8.237427 -5.425085
v -0.437655 8.115492 -5.355249
v -0.325002 7.933003 -5.308587
v -0.285444 7.717744 -5.292201
v -0.325002 7.502485 -5.308587
v -0.437655 7.319996 -5.355249
v -0.606252 7.198061 -5.425085
v -0.652914 8.237427 -5.355249
v -0.523876 8.115492 -5.226211
v -0.437655 7.933003 -5.139990
v -0.407378 7.717744 -5.109713
v -0.437655 7.502484 -5.139990
v -0.523876 7.319996 -5.226211
v -0.652914 7.198061 -5.355249
v -0.722749 8.237427 -5.308587
v -0.652914 8.115492 -5.139990
v -0.606252 7.933003 -5.027337
v -0.589866 7.717744 -4.987779
v -0.606252 7.502484 -5.027337
v -0.652914 7.319996 -5.139990
v -0.722749 7.198061 -5.308587
v -0.805126 8.237427 -5.292202
v -0.805126 8.115492 -5.109714
v -0.805126 7.933003 -4.987779
v -0.805126 7.717744 -4.944961
v -0.805126 7.502484 -4.987779
v -0.805126 7.319996 -5.109714
v -0.805126 7.198061 -5.292202
v -0.805126 7.155244 -5.507461
v -0.805126 8.280244 -5.507461
v -0.887502 8.237427 -5.308587
v -0.957337 8.115492 -5.139990
v -1.003999 7.933003 -5.027338
v -1.020385 7.717744 -4.987779
v -1.003999 7.502484 -5.027338
v -0.957337 7.319996 -5.139990
v -0.887502 7.198061 -5.308587
v -0.957337 8.237427 -5.355249
v -1.086376 8.115492 -5.226211
v -1.172596 7.933003 -5.139990
v -1.202873 7.717744 -5.109714
v -1.172596 7.502484 -5.139990
v -1.086376 7.319996 -5.226211
v -0.957337 7.198061 -5.355249
v -1.003999 8.237427 -5.425085
v -1.172596 8.115492 -5.355250
v -1.285249 7.933003 -5.308587
v -1.324808 7.717744 -5.292202
v -1.285249 7.502485 -5.308587
v -1.172596 7.319996 -5.355249
v -1.003999 7.198061 -5.425085
v -1.020385 8.237427 -5.507461
v -1.202873 8.115492 -5.507461
v -1.324808 7.933003 -5.507461
v -1.367626 7.717744 -5.507461
v -1.324808 7.502485 -5.507461
v -1.202873 7.319996 -5.507461
v -1.020385 7.198061 -5.507461
v -1.003999 8.237427 -5.589837
v -1.172596 8.115492 -5.659672
v -1.285249 7.933003 -5.706335
v -1.324808 7.717744 -5.722721
v -1.285249 7.502485 -5.706335
v -1.172596 7.319996 -5.659672
v -1.003999 7.198061 -5.589837
v -0.957337 8.237427 -5.659672
v -1.086375 8.115492 -5.788711
v -1.172596 7.933003 -5.874932
v -1.202873 7.717744 -5.905209
v -1.172596 7.502485 -5.874932
v -1.086375 7.319996 -5.788711
v -0.957337 7.198061 -5.659672
v -0.887502 8.237427 -5.706335
v -0.957337 8.115492 -5.874932
v -1.003999 7.933003 -5.987585
v -1.020385 7.717744 -6.027143
v -1.003999 7.502485 -5.987585
v -0.957337 7.319996 -5.874932
v -0.887502 7.198061 -5.706335
v -0.805125 8.237427 -5.722720
v -0.805125 8.115492 -5.905208
v -0.805125 7.319996 -5.905208
vn 0.5556 0.8315 -0.0000
vn 0.8315 0.5556 -0.0000
vn 0.9808 0.1951 -0.0000
vn 0.9808 -0.1951 -0.0000
vn 0.8315 -0.5556 -0.0000
vn 0.5556 -0.8315 -0.0000
vn 0.1951 -0.9808 -0.0000
vn -0.1951 -0.9808 -0.0000
vn -0.5556 -0.8315 -0.0000
vn -0.8315 -0.5556 -0.0000
vn -0.9808 -0.1951 -0.0000
vn -0.9808 0.1951 -0.0000
vn -0.8315 0.5556 -0.0000
vn -0.5556 0.8315 -0.0000
vn -0.1951 0.9808 -0.0000
vn -0.0000 -0.0000 -1.0000
vn -0.0000 -0.0000 1.0000
vn 0.1951 0.9808 -0.0000
vn 0.1915 0.1915 -0.9626
vn 0.1098 0.8264 -0.5522
vn 0.1098 -0.8264 -0.5522
vn 0.1915 -0.1915 -0.9626
vn 0.1632 0.5481 -0.8203
vn 0.0388 0.9800 -0.1949
vn 0.0388 -0.9800 -0.1949
vn 0.1632 -0.5481 -0.8203
vn 0.3128 -0.8264 -0.4681
vn 0.5453 -0.1915 -0.8161
vn 0.4647 0.5481 -0.6954
vn 0.1104 0.9800 -0.1653
vn 0.1104 -0.9800 -0.1653
vn 0.4647 -0.5481 -0.6954
vn 0.5453 0.1915 -0.8161
vn 0.3128 0.8264 -0.4681
vn 0.1653 0.9800 -0.1104
vn 0.1653 -0.9800 -0.1104
vn 0.6954 -0.5481 -0.4647
vn 0.8161 0.1915 -0.5453
vn 0.4681 0.8264 -0.3128
vn 0.4681 -0.8264 -0.3128
vn 0.8161 -0.1915 -0.5453
vn 0.6954 0.5481 -0.4647
vn 0.8203 -0.5481 -0.1632
vn 0.9626 0.1915 -0.1915
vn 0.5522 0.8264 -0.1098
vn 0.5522 -0.8264 -0.1098
vn 0.9626 -0.1915 -0.1915
vn 0.8203 0.5481 -0.1632
vn 0.1949 0.9800 -0.0388
vn 0.1949 -0.9800 -0.0388
vn 0.5522 -0.8264 0.1098
vn 0.9626 -0.1915 0.1915
vn 0.8203 0.5481 0.1632
vn 0.1949 0.9800 0.0388
vn 0.1949 -0.9800 0.0388
vn 0.8203 -0.5481 0.1632
vn 0.9626 0.1915 0.1915
vn 0.5522 0.8264 0.1098
vn 0.8161 -0.1915 0.5453
vn 0.6954 0.5481 0.4647
vn 0.1653 0.9800 0.1104
vn 0.1653 -0.9800 0.1104
vn 0.6954 -0.5481 0.4647
vn 0.8161 0.1915 0.5453
vn 0.4681 0.8264 0.3128
vn 0.4681 -0.8264 0.3128
vn 0.1104 -0.9800 0.1653
vn 0.4647 -0.5481 0.6954
vn 0.5453 0.1915 0.8161
vn 0.3128 0.8264 0.4681
vn 0.3128 -0.8264 0.4681
vn 0.5453 -0.1915 0.8161
vn 0.4647 0.5481 0.6954
vn 0.1104 0.9800 0.1653
vn 0.1915 0.1915 0.9626
vn 0.1098 0.8264 0.5522
vn 0.1098 -0.8264 0.5522
vn 0.1915 -0.1915 0.9626
vn 0.1632 0.5481 0.8203
vn 0.0388 0.9800 0.1949
vn 0.0388 -0.9800 0.1949
vn 0.1632 -0.5481 0.8203
vn -0.1098 -0.8264 0.5522
vn -0.1915 -0.1915 0.9626
vn -0.1632 0.5481 0.8203
vn -0.0388 0.9800 0.1949
vn -0.0388 -0.9800 0.1949
vn -0.1632 -0.5481 0.8203
vn -0.1915 0.1915 0.9626
vn -0.1098 0.8264 0.5522
vn -0.4647 0.5481 0.6954
vn -0.1104 0.9800 0.1653
vn -0.1104 -0.9800 0.1653
vn -0.4647 -0.5481 0.6954
vn -0.5453 0.1915 0.8161
vn -0.3128 0.8264 0.4681
vn -0.3128 -0.8264 0.4681
vn -0.5453 -0.1915 0.8161
vn -0.1653 -0.9800 0.1104
vn -0.6954 -0.5481 0.4647
vn -0.8161 0.1915 0.5453
vn -0.4681 0.8264 0.3128
vn -0.4681 -0.8264 0.3128
vn -0.8161 -0.1915 0.5453
vn -0.6954 0.5481 0.4647
vn -0.1653 0.9800 0.1104
vn -0.5522 0.8264 0.1098
vn -0.5522 -0.8264 0.1098
vn -0.9626 -0.1915 0.1915
vn -0.8203 0.5481 0.1632
vn -0.1949 0.9800 0.0388
vn -0.1949 -0.9800 0.0388
vn -0.8203 -0.5481 0.1632
vn -0.9626 0.1915 0.1915
vn -0.5522 -0.8264 -0.1098
vn -0.9626 -0.1915 -0.1915
vn -0.8203 0.5481 -0.1632
vn -0.1949 0.9800 -0.0388
vn -0.1949 -0.9800 -0.0388
vn -0.8203 -0.5481 -0.1632
vn -0.9626 0.1915 -0.1915
vn -0.5522 0.8264 -0.1098
vn -0.1653 0.9800 -0.1104
vn -0.1653 -0.9800 -0.1104
vn -0.6954 -0.5481 -0.4647
vn -0.8161 0.1915 -0.5453
vn -0.4681 0.8264 -0.3128
vn -0.4681 -0.8264 -0.3128
vn -0.8161 -0.1915 -0.5453
vn -0.6954 0.5481 -0.4647
vn -0.4647 -0.5481 -0.6954
vn -0.5453 0.1915 -0.8161
vn -0.3128 0.8264 -0.4681
vn -0.3128 -0.8264 -0.4681
vn -0.5453 -0.1915 -0.8161
vn -0.4647 0.5481 -0.6954
vn -0.1104 0.9800 -0.1653
vn -0.1104 -0.9800 -0.1653
vn -0.1098 -0.8264 -0.5522
vn -0.1915 -0.1915 -0.9626
vn -0.1632 0.5481 -0.8203
vn -0.0388 0.9800 -0.1949
vn -0.0388 -0.9800 -0.1949
vn -0.1632 -0.5481 -0.8203
vn -0.1915 0.1915 -0.9626
vn -0.1098 0.8264 -0.5522
vt 0.812018 0.836820
vt 0.812018 0.765095
vt 0.879936 0.765095
vt 0.879936 0.836820
vt 0.879936 0.482498
vt 0.879936 0.538695
vt 0.812017 0.538695
vt 0.812017 0.482498
vt 0.879936 0.612134
vt 0.812017 0.612134
vt 0.879936 0.691635
vt 0.812017 0.691635
vt 0.879936 0.765095
vt 0.812017 0.765095
vt 0.879936 0.767708
vt 0.879936 0.708577
vt 0.947854 0.708577
vt 0.947854 0.767708
vt 0.879936 0.633611
vt 0.947854 0.633611
vt 0.879936 0.554223
vt 0.947854 0.554223
vt 0.879936 0.482498
vt 0.947854 0.482498
vt 0.744099 0.765095
vt 0.744099 0.708899
vt 0.812017 0.708899
vt 0.744099 0.635460
vt 0.812017 0.635460
vt 0.744099 0.555958
vt 0.812017 0.555958
vt 0.744099 0.482498
vt 0.812017 0.482498
vt 0.467599 0.782651
vt 0.467599 0.841782
vt 0.399680 0.841782
vt 0.399680 0.782651
vt 0.467599 0.916748
vt 0.399680 0.916748
vt 0.603436 0.889799
vt 0.535517 0.889799
vt 0.535517 0.842551
vt 0.603436 0.842551
vt 0.040161 0.231602
vt 0.064471 0.290291
vt 0.030424 0.313041
vt 0.000000 0.239591
vt 0.040161 0.631283
vt 0.064471 0.689971
vt 0.030424 0.712721
vt -0.000000 0.639271
vt 0.040161 0.168078
vt 0.000000 0.160090
vt 0.109389 0.734890
vt 0.086640 0.768937
vt 0.064471 0.109389
vt 0.030424 0.086640
vt 0.168078 0.759199
vt 0.160089 0.799361
vt 0.109389 0.064471
vt 0.086640 0.030424
vt 0.231602 0.759199
vt 0.239591 0.799361
vt 0.168078 0.040161
vt 0.160089 0.000000
vt 0.290291 0.734890
vt 0.313041 0.768937
vt 0.231602 0.040161
vt 0.239591 0.000000
vt 0.335209 0.689971
vt 0.369256 0.712721
vt 0.290291 0.064471
vt 0.313041 0.030424
vt 0.359519 0.631283
vt 0.399680 0.639271
vt 0.335209 0.109389
vt 0.369256 0.086640
vt 0.359519 0.567758
vt 0.399680 0.559770
vt 0.359519 0.168078
vt 0.399680 0.160089
vt 0.335209 0.509070
vt 0.369256 0.486320
vt 0.359519 0.231602
vt 0.399680 0.239591
vt 0.290291 0.464151
vt 0.313040 0.430104
vt 0.335209 0.290291
vt 0.369256 0.313040
vt 0.231602 0.439842
vt 0.239591 0.399680
vt 0.290291 0.335209
vt 0.313041 0.369256
vt 0.168078 0.439842
vt 0.160089 0.399680
vt 0.231602 0.359519
vt 0.239591 0.399680
vt 0.109389 0.464151
vt 0.086640 0.430104
vt 0.168078 0.359519
vt 0.160090 0.399680
vt 0.064471 0.509070
vt 0.030424 0.486320
vt 0.109389 0.335209
vt 0.086640 0.369256
vt 0.040161 0.567758
vt -0.000000 0.559770
vt 0.603436 0.782651
vt 0.535517 0.782651
vt 0.744099 0.769087
vt 0.676181 0.769087
vt 0.676181 0.710390
vt 0.744099 0.710390
vt 0.744099 0.832611
vt 0.676181 0.832611
vt 0.744099 0.891291
vt 0.676181 0.891291
vt 0.744099 0.936194
vt 0.676181 0.936194
vt 0.744099 0.539808
vt 0.676181 0.539808
vt 0.676181 0.482498
vt 0.744099 0.482498
vt 0.744099 0.603242
vt 0.676181 0.603242
vt 0.744099 0.663143
vt 0.676181 0.663143
vt 0.744099 0.710390
vt 0.676181 0.710390
vt 0.744099 0.932202
vt 0.812017 0.932202
vt 0.812017 0.990899
vt 0.744099 0.990899
vt 0.744099 0.868678
vt 0.812017 0.868678
vt 0.744099 0.809998
vt 0.812017 0.809998
vt 0.744099 0.765095
vt 0.812017 0.765095
vt 0.467599 0.846085
vt 0.535517 0.846085
vt 0.535517 0.903395
vt 0.467599 0.903395
vt 0.467599 0.782651
vt 0.535517 0.782651
vt 0.759872 0.362434
vt 0.759872 0.427412
vt 0.699840 0.427412
vt 0.694894 0.362434
vt 0.639808 0.421443
vt 0.584722 0.426691
vt 0.579776 0.402079
vt 0.630669 0.375966
vt 0.454766 0.113590
vt 0.399680 0.118837
vt 0.408820 0.073360
vt 0.459712 0.088978
vt 0.759872 0.297456
vt 0.699840 0.297456
vt 0.759872 0.482498
vt 0.713926 0.482498
vt 0.519744 0.428534
vt 0.519744 0.111747
vt 0.759872 0.242370
vt 0.713926 0.242370
vt 0.434846 0.034807
vt 0.473798 0.068113
vt 0.639808 0.362434
vt 0.648947 0.297456
vt 0.674974 0.482498
vt 0.648947 0.427412
vt 0.565691 0.381214
vt 0.674974 0.242370
vt 0.604642 0.337413
vt 0.544610 0.367272
vt 0.494878 0.054171
vt 0.434846 0.782651
vt 0.408820 0.723541
vt 0.459712 0.716895
vt 0.473798 0.777565
vt 0.399680 0.658030
vt 0.408820 0.596091
vt 0.459712 0.589445
vt 0.454766 0.650837
vt 0.565691 0.311652
vt 0.473798 0.009046
vt 0.630669 0.303799
vt 0.579776 0.270140
vt 0.519744 0.714562
vt 0.519744 0.775779
vt 0.519744 0.587111
vt 0.519744 0.648311
vt 0.519744 0.362376
vt 0.519744 0.302606
vt 0.519744 -0.000000
vt 0.519744 0.049276
vt 0.473798 0.542067
vt 0.519744 0.540281
vt 0.565691 0.009046
vt 0.544610 0.054171
vt 0.584722 0.650837
vt 0.579776 0.716895
vt 0.565691 0.542067
vt 0.579776 0.589445
vt 0.494878 0.367272
vt 0.565691 0.777565
vt 0.473798 0.311652
vt 0.639808 0.658030
vt 0.630669 0.723541
vt 0.459712 0.270140
vt 0.434846 0.337413
vt 0.408820 0.303798
vt 0.473798 0.381214
vt 0.565691 0.068113
vt 0.604642 0.782651
vt 0.630669 0.596091
vt 0.604642 0.034807
vt 0.579776 0.088978
vt 0.964834 0.000000
vt 0.990861 0.055086
vt 0.939968 0.055086
vt 0.925883 0.000000
vt 1.000000 0.120064
vt 0.990861 0.185042
vt 0.939968 0.185042
vt 0.944914 0.120064
vt 0.459712 0.402079
vt 0.408820 0.375966
vt 0.630669 0.073360
vt 0.964834 0.240128
vt 0.925883 0.240128
vt 0.879936 0.185042
vt 0.879936 0.120064
vt 0.454766 0.426691
vt 0.399680 0.421443
vt 0.639808 0.118838
vt 0.584722 0.113590
vt 0.879936 0.055086
vt 0.879936 0.240128
vt 0.879936 0.000000
vt 0.630669 0.164315
vt 0.579776 0.138202
vt 1.000000 0.295214
vt 1.000000 0.360192
vt 0.935022 0.360192
vt 0.939968 0.295214
vt 1.000000 0.425170
vt 1.000000 0.480256
vt 0.954054 0.480256
vt 0.939968 0.425170
vt 0.459712 0.451303
vt 1.000000 0.240128
vt 0.954054 0.240128
vt 0.408820 0.466921
vt 0.915102 0.480256
vt 0.889075 0.425170
vt 0.473798 0.472168
vt 0.565691 0.159067
vt 0.889075 0.295214
vt 0.915102 0.240128
vt 0.879936 0.360192
vt 0.434846 0.505474
vt 0.604642 0.202868
vt 0.544610 0.173009
vt 0.630669 0.236482
vt 0.579776 0.270140
vt 0.565691 0.228629
vt 0.879936 0.117749
vt 0.870797 0.183260
vt 0.819904 0.176614
vt 0.824850 0.110556
vt 0.494878 0.486110
vt 0.473798 0.531235
vt 0.870797 0.055810
vt 0.819904 0.049164
vt 0.844770 0.242370
vt 0.805818 0.237284
vt 0.519744 0.491005
vt 0.519744 0.540281
vt 0.519744 0.237675
vt 0.519744 0.177904
vt 0.759872 0.108030
vt 0.759872 0.046830
vt 0.759872 0.235498
vt 0.759872 0.174281
vt 0.805819 0.001786
vt 0.759872 -0.000000
vt 0.473798 0.228629
vt 0.494878 0.173009
vt 0.694894 0.110556
vt 0.699840 0.049164
vt 0.713926 0.237284
vt 0.699840 0.176614
vt 0.544610 0.486110
vt 0.713926 0.001786
vt 0.565691 0.531235
vt 0.565691 0.472168
vt 0.473798 0.159067
vt 0.459712 0.270140
vt 0.408820 0.236482
vt 0.434846 0.202868
vt 0.648947 0.183260
vt 0.639808 0.117749
vt 0.604642 0.505474
vt 0.648947 0.055810
vt 0.674974 0.242370
vt 0.844770 0.242370
vt 0.870797 0.297456
vt 0.819904 0.297456
vt 0.805818 0.242370
vt 0.879936 0.362434
vt 0.870797 0.427412
vt 0.819904 0.427412
vt 0.824850 0.362434
vt 0.579776 0.451303
vt 0.630669 0.466921
vt 0.408820 0.164315
vt 0.459712 0.138202
vt 0.844770 0.482498
vt 0.805818 0.482498
vt 0.812018 0.916208
vt 0.879936 0.916208
s 0
usemtl Dark_Metal
f 36/1/1 38/2/1 37/3/1 35/4/1
f 38/5/2 40/6/2 39/7/2 37/8/2
f 40/6/3 42/9/3 41/10/3 39/7/3
f 42/9/4 44/11/4 43/12/4 41/10/4
f 44/11/5 46/13/5 45/14/5 43/12/5
f 46/15/6 48/16/6 47/17/6 45/18/6
f 48/16/7 50/19/7 49/20/7 47/17/7
f 50/19/8 52/21/8 51/22/8 49/20/8
f 52/21/9 54/23/9 53/24/9 51/22/9
f 54/25/10 56/26/10 55/27/10 53/14/10
f 56/26/11 58/28/11 57/29/11 55/27/11
f 58/28/12 60/30/12 59/31/12 57/29/12
f 60/30/13 62/32/13 61/33/13 59/31/13
f 62/34/14 64/35/14 63/36/14 61/37/14
f 64/35/15 34/38/15 33/39/15 63/36/15
f 30/40/6 29/41/6 31/42/6 32/43/6
f 3/44/16 1/45/16 33/46/16 35/47/16
f 2/48/17 4/49/17 36/50/17 34/51/17
f 5/52/16 3/44/16 35/47/16 37/53/16
f 4/49/17 6/54/17 38/55/17 36/50/17
f 7/56/16 5/52/16 37/53/16 39/57/16
f 6/54/17 8/58/17 40/59/17 38/55/17
f 9/60/16 7/56/16 39/57/16 41/61/16
f 8/58/17 10/62/17 42/63/17 40/59/17
f 11/64/16 9/60/16 41/61/16 43/65/16
f 10/62/17 12/66/17 44/67/17 42/63/17
f 13/68/16 11/64/16 43/65/16 45/69/16
f 12/66/17 14/70/17 46/71/17 44/67/17
f 15/72/16 13/68/16 45/69/16 47/73/16
f 14/70/17 16/74/17 48/75/17 46/71/17
f 17/76/16 15/72/16 47/73/16 49/77/16
f 16/74/17 18/78/17 50/79/17 48/75/17
f 19/80/16 17/76/16 49/77/16 51/81/16
f 18/78/17 20/82/17 52/83/17 50/79/17
f 21/84/16 19/80/16 51/81/16 53/85/16
f 20/82/17 22/86/17 54/87/17 52/83/17
f 23/88/16 21/84/16 53/85/16 55/89/16
f 22/86/17 24/90/17 56/91/17 54/87/17
f 25/92/16 23/88/16 55/89/16 57/93/16
f 24/90/17 26/94/17 58/95/17 56/91/17
f 27/96/16 25/92/16 57/93/16 59/97/16
f 26/94/17 28/98/17 60/99/17 58/95/17
f 29/100/16 27/96/16 59/97/16 61/101/16
f 28/98/17 30/102/17 62/103/17 60/99/17
f 31/104/16 29/100/16 61/101/16 63/105/16
f 30/102/17 32/106/17 64/107/17 62/103/17
f 1/45/16 31/104/16 63/105/16 33/46/16
f 32/106/17 2/48/17 34/51/17 64/107/17
f 2/108/7 32/43/7 31/42/7 1/109/7
f 28/110/5 27/111/5 29/112/5 30/113/5
f 26/114/4 25/115/4 27/111/4 28/110/4
f 24/116/3 23/117/3 25/115/3 26/114/3
f 22/118/2 21/119/2 23/117/2 24/116/2
f 20/120/1 19/121/1 21/122/1 22/123/1
f 18/124/18 17/125/18 19/121/18 20/120/18
f 16/126/15 15/127/15 17/125/15 18/124/15
f 14/128/14 13/129/14 15/127/14 16/126/14
f 12/130/13 11/131/13 13/132/13 14/133/13
f 10/134/12 9/135/12 11/131/12 12/130/12
f 8/136/11 7/137/11 9/135/11 10/134/11
f 6/138/10 5/139/10 7/137/10 8/136/10
f 4/140/9 3/141/9 5/142/9 6/143/9
f 2/144/8 1/145/8 3/141/8 4/140/8
f 34/321/18 36/1/18 35/4/18 33/322/18
usemtl Dark_Glass
f 66/146/19 65/147/19 71/148/19 72/149/19
f 177/150/20 176/151/20 69/152/20 70/153/20
f 68/154/21 178/155/21 74/156/21 75/157/21
f 67/158/22 66/146/22 72/149/22 73/159/22
f 65/147/23 177/160/23 70/161/23 71/148/23
f 176/151/24 126/162/24 69/152/24
f 125/163/25 68/154/25 75/157/25
f 178/164/26 67/158/26 73/159/26 74/165/26
f 75/157/27 74/156/27 81/166/27 82/167/27
f 73/159/28 72/149/28 79/168/28 80/169/28
f 71/148/29 70/161/29 77/170/29 78/171/29
f 69/152/30 126/162/30 76/172/30
f 125/163/31 75/157/31 82/167/31
f 74/165/32 73/159/32 80/169/32 81/173/32
f 72/149/33 71/148/33 78/171/33 79/168/33
f 70/153/34 69/152/34 76/172/34 77/174/34
f 76/172/35 126/162/35 83/175/35
f 125/163/36 82/167/36 89/176/36
f 81/177/37 80/178/37 87/179/37 88/180/37
f 79/181/38 78/182/38 85/183/38 86/184/38
f 77/174/39 76/172/39 83/175/39 84/185/39
f 82/167/40 81/166/40 88/186/40 89/176/40
f 80/178/41 79/181/41 86/184/41 87/179/41
f 78/187/42 77/174/42 84/185/42 85/188/42
f 88/180/43 87/179/43 94/189/43 95/190/43
f 86/184/44 85/183/44 92/191/44 93/192/44
f 84/185/45 83/175/45 90/193/45 91/194/45
f 89/176/46 88/186/46 95/195/46 96/196/46
f 87/179/47 86/184/47 93/192/47 94/189/47
f 85/183/48 84/197/48 91/198/48 92/191/48
f 83/175/49 126/162/49 90/193/49
f 125/163/50 89/176/50 96/196/50
f 96/196/51 95/195/51 102/199/51 103/200/51
f 94/189/52 93/192/52 100/201/52 101/202/52
f 92/191/53 91/198/53 98/203/53 99/204/53
f 90/193/54 126/162/54 97/205/54
f 125/163/55 96/196/55 103/200/55
f 95/190/56 94/189/56 101/202/56 102/206/56
f 93/192/57 92/191/57 99/204/57 100/201/57
f 91/194/58 90/193/58 97/205/58 98/207/58
f 101/202/59 100/201/59 107/208/59 108/209/59
f 99/210/60 98/207/60 105/211/60 106/212/60
f 97/205/61 126/162/61 104/213/61
f 125/163/62 103/200/62 110/214/62
f 102/206/63 101/202/63 108/209/63 109/215/63
f 100/201/64 99/204/64 106/216/64 107/208/64
f 98/207/65 97/205/65 104/213/65 105/211/65
f 103/200/66 102/199/66 109/217/66 110/214/66
f 125/163/67 110/214/67 117/218/67
f 109/219/68 108/220/68 115/221/68 116/222/68
f 107/223/69 106/224/69 113/225/69 114/226/69
f 105/211/70 104/213/70 111/227/70 112/228/70
f 110/214/71 109/217/71 116/229/71 117/218/71
f 108/220/72 107/223/72 114/226/72 115/221/72
f 106/224/73 105/230/73 112/231/73 113/225/73
f 104/213/74 126/162/74 111/227/74
f 114/226/75 113/225/75 120/232/75 121/233/75
f 112/228/76 111/227/76 118/234/76 119/235/76
f 117/218/77 116/229/77 123/236/77 124/237/77
f 115/221/78 114/226/78 121/233/78 122/238/78
f 113/225/79 112/231/79 119/239/79 120/232/79
f 111/227/80 126/162/80 118/234/80
f 125/163/81 117/218/81 124/237/81
f 116/222/82 115/221/82 122/238/82 123/240/82
f 124/237/83 123/236/83 132/241/83 133/242/83
f 122/243/84 121/244/84 130/245/84 131/246/84
f 120/247/85 119/248/85 128/249/85 129/250/85
f 118/234/86 126/162/86 127/251/86
f 125/163/87 124/237/87 133/242/87
f 123/252/88 122/243/88 131/246/88 132/253/88
f 121/244/89 120/247/89 129/250/89 130/245/89
f 119/235/90 118/234/90 127/251/90 128/254/90
f 129/250/91 128/249/91 135/255/91 136/256/91
f 127/251/92 126/162/92 134/257/92
f 125/163/93 133/242/93 140/258/93
f 132/253/94 131/246/94 138/259/94 139/260/94
f 130/245/95 129/250/95 136/256/95 137/261/95
f 128/254/96 127/251/96 134/257/96 135/262/96
f 133/242/97 132/241/97 139/263/97 140/258/97
f 131/246/98 130/245/98 137/261/98 138/259/98
f 125/163/99 140/258/99 147/264/99
f 139/263/100 138/265/100 145/266/100 146/267/100
f 137/268/101 136/269/101 143/270/101 144/271/101
f 135/262/102 134/257/102 141/272/102 142/273/102
f 140/258/103 139/263/103 146/267/103 147/264/103
f 138/274/104 137/268/104 144/271/104 145/275/104
f 136/269/105 135/276/105 142/277/105 143/270/105
f 134/257/106 126/162/106 141/272/106
f 142/273/107 141/272/107 148/278/107 149/279/107
f 147/264/108 146/267/108 153/280/108 154/281/108
f 145/275/109 144/271/109 151/282/109 152/283/109
f 143/270/110 142/277/110 149/284/110 150/285/110
f 141/272/111 126/162/111 148/278/111
f 125/163/112 147/264/112 154/281/112
f 146/286/113 145/275/113 152/283/113 153/287/113
f 144/271/114 143/270/114 150/285/114 151/282/114
f 154/281/115 153/280/115 160/288/115 161/289/115
f 152/283/116 151/282/116 158/290/116 159/291/116
f 150/285/117 149/284/117 156/292/117 157/293/117
f 148/278/118 126/162/118 155/294/118
f 125/163/119 154/281/119 161/289/119
f 153/287/120 152/283/120 159/291/120 160/295/120
f 151/282/121 150/285/121 157/293/121 158/290/121
f 149/279/122 148/278/122 155/294/122 156/296/122
f 155/294/123 126/162/123 162/297/123
f 125/163/124 161/289/124 168/298/124
f 160/288/125 159/299/125 166/300/125 167/301/125
f 158/290/126 157/293/126 164/302/126 165/303/126
f 156/296/127 155/294/127 162/297/127 163/304/127
f 161/289/128 160/288/128 167/301/128 168/298/128
f 159/291/129 158/290/129 165/303/129 166/305/129
f 157/293/130 156/292/130 163/306/130 164/302/130
f 167/307/131 166/308/131 173/309/131 174/310/131
f 165/311/132 164/312/132 171/313/132 172/314/132
f 163/304/133 162/297/133 169/315/133 170/316/133
f 168/298/134 167/301/134 174/317/134 175/318/134
f 166/308/135 165/311/135 172/314/135 173/309/135
f 164/312/136 163/319/136 170/320/136 171/313/136
f 162/297/137 126/162/137 169/315/137
f 125/163/138 168/298/138 175/318/138
f 175/318/139 174/317/139 178/155/139 68/154/139
f 173/309/140 172/314/140 66/146/140 67/158/140
f 171/313/141 170/320/141 177/160/141 65/147/141
f 169/315/142 126/162/142 176/151/142
f 125/163/143 175/318/143 68/154/143
f 174/310/144 173/309/144 67/158/144 178/164/144
f 172/314/145 171/313/145 65/147/145 66/146/145
f 170/316/146 169/315/146 176/151/146 177/150/146
o sensor_3
v 0.673250 8.285729 -5.508774
v 0.757759 8.250725 -5.508774
v 0.792765 8.166215 -5.508774
v 0.757759 8.081705 -5.508774
v 0.673250 8.046700 -5.508774
v 0.588740 8.081705 -5.508774
v 0.553735 8.166215 -5.508774
v 0.588740 8.250725 -5.508774
v 0.673250 8.415505 -5.508774
v 0.673250 8.415505 -5.306275
v 0.849525 8.342490 -5.508774
v 0.849525 8.342490 -5.306275
v 0.922540 8.166215 -5.508774
v 0.922540 8.166215 -5.306275
v 0.849525 7.989940 -5.508774
v 0.849525 7.989940 -5.306275
v 0.673250 7.916924 -5.508774
v 0.673250 7.916924 -5.306275
v 0.496975 7.989940 -5.508774
v 0.496975 7.989940 -5.306275
v 0.423959 8.166215 -5.508774
v 0.423959 8.166215 -5.306275
v 0.496975 8.342490 -5.508774
v 0.496975 8.342490 -5.306275
v 0.707000 8.213945 -5.452525
v 0.720980 8.166216 -5.466504
v 0.707000 8.118486 -5.452525
v 0.720980 8.213945 -5.418775
v 0.740750 8.166216 -5.418775
v 0.720980 8.118486 -5.418775
v 0.707000 8.213945 -5.385025
v 0.720980 8.166216 -5.371045
v 0.707000 8.118486 -5.385025
v 0.673250 8.213945 -5.371045
v 0.673250 8.166216 -5.351274
v 0.673250 8.118486 -5.371045
v 0.639500 8.213945 -5.385025
v 0.625520 8.166216 -5.371045
v 0.639500 8.118486 -5.385025
v 0.673250 8.098716 -5.418775
v 0.625520 8.213945 -5.418775
v 0.605750 8.166216 -5.418775
v 0.625520 8.118486 -5.418775
v 0.639500 8.213945 -5.452525
v 0.625520 8.166216 -5.466504
v 0.639500 8.118486 -5.452525
v 0.673250 8.233716 -5.418775
v 0.673250 8.213945 -5.466504
v 0.673250 8.166216 -5.486274
v 0.673250 8.118486 -5.466504
v 0.837782 8.213945 -5.452525
v 0.851761 8.166216 -5.466504
v 0.837782 8.118486 -5.452525
v 0.851761 8.213945 -5.418775
v 0.871532 8.166216 -5.418775
v 0.851761 8.118486 -5.418775
v 0.837782 8.213945 -5.385025
v 0.851761 8.166216 -5.371045
v 0.837782 8.118486 -5.385025
v 0.804032 8.118486 -5.371045
v 0.756302 8.166216 -5.371045
v 0.804032 8.098716 -5.418775
v 0.756302 8.213945 -5.418775
v 0.736531 8.166216 -5.418775
v 0.756302 8.118486 -5.418775
v 0.770282 8.213945 -5.452525
v 0.756302 8.166216 -5.466504
v 0.770282 8.118486 -5.452525
v 0.804032 8.233716 -5.418775
v 0.804032 8.213945 -5.466504
v 0.804032 8.166216 -5.486274
v 0.678699 8.337443 -5.452525
v 0.728412 8.335989 -5.466504
v 0.769486 8.307944 -5.452525
v 0.683019 8.350739 -5.418775
v 0.734522 8.354793 -5.418775
v 0.773806 8.321240 -5.418775
v 0.678699 8.337443 -5.385025
v 0.728412 8.335989 -5.371045
v 0.769486 8.307944 -5.385025
v 0.668269 8.305345 -5.371045
v 0.713663 8.290596 -5.351274
v 0.759057 8.275846 -5.371045
v 0.657840 8.273247 -5.385025
v 0.698914 8.245202 -5.371045
v 0.748627 8.243748 -5.385025
v 0.777859 8.269737 -5.418775
v 0.653520 8.259952 -5.418775
v 0.692804 8.226399 -5.418775
v 0.744307 8.230453 -5.418775
v 0.657840 8.273247 -5.452525
v 0.698914 8.245202 -5.466504
v 0.748627 8.243748 -5.452525
v 0.649467 8.311455 -5.418775
v 0.668269 8.305345 -5.466504
v 0.713663 8.290596 -5.486274
v 0.759057 8.275846 -5.466504
v 0.512086 8.224309 -5.452525
v 0.528831 8.271140 -5.466504
v 0.568195 8.301538 -5.452525
v 0.500776 8.232526 -5.418775
v 0.512836 8.282761 -5.418775
v 0.556886 8.309754 -5.418775
v 0.512086 8.224309 -5.385025
v 0.528831 8.271140 -5.371045
v 0.568195 8.301538 -5.385025
v 0.539390 8.204472 -5.371045
v 0.567445 8.243086 -5.351274
v 0.595500 8.281699 -5.371045
v 0.566695 8.184633 -5.385025
v 0.606059 8.215031 -5.371045
v 0.622804 8.261862 -5.385025
v 0.607120 8.297694 -5.418775
v 0.578004 8.176416 -5.418775
v 0.622054 8.203410 -5.418775
v 0.634114 8.253645 -5.418775
v 0.566695 8.184633 -5.452525
v 0.606059 8.215031 -5.466504
v 0.622804 8.261862 -5.452525
v 0.527770 8.188477 -5.418775
v 0.539390 8.204472 -5.466504
v 0.567445 8.243086 -5.486274
v 0.595500 8.281699 -5.466504
v 0.568197 8.030890 -5.452524
v 0.528832 8.061288 -5.466504
v 0.512087 8.108119 -5.452524
v 0.556887 8.022674 -5.418774
v 0.512837 8.049667 -5.418774
v 0.500777 8.099902 -5.418774
v 0.568197 8.030890 -5.385024
v 0.528832 8.061288 -5.371045
v 0.512087 8.108119 -5.385024
v 0.595501 8.050729 -5.371045
v 0.567446 8.089342 -5.351274
v 0.539391 8.127956 -5.371045
v 0.622805 8.070566 -5.385024
v 0.606060 8.117397 -5.371045
v 0.566696 8.147795 -5.385024
v 0.527771 8.143951 -5.418774
v 0.634115 8.078783 -5.418774
v 0.622055 8.129018 -5.418774
v 0.578006 8.156012 -5.418774
v 0.622805 8.070566 -5.452524
v 0.606060 8.117397 -5.466504
v 0.566696 8.147795 -5.452524
v 0.607122 8.034734 -5.418774
v 0.595501 8.050729 -5.466504
v 0.567446 8.089342 -5.486274
v 0.539391 8.127956 -5.466504
v 0.769488 8.024486 -5.452524
v 0.728414 7.996441 -5.466504
v 0.678701 7.994987 -5.452524
v 0.773808 8.011190 -5.418774
v 0.734523 7.977638 -5.418774
v 0.683020 7.981691 -5.418774
v 0.769488 8.024486 -5.385024
v 0.728414 7.996441 -5.371045
v 0.678701 7.994987 -5.385024
v 0.759058 8.056583 -5.371045
v 0.713665 8.041835 -5.351274
v 0.668271 8.027085 -5.371045
v 0.748629 8.088682 -5.385024
v 0.698915 8.087228 -5.371045
v 0.657842 8.059183 -5.385024
v 0.649469 8.020976 -5.418774
v 0.744309 8.101977 -5.418774
v 0.692806 8.106030 -5.418774
v 0.653522 8.072479 -5.418774
v 0.748629 8.088682 -5.452524
v 0.698915 8.087228 -5.466504
v 0.657842 8.059183 -5.452524
v 0.777861 8.062693 -5.418774
v 0.759058 8.056583 -5.466504
v 0.713665 8.041835 -5.486274
v 0.668271 8.027085 -5.466504
v 0.804032 8.213945 -5.371045
v 0.804032 8.166216 -5.351274
v 0.770281 8.213945 -5.385024
v 0.770282 8.118486 -5.385024
v 0.804032 8.118486 -5.466504
vn 0.9239 0.3827 -0.0000
vn 0.9239 -0.3827 -0.0000
vn 0.3827 -0.9239 -0.0000
vn -0.3827 -0.9239 -0.0000
vn -0.9239 -0.3827 -0.0000
vn -0.9239 0.3827 -0.0000
vn -0.3827 0.9239 -0.0000
vn -0.0000 -0.0000 -1.0000
vn -0.3293 -0.7950 0.5095
vn -0.7950 -0.3293 0.5095
vn -0.7950 0.3293 0.5095
vn -0.3293 0.7950 0.5095
vn 0.3293 0.7950 0.5095
vn 0.7950 0.3293 0.5095
vn 0.3293 -0.7950 0.5095
vn 0.7950 -0.3293 0.5095
vn 0.3574 -0.3574 -0.8629
vn 0.1566 0.9125 -0.3780
vn 0.1566 -0.9125 -0.3780
vn 0.3574 0.3574 -0.8629
vn 0.8629 -0.3574 -0.3574
vn 0.3780 0.9125 -0.1566
vn 0.3780 -0.9125 -0.1566
vn 0.8629 0.3574 -0.3574
vn 0.8629 -0.3574 0.3574
vn 0.3780 0.9125 0.1566
vn 0.3780 -0.9125 0.1566
vn 0.8629 0.3574 0.3574
vn 0.3574 -0.3574 0.8629
vn 0.1566 0.9125 0.3780
vn 0.1566 -0.9125 0.3780
vn 0.3574 0.3574 0.8629
vn -0.3574 -0.3574 0.8629
vn -0.1566 0.9125 0.3780
vn -0.1566 -0.9125 0.3780
vn -0.3574 0.3574 0.8629
vn -0.8629 0.3574 0.3574
vn -0.8629 -0.3574 0.3574
vn -0.3780 0.9125 0.1566
vn -0.3780 -0.9125 0.1566
vn -0.3780 -0.9125 -0.1566
vn -0.8629 0.3574 -0.3574
vn -0.8629 -0.3574 -0.3574
vn -0.3780 0.9125 -0.1566
vn -0.1566 -0.9125 -0.3780
vn -0.3574 0.3574 -0.8629
vn -0.3574 -0.3574 -0.8629
vn -0.1566 0.9125 -0.3780
vn 0.4504 0.2295 -0.8629
vn -0.8194 0.4309 -0.3780
vn 0.9162 -0.1331 -0.3780
vn -0.2295 0.4504 -0.8629
vn 0.6066 0.7102 -0.3574
vn -0.7510 0.6414 -0.1566
vn 0.9846 0.0775 -0.1566
vn -0.0733 0.9311 -0.3574
vn 0.6066 0.7102 0.3574
vn -0.7510 0.6414 0.1566
vn 0.9846 0.0775 0.1566
vn -0.0733 0.9311 0.3574
vn 0.4504 0.2295 0.8629
vn -0.8194 0.4309 0.3780
vn 0.9162 -0.1331 0.3780
vn -0.2295 0.4504 0.8629
vn 0.2295 -0.4504 0.8629
vn -0.9162 0.1331 0.3780
vn 0.8194 -0.4309 0.3780
vn -0.4504 -0.2295 0.8629
vn -0.6066 -0.7102 0.3574
vn 0.0733 -0.9311 0.3574
vn -0.9846 -0.0775 0.1566
vn 0.7510 -0.6414 0.1566
vn 0.7510 -0.6414 -0.1566
vn -0.6066 -0.7102 -0.3574
vn 0.0733 -0.9311 -0.3574
vn -0.9846 -0.0775 -0.1566
vn 0.8194 -0.4309 -0.3780
vn -0.4504 -0.2295 -0.8629
vn 0.2295 -0.4504 -0.8629
vn -0.9162 0.1331 -0.3780
vn -0.0791 0.4992 -0.8629
vn -0.6630 -0.6462 -0.3780
vn 0.4097 0.8302 -0.3780
vn -0.4992 -0.0791 -0.8629
vn -0.4880 0.7963 -0.3574
vn -0.8421 -0.5161 -0.1566
vn 0.2306 0.9604 -0.1566
vn -0.9081 0.2180 -0.3574
vn -0.4880 0.7963 0.3574
vn -0.8421 -0.5161 0.1566
vn 0.2306 0.9604 0.1566
vn -0.9081 0.2180 0.3574
vn -0.0791 0.4992 0.8629
vn -0.6630 -0.6462 0.3780
vn 0.4097 0.8302 0.3780
vn -0.4992 -0.0791 0.8629
vn 0.4992 0.0791 0.8629
vn -0.4097 -0.8302 0.3780
vn 0.6630 0.6462 0.3780
vn 0.0791 -0.4992 0.8629
vn 0.4880 -0.7963 0.3574
vn 0.9081 -0.2180 0.3574
vn -0.2306 -0.9604 0.1566
vn 0.8421 0.5161 0.1566
vn 0.8421 0.5161 -0.1566
vn 0.4880 -0.7963 -0.3574
vn 0.9081 -0.2180 -0.3574
vn -0.2306 -0.9604 -0.1566
vn 0.6630 0.6462 -0.3780
vn 0.0791 -0.4992 -0.8629
vn 0.4992 0.0791 -0.8629
vn -0.4097 -0.8302 -0.3780
vn -0.4992 0.0791 -0.8629
vn 0.4097 -0.8302 -0.3780
vn -0.6630 0.6462 -0.3780
vn -0.0791 -0.4992 -0.8629
vn -0.9081 -0.2180 -0.3574
vn 0.2306 -0.9604 -0.1566
vn -0.8421 0.5161 -0.1566
vn -0.4880 -0.7963 -0.3574
vn -0.9081 -0.2180 0.3574
vn 0.2306 -0.9604 0.1566
vn -0.8421 0.5161 0.1566
vn -0.4880 -0.7963 0.3574
vn -0.4992 0.0791 0.8629
vn 0.4097 -0.8302 0.3780
vn -0.6630 0.6462 0.3780
vn -0.0791 -0.4992 0.8629
vn 0.0791 0.4992 0.8629
vn 0.6630 -0.6462 0.3780
vn -0.4097 0.8302 0.3780
vn 0.4992 -0.0791 0.8629
vn 0.9081 0.2180 0.3574
vn 0.4880 0.7963 0.3574
vn 0.8421 -0.5161 0.1566
vn -0.2306 0.9604 0.1566
vn -0.2306 0.9604 -0.1566
vn 0.9081 0.2180 -0.3574
vn 0.4880 0.7963 -0.3574
vn 0.8421 -0.5161 -0.1566
vn -0.4097 0.8302 -0.3780
vn 0.4992 -0.0791 -0.8629
vn 0.0791 0.4992 -0.8629
vn 0.6630 -0.6462 -0.3780
vn -0.2295 -0.4504 -0.8629
vn 0.9162 0.1331 -0.3780
vn -0.8194 -0.4309 -0.3780
vn 0.4504 -0.2295 -0.8629
vn -0.0733 -0.9311 -0.3574
vn 0.9846 -0.0775 -0.1566
vn -0.7510 -0.6414 -0.1566
vn 0.6066 -0.7102 -0.3574
vn -0.0733 -0.9311 0.3574
vn 0.9846 -0.0775 0.1566
vn -0.7510 -0.6414 0.1566
vn 0.6066 -0.7102 0.3574
vn -0.2295 -0.4504 0.8629
vn 0.9162 0.1331 0.3780
vn -0.8194 -0.4309 0.3780
vn 0.4504 -0.2295 0.8629
vn -0.4504 0.2295 0.8629
vn 0.8194 0.4309 0.3780
vn -0.9162 -0.1331 0.3780
vn 0.2295 0.4504 0.8629
vn 0.0733 0.9311 0.3574
vn -0.6066 0.7102 0.3574
vn 0.7510 0.6414 0.1566
vn -0.9846 0.0775 0.1566
vn -0.9846 0.0775 -0.1566
vn 0.0733 0.9311 -0.3574
vn -0.6066 0.7102 -0.3574
vn 0.7510 0.6414 -0.1566
vn -0.9162 -0.1331 -0.3780
vn 0.2295 0.4504 -0.8629
vn -0.4504 0.2295 -0.8629
vn 0.8194 0.4309 -0.3780
vn 0.3827 0.9239 -0.0000
vt 0.255278 0.504965
vt 0.304619 0.703059
vt 0.240156 0.707769
vt 0.190815 0.509675
vt 0.255278 0.889422
vt 0.190815 0.894132
vt 0.581677 0.507730
vt 0.581677 0.716502
vt 0.499765 0.716502
vt 0.499765 0.507730
vt 0.581677 0.870664
vt 0.499765 0.870664
vt 0.304619 0.889422
vt 0.353959 0.691328
vt 0.418423 0.696038
vt 0.369082 0.894132
vt 0.304619 0.504965
vt 0.369082 0.509675
vt 0.663588 0.507730
vt 0.663588 0.716502
vt 0.581676 0.716502
vt 0.581676 0.507730
vt 0.369681 0.202084
vt 0.299504 0.131438
vt 0.353387 -0.000000
vt 0.499765 0.147358
vt 0.369681 0.302253
vt 0.499765 0.356296
vt 0.299504 0.373267
vt 0.353387 0.504422
vt 0.000000 0.871503
vt 0.044548 0.814071
vt 0.190815 0.878025
vt 0.097895 0.997818
vt 0.200260 0.373528
vt 0.146378 0.504965
vt 0.044548 0.716200
vt 0.190815 0.673878
vt 0.130084 0.302881
vt -0.000000 0.357607
vt -0.000000 0.635220
vt 0.097895 0.504965
vt 0.130084 0.202712
vt -0.000000 0.148669
vt 0.513848 0.376837
vt 0.604387 0.378578
vt 0.688616 0.507730
vt 0.499765 0.504097
vt 0.200260 0.131698
vt 0.146378 0.000543
vt 0.668408 0.309025
vt 0.822154 0.362652
vt 0.668408 0.208920
vt 0.822154 0.153848
vt 0.499765 0.000000
vt 0.688616 0.003633
vt 0.604387 0.136904
vt 0.513848 0.135163
vt 0.818101 0.662231
vt 0.817031 0.714753
vt 0.766294 0.714233
vt 0.782224 0.661864
vt 0.818101 0.766722
vt 0.820684 0.787696
vt 0.782224 0.766354
vt 0.820684 0.639924
vt 0.615227 0.926877
vt 0.620224 0.876276
vt 0.648778 0.876754
vt 0.635418 0.927215
vt 0.973429 0.272045
vt 0.944701 0.282493
vt 0.973429 0.252209
vt 0.687152 0.910734
vt 0.687152 0.955028
vt 0.669729 0.964511
vt 0.615227 0.822778
vt 0.635418 0.823116
vt 0.764829 0.892843
vt 0.713432 0.910734
vt 0.715504 0.883085
vt 0.766294 0.873292
vt 0.953620 0.253254
vt 0.661177 0.946612
vt 0.661177 0.889150
vt 0.662642 0.869599
vt 0.715504 0.832157
vt 0.766294 0.837281
vt 0.389762 0.961521
vt 0.365793 0.932656
vt 0.389762 0.925510
vt 0.666506 0.911817
vt 0.662642 0.833587
vt 0.713432 0.787783
vt 0.764829 0.805903
vt 0.388297 0.894132
vt 0.248365 0.964207
vt 0.272273 0.951047
vt 0.272273 0.978408
vt 0.661177 0.802210
vt 0.932268 0.337827
vt 0.927271 0.287226
vt 0.947462 0.286888
vt 0.960822 0.337349
vt 0.927271 0.391325
vt 0.947462 0.390987
vt 0.313844 0.930010
vt 0.339818 0.894132
vt 0.322395 0.947909
vt 0.919746 0.941859
vt 0.948474 0.952306
vt 0.948474 0.972143
vt 0.928665 0.971097
vt 0.495344 0.662231
vt 0.473480 0.714207
vt 0.456477 0.714475
vt 0.471298 0.662610
vt 0.474293 0.609720
vt 0.457290 0.609988
vt 0.339818 0.938426
vt 0.855491 0.662209
vt 0.419089 0.714207
vt 0.418423 0.662231
vt 0.419901 0.609720
vt 0.855491 0.766699
vt 0.873961 0.022307
vt 0.872891 0.074828
vt 0.822154 0.074309
vt 0.838084 0.021940
vt 0.873961 0.126797
vt 0.876544 0.147772
vt 0.838084 0.126430
vt 0.876544 -0.000000
vt 0.915973 0.251870
vt 0.920970 0.201269
vt 0.949524 0.201747
vt 0.936164 0.252208
vt 0.322763 0.977148
vt 0.313844 0.947909
vt 0.342572 0.978193
vt 0.713126 0.910734
vt 0.713126 0.955028
vt 0.695703 0.964511
vt 0.915973 0.147772
vt 0.936164 0.148110
vt 0.925806 0.391948
vt 0.874409 0.409840
vt 0.876481 0.382191
vt 0.927271 0.372398
vt 0.342572 0.958356
vt 0.687152 0.946612
vt 0.822154 0.388255
vt 0.823619 0.368704
vt 0.876481 0.331263
vt 0.927271 0.336386
vt 0.300995 0.961521
vt 0.277026 0.932656
vt 0.300995 0.925510
vt 0.692481 0.911817
vt 0.823619 0.332693
vt 0.874409 0.286888
vt 0.925806 0.305008
vt 0.299530 0.894132
vt 0.389762 0.951047
vt 0.413286 0.964882
vt 0.389762 0.978856
vt 0.822154 0.301315
vt 0.586673 0.873718
vt 0.581676 0.823117
vt 0.601867 0.822779
vt 0.615227 0.873240
vt 0.581676 0.927215
vt 0.601867 0.926877
vt 0.365793 0.903615
vt 0.365793 0.947909
vt 0.348370 0.894132
vt 0.915973 0.282493
vt 0.924892 0.253254
vt 0.944701 0.252208
vt 0.944701 0.272045
vt 0.495344 0.557477
vt 0.473480 0.609452
vt 0.456477 0.609720
vt 0.471298 0.557855
vt 0.474293 0.504965
vt 0.457290 0.505233
vt 0.339818 0.912031
vt 0.911351 0.022284
vt 0.419089 0.609452
vt 0.418423 0.557477
vt 0.419901 0.504965
vt 0.911351 0.126774
vt 0.890753 0.615221
vt 0.914355 0.570015
vt 0.960938 0.592090
vt 0.923692 0.630831
vt 0.937727 0.522610
vt 0.947179 0.500777
vt 0.970667 0.538220
vt 0.978529 0.843811
vt 0.950170 0.838904
vt 0.958995 0.803635
vt 0.823430 0.914471
vt 0.823430 0.960982
vt 0.794862 0.962843
vt 0.803229 0.915786
vt 0.446219 0.968160
vt 0.446219 0.926072
vt 0.462188 0.972641
vt 0.971475 0.787696
vt 0.984148 0.543132
vt 0.980004 0.599037
vt 0.957239 0.743919
vt 0.907184 0.766860
vt 0.901591 0.741085
vt 0.953285 0.725694
vt 0.472046 0.959303
vt 0.883953 0.448192
vt 0.860903 0.499596
vt 0.856948 0.481371
vt 0.859445 0.747898
vt 0.855491 0.729673
vt 0.901591 0.688507
vt 0.953285 0.688515
vt 0.883953 0.409840
vt 0.912312 0.438873
vt 0.883953 0.443779
vt 0.856948 0.444193
vt 0.855491 0.692494
vt 0.907184 0.639924
vt 0.957239 0.654162
vt 0.892777 0.479049
vt 0.860903 0.409840
vt 0.859445 0.658141
vt 0.794862 0.916331
vt 0.794862 0.962843
vt 0.774661 0.961527
vt 0.766294 0.914471
vt 0.970891 0.703936
vt 0.976546 0.754570
vt 0.957239 0.767891
vt 0.957239 0.713355
vt 0.905257 0.494987
vt 0.472046 0.926072
vt 0.497874 0.959303
vt 0.488015 0.972641
vt 0.472046 0.968159
vt 0.418423 0.766836
vt 0.439402 0.714475
vt 0.455710 0.715734
vt 0.441485 0.768617
vt 0.440622 0.818311
vt 0.456930 0.819570
vt 0.890753 0.496782
vt 0.904626 0.505446
vt 0.950170 0.872844
vt 0.492996 0.715630
vt 0.494217 0.768469
vt 0.494217 0.819466
vt 0.911351 0.119963
vt 0.927413 0.071419
vt 0.977403 0.088348
vt 0.946700 0.131934
vt 0.945364 0.021728
vt 0.954689 0.000000
vt 0.980713 0.033700
vt 0.219590 0.946714
vt 0.248365 0.943030
vt 0.248365 0.970947
vt 1.000000 0.094215
vt 0.962678 0.136082
vt 0.996691 0.037848
vt 0.919746 0.986366
vt 0.894002 0.954488
vt 0.904019 0.941859
vt 0.957239 0.695365
vt 0.957239 0.639924
vt 0.976546 0.652044
vt 0.200213 0.970947
vt 0.190815 0.918364
vt 0.211564 0.953866
vt 0.919746 0.945390
vt 0.277026 0.894132
vt 0.268632 0.947907
vt 0.248365 0.951047
vt 0.248365 0.898573
vt 0.766294 0.801792
vt 0.816475 0.787696
vt 0.821945 0.836046
vt 0.770162 0.835981
vt 0.219590 0.922049
vt 0.950170 0.911167
vt 0.973221 0.872844
vt 0.977090 0.907033
vt 0.864390 0.806084
vt 0.868258 0.840273
vt 0.821945 0.888558
vt 0.770162 0.873112
vt 0.219590 0.894132
vt 0.977090 0.944164
vt 0.868258 0.877404
vt 0.864390 0.895727
vt 0.816475 0.914471
vt 0.766294 0.891435
vt 0.868258 0.973737
vt 0.894002 0.941859
vt 0.878275 0.986366
vt 0.973221 0.962487
vt 0.228988 0.894132
vt 0.240339 0.911213
vt 0.418423 0.871345
vt 0.439992 0.819571
vt 0.454040 0.821167
vt 0.438290 0.873602
vt 0.410028 0.897273
vt 0.418423 0.951047
vt 0.389762 0.946606
vt 0.389762 0.894132
vt 0.894002 0.982834
vt 0.490363 0.822116
vt 0.489658 0.874945
vt 0.454040 0.925123
vt 0.490363 0.926072
vt 0.911351 0.008947
vt 0.751151 0.530069
vt 0.736848 0.580708
vt 0.686275 0.565286
vt 0.715390 0.519164
vt 0.576983 0.975577
vt 0.556319 0.973114
vt 0.576983 0.938192
vt 0.755336 0.507730
vt 0.720806 0.629983
vt 0.685046 0.619078
vt 0.663588 0.557534
vt 0.699349 0.513682
vt 0.739064 0.954431
vt 0.739064 0.910734
vt 0.756630 0.964144
vt 0.912312 0.409840
vt 0.925964 0.439385
vt 0.912312 0.454101
vt 0.669004 0.613597
vt 0.941685 0.487812
vt 0.927271 0.433344
vt 0.956093 0.434618
vt 0.962065 0.488713
vt 0.765001 0.945900
vt 0.446218 0.926072
vt 0.446218 0.975434
vt 0.432399 0.960428
vt 0.941685 0.391325
vt 0.962065 0.392226
vt 0.787297 0.526012
vt 0.838552 0.507730
vt 0.836267 0.552238
vt 0.785681 0.557483
vt 0.557935 0.870664
vt 0.580504 0.909131
vt 0.556319 0.902136
vt 0.418423 0.933599
vt 0.890753 0.522003
vt 0.889137 0.553474
vt 0.836267 0.603228
vt 0.785681 0.593539
vt 0.556319 0.938192
vt 0.713127 0.911084
vt 0.733336 0.910734
vt 0.739064 0.946250
vt 0.889137 0.589530
vt 0.890753 0.609048
vt 0.838552 0.630831
vt 0.787297 0.613057
vt 0.865879 0.929186
vt 0.852226 0.958732
vt 0.852226 0.914471
vt 0.730693 0.964494
vt 0.713127 0.954780
vt 0.822154 0.465208
vt 0.836568 0.410740
vt 0.856948 0.409840
vt 0.850976 0.463934
vt 0.836568 0.507228
vt 0.856948 0.506327
vt 0.839325 0.914471
vt 0.852226 0.962116
vt 0.829908 0.932567
vt 0.785681 0.540010
vt 0.785681 0.594767
vt 0.755336 0.639924
vt 0.823430 0.962116
vt 0.655445 0.719224
vt 0.655379 0.772104
vt 0.603170 0.770942
vt 0.618528 0.718402
vt 0.499765 0.921954
vt 0.528042 0.917707
vt 0.508689 0.958202
vt 0.878506 0.151585
vt 0.867748 0.173162
vt 0.834963 0.156169
vt 0.655445 0.822779
vt 0.618528 0.821957
vt 0.581677 0.768254
vt 0.603330 0.716502
vt 0.521310 0.973206
vt 0.822154 0.147772
vt 0.621051 0.969553
vt 0.623695 0.927215
vt 0.643301 0.927215
vt 0.648778 0.969553
vt 0.960822 0.339134
vt 0.960822 0.287630
vt 0.980129 0.286888
vt 0.974474 0.338610
vt 0.972464 0.252099
vt 0.949524 0.201152
vt 0.977309 0.236351
vt 0.556319 0.926163
vt 0.536966 0.973206
vt 0.528042 0.958175
vt 0.710793 0.787783
vt 0.663589 0.765974
vt 0.669455 0.750578
vt 0.719089 0.766009
vt 0.763864 0.750888
vt 0.722526 0.713683
vt 0.766294 0.713888
vt 0.977309 0.199271
vt 0.528042 0.921916
vt 0.671885 0.713578
vt 0.719089 0.661457
vt 0.763864 0.676959
vt 0.972464 0.162581
vt 0.536966 0.885668
vt 0.669455 0.676649
vt 0.663589 0.661423
vt 0.710793 0.639924
vt 0.584320 0.969553
vt 0.581677 0.927215
vt 0.609403 0.927215
vt 0.603926 0.969553
vt 0.965613 0.147772
vt 0.549587 0.870664
vt 0.915973 0.193911
vt 0.901303 0.188795
vt 0.912607 0.249955
vt 0.870379 0.286888
vt 0.855709 0.281772
vt 0.891860 0.242720
vt 0.508689 0.870664
vt 0.499765 0.885695
vt 0.822154 0.266139
vt 0.844406 0.220612
vt 0.950170 0.787696
vt 0.950170 0.941858
vt 0.868258 0.941858
vt 0.868258 0.787696
s 0
usemtl Dark_Glass
f 228/381/163 227/382/163 204/383/163 205/384/163
f 226/385/164 225/386/164 203/387/164
f 218/388/165 228/381/165 205/384/165
f 227/382/166 226/385/166 203/387/166 204/383/166
f 205/389/167 204/390/167 207/391/167 208/392/167
f 203/393/168 225/394/168 206/395/168
f 218/396/169 205/397/169 208/398/169
f 204/390/170 203/399/170 206/400/170 207/391/170
f 208/401/171 207/402/171 210/403/171 211/404/171
f 206/395/172 225/394/172 209/405/172
f 218/396/173 208/398/173 211/406/173
f 207/402/174 206/407/174 209/408/174 210/403/174
f 211/404/175 210/403/175 213/409/175 214/410/175
f 209/411/176 225/412/176 212/413/176
f 218/396/177 211/406/177 214/414/177
f 210/403/178 209/408/178 212/415/178 213/409/178
f 214/410/179 213/409/179 216/416/179 217/417/179
f 212/413/180 225/412/180 215/418/180
f 218/419/181 214/420/181 217/421/181
f 213/409/182 212/415/182 215/422/182 216/416/182
f 216/423/183 215/424/183 219/425/183 220/426/183
f 217/427/184 216/423/184 220/426/184 221/428/184
f 215/429/185 225/430/185 219/431/185
f 218/432/186 217/433/186 221/434/186
f 218/432/187 221/434/187 224/435/187
f 220/436/188 219/437/188 222/438/188 223/439/188
f 221/440/189 220/436/189 223/439/189 224/441/189
f 219/431/190 225/430/190 222/442/190
f 218/388/191 224/443/191 228/381/191
f 223/439/192 222/438/192 226/444/192 227/445/192
f 224/441/193 223/439/193 227/445/193 228/446/193
f 222/447/194 225/386/194 226/385/194
f 358/448/163 249/449/163 230/450/163 231/451/163
f 248/452/164 247/453/164 229/454/164
f 240/455/165 358/448/165 231/451/165
f 249/449/166 248/452/166 229/454/166 230/450/166
f 231/456/167 230/457/167 233/458/167 234/459/167
f 229/460/168 247/461/168 232/462/168
f 240/463/169 231/464/169 234/465/169
f 230/457/170 229/466/170 232/467/170 233/458/170
f 234/468/171 233/469/171 236/470/171 237/471/171
f 232/462/172 247/461/172 235/472/172
f 240/463/173 234/465/173 237/473/173
f 233/469/174 232/474/174 235/475/174 236/470/174
f 237/471/175 236/470/175 355/476/175 238/477/175
f 235/478/176 247/479/176 354/480/176
f 240/463/177 237/473/177 238/481/177
f 236/470/178 235/475/178 354/482/178 355/476/178
f 238/477/179 355/476/179 239/483/179 357/484/179
f 354/480/180 247/479/180 356/485/180
f 240/486/181 238/487/181 357/488/181
f 355/476/182 354/482/182 356/489/182 239/483/182
f 239/490/183 356/491/183 241/492/183 242/493/183
f 357/494/184 239/490/184 242/493/184 243/495/184
f 356/496/185 247/497/185 241/498/185
f 240/499/186 357/500/186 243/501/186
f 240/499/187 243/501/187 246/502/187
f 242/503/188 241/504/188 244/505/188 245/506/188
f 243/507/189 242/503/189 245/506/189 246/508/189
f 241/498/190 247/497/190 244/509/190
f 240/455/191 246/510/191 358/448/191
f 245/506/192 244/505/192 248/511/192 249/512/192
f 246/508/193 245/506/193 249/512/193 358/513/193
f 244/514/194 247/453/194 248/452/194
f 275/515/195 274/516/195 251/517/195 252/518/195
f 273/519/196 272/520/196 250/521/196
f 265/522/197 275/523/197 252/524/197
f 274/516/198 273/519/198 250/521/198 251/517/198
f 252/525/199 251/526/199 254/527/199 255/528/199
f 250/529/200 272/530/200 253/531/200
f 265/522/201 252/524/201 255/532/201
f 251/517/202 250/521/202 253/533/202 254/534/202
f 255/535/203 254/536/203 257/537/203 258/538/203
f 253/531/204 272/530/204 256/539/204
f 265/540/205 255/541/205 258/542/205
f 254/536/206 253/543/206 256/544/206 257/537/206
f 258/538/207 257/537/207 260/545/207 261/546/207
f 256/547/208 272/548/208 259/549/208
f 265/540/209 258/542/209 261/550/209
f 257/537/210 256/544/210 259/551/210 260/545/210
f 261/546/211 260/545/211 263/552/211 264/553/211
f 259/549/212 272/548/212 262/554/212
f 265/540/213 261/550/213 264/555/213
f 260/545/214 259/551/214 262/556/214 263/552/214
f 263/557/215 262/558/215 266/559/215 267/560/215
f 264/561/216 263/562/216 267/563/216 268/564/216
f 262/554/217 272/548/217 266/565/217
f 265/566/218 264/567/218 268/568/218
f 265/566/219 268/568/219 271/569/219
f 267/570/220 266/571/220 269/572/220 270/573/220
f 268/574/221 267/570/221 270/573/221 271/575/221
f 266/576/222 272/520/222 269/577/222
f 265/522/223 271/578/223 275/523/223
f 270/573/224 269/572/224 273/579/224 274/580/224
f 271/575/225 270/573/225 274/580/225 275/581/225
f 269/577/226 272/520/226 273/519/226
f 301/582/227 300/583/227 277/584/227 278/585/227
f 299/586/228 298/587/228 276/588/228
f 291/589/229 301/590/229 278/591/229
f 300/583/230 299/586/230 276/588/230 277/584/230
f 278/585/231 277/584/231 280/592/231 281/593/231
f 276/588/232 298/587/232 279/594/232
f 291/595/233 278/596/233 281/597/233
f 277/584/234 276/588/234 279/594/234 280/592/234
f 281/598/235 280/599/235 283/600/235 284/561/235
f 279/601/236 298/602/236 282/603/236
f 291/595/237 281/597/237 284/604/237
f 280/605/238 279/606/238 282/607/238 283/608/238
f 284/609/239 283/610/239 286/611/239 287/612/239
f 282/603/240 298/602/240 285/613/240
f 291/614/241 284/615/241 287/616/241
f 283/610/242 282/617/242 285/618/242 286/611/242
f 287/612/243 286/611/243 289/619/243 290/620/243
f 285/613/244 298/602/244 288/621/244
f 291/614/245 287/616/245 290/622/245
f 286/611/246 285/618/246 288/623/246 289/619/246
f 289/619/247 288/623/247 292/624/247 293/625/247
f 290/620/248 289/619/248 293/625/248 294/626/248
f 288/627/249 298/628/249 292/629/249
f 291/614/250 290/622/250 294/630/250
f 291/589/251 294/631/251 297/632/251
f 293/633/252 292/634/252 295/635/252 296/636/252
f 294/637/253 293/638/253 296/639/253 297/640/253
f 292/629/254 298/628/254 295/641/254
f 291/589/255 297/632/255 301/590/255
f 296/636/256 295/635/256 299/642/256 300/643/256
f 297/644/257 296/636/257 300/643/257 301/645/257
f 295/646/258 298/587/258 299/586/258
f 327/647/259 326/648/259 303/649/259 304/650/259
f 325/651/260 324/652/260 302/653/260
f 317/654/261 327/647/261 304/650/261
f 326/648/262 325/655/262 302/656/262 303/649/262
f 304/650/263 303/649/263 306/657/263 307/658/263
f 302/659/264 324/660/264 305/661/264
f 317/662/265 304/663/265 307/664/265
f 303/649/266 302/656/266 305/665/266 306/657/266
f 307/666/267 306/667/267 309/668/267 310/669/267
f 305/661/268 324/660/268 308/670/268
f 317/671/269 307/672/269 310/673/269
f 306/667/270 305/674/270 308/675/270 309/668/270
f 310/676/271 309/677/271 312/678/271 313/679/271
f 308/680/272 324/681/272 311/682/272
f 317/671/273 310/673/273 313/683/273
f 309/677/274 308/684/274 311/685/274 312/678/274
f 313/679/275 312/678/275 315/686/275 316/687/275
f 311/682/276 324/681/276 314/688/276
f 317/689/277 313/690/277 316/691/277
f 312/678/278 311/685/278 314/692/278 315/686/278
f 315/686/279 314/692/279 318/693/279 319/694/279
f 316/687/280 315/686/280 319/694/280 320/695/280
f 314/696/281 324/697/281 318/698/281
f 317/689/282 316/691/282 320/699/282
f 317/689/283 320/699/283 323/700/283
f 319/701/284 318/702/284 321/703/284 322/704/284
f 320/705/285 319/701/285 322/704/285 323/706/285
f 318/707/286 324/708/286 321/709/286
f 317/654/287 323/710/287 327/647/287
f 322/711/288 321/712/288 325/655/288 326/648/288
f 323/710/289 322/711/289 326/648/289 327/647/289
f 321/709/290 324/708/290 325/713/290
f 353/714/291 352/715/291 329/716/291 330/717/291
f 351/718/292 350/719/292 328/720/292
f 343/721/293 353/722/293 330/723/293
f 352/715/294 351/724/294 328/725/294 329/716/294
f 330/717/295 329/716/295 332/726/295 333/727/295
f 328/720/296 350/719/296 331/728/296
f 343/721/297 330/723/297 333/729/297
f 329/730/298 328/731/298 331/732/298 332/733/298
f 333/734/299 332/735/299 335/736/299 336/737/299
f 331/738/300 350/739/300 334/740/300
f 343/741/301 333/742/301 336/743/301
f 332/744/302 331/745/302 334/746/302 335/747/302
f 336/748/303 335/747/303 338/749/303 339/750/303
f 334/740/304 350/739/304 337/751/304
f 343/741/305 336/743/305 339/752/305
f 335/747/306 334/746/306 337/753/306 338/749/306
f 339/750/307 338/749/307 341/754/307 342/755/307
f 337/751/308 350/739/308 340/756/308
f 343/741/309 339/752/309 342/757/309
f 338/749/310 337/753/310 340/758/310 341/754/310
f 341/754/311 340/758/311 344/759/311 345/760/311
f 342/761/312 341/762/312 345/763/312 346/764/312
f 340/756/313 350/739/313 344/765/313
f 343/741/314 342/757/314 346/766/314
f 343/721/315 346/767/315 349/768/315
f 345/769/316 344/770/316 347/771/316 348/772/316
f 346/767/317 345/769/317 348/772/317 349/768/317
f 344/773/318 350/719/318 347/774/318
f 343/721/319 349/768/319 353/722/319
f 348/772/320 347/771/320 351/775/320 352/776/320
f 349/768/321 348/772/321 352/776/321 353/722/321
f 347/774/322 350/719/322 351/718/322
usemtl Dark_Metal
f 190/323/147 192/324/147 191/325/147 189/326/147
f 192/324/148 194/327/148 193/328/148 191/325/148
f 194/329/149 196/330/149 195/331/149 193/332/149
f 196/330/150 198/333/150 197/334/150 195/331/150
f 198/335/151 200/336/151 199/337/151 197/338/151
f 200/336/152 202/339/152 201/340/152 199/337/152
f 202/341/153 188/342/153 187/343/153 201/344/153
f 180/345/154 179/346/154 187/347/154 189/348/154
f 181/349/154 180/345/154 189/348/154 191/350/154
f 182/351/154 181/349/154 191/350/154 193/352/154
f 179/353/155 180/354/155 190/355/155 188/356/155
f 183/357/154 182/351/154 193/352/154 195/358/154
f 180/354/156 181/359/156 192/360/156 190/355/156
f 184/361/154 183/357/154 195/358/154 197/362/154
f 181/359/157 182/363/157 194/364/157 192/360/157
f 185/365/154 184/361/154 197/362/154 199/366/154
f 182/367/158 183/368/158 196/369/158 194/370/158
f 186/371/154 185/365/154 199/366/154 201/372/154
f 183/368/159 184/373/159 198/374/159 196/369/159
f 179/346/154 186/371/154 201/372/154 187/347/154
f 184/373/160 185/375/160 200/376/160 198/374/160
f 188/377/161 202/378/161 186/379/161 179/380/161
f 185/375/162 186/379/162 202/378/162 200/376/162
f 188/777/323 190/778/323 189/779/323 187/780/323
o sensor_4
v 1.263207 8.100112 -5.505726
v 1.263207 8.100112 -5.381007
v 1.347716 8.065107 -5.505726
v 1.347716 8.065107 -5.381007
v 1.382721 7.980597 -5.505726
v 1.382721 7.980597 -5.381007
v 1.347716 7.896088 -5.505726
v 1.347716 7.896088 -5.381007
v 1.263207 7.861083 -5.505726
v 1.263207 7.861083 -5.381007
v 1.178697 7.896088 -5.505726
v 1.178697 7.896088 -5.381007
v 1.143692 7.980597 -5.505726
v 1.143692 7.980597 -5.381007
v 1.178697 8.065107 -5.505726
v 1.178697 8.065107 -5.381007
v 1.263207 8.229888 -5.505726
v 1.263207 8.229888 -5.303227
v 1.439482 8.156873 -5.505726
v 1.439482 8.156873 -5.303227
v 1.512497 7.980597 -5.505726
v 1.512497 7.980597 -5.303227
v 1.439482 7.804322 -5.505726
v 1.439482 7.804322 -5.303227
v 1.263207 7.731307 -5.505726
v 1.263207 7.731307 -5.303227
v 1.086932 7.804322 -5.505726
v 1.086932 7.804322 -5.303227
v 1.013916 7.980597 -5.505726
v 1.013916 7.980597 -5.303227
v 1.086932 8.156873 -5.505726
v 1.086932 8.156873 -5.303227
v 1.263207 8.100112 -5.406062
v 1.178697 8.065107 -5.406062
v 1.143692 7.980597 -5.406062
v 1.178697 7.896088 -5.406062
v 1.263207 7.861083 -5.406062
v 1.347716 7.896088 -5.406062
v 1.382721 7.980597 -5.406062
v 1.347716 8.065107 -5.406062
vn 0.9239 0.3827 -0.0000
vn 0.9239 -0.3827 -0.0000
vn 0.3827 -0.9239 -0.0000
vn -0.3827 -0.9239 -0.0000
vn -0.9239 -0.3827 -0.0000
vn -0.9239 0.3827 -0.0000
vn -0.3827 0.9239 -0.0000
vn -0.0000 -0.0000 -1.0000
vn -0.2083 -0.5028 0.8389
vn -0.5028 -0.2083 0.8389
vn -0.5028 0.2083 0.8389
vn -0.2083 0.5028 0.8389
vn 0.2083 0.5028 0.8389
vn 0.5028 0.2083 0.8389
vn 0.5028 -0.2083 0.8389
vn 0.2083 -0.5028 0.8389
vn 0.3827 0.9239 -0.0000
vn -0.0000 -0.0000 1.0000
vt 0.500000 0.739710
vt 0.500000 0.593263
vt 0.581179 0.593263
vt 0.581179 0.739710
vt 0.500000 0.386156
vt 0.581179 0.386156
vt 0.500000 0.239710
vt 0.581179 0.239710
vt 0.662358 0.239710
vt 0.662358 0.446817
vt 0.581179 0.446817
vt 0.581179 0.239710
vt 0.662358 0.593263
vt 0.581179 0.593263
vt 0.743538 0.239710
vt 0.743538 0.386156
vt 0.662359 0.386156
vt 0.662359 0.239710
vt 0.743538 0.593263
vt 0.662359 0.593263
vt 0.130145 0.200354
vt 0.130145 0.299645
vt 0.000000 0.353553
vt -0.000000 0.146447
vt 0.743538 0.309919
vt 0.783492 0.309919
vt 0.783492 0.409210
vt 0.743538 0.409210
vt 0.200354 0.869855
vt 0.299645 0.869855
vt 0.353553 1.000000
vt 0.146447 1.000000
vt 0.200355 0.130145
vt 0.146447 -0.000000
vt 0.369855 0.799645
vt 0.500000 0.853553
vt 0.299646 0.130145
vt 0.353553 -0.000000
vt 0.369855 0.700354
vt 0.500000 0.646447
vt 0.369855 0.200354
vt 0.500000 0.146447
vt 0.299645 0.630145
vt 0.353553 0.500000
vt 0.369855 0.299645
vt 0.500000 0.353553
vt 0.200354 0.630145
vt 0.146447 0.500000
vt 0.299646 0.369855
vt 0.353553 0.500000
vt 0.130145 0.700354
vt -0.000000 0.646447
vt 0.200355 0.369855
vt 0.146447 0.500000
vt 0.130145 0.799645
vt -0.000000 0.853553
vt 0.743538 0.479419
vt 0.783492 0.479419
vt 0.743538 0.239710
vt 0.783492 0.239710
vt 0.739710 0.169500
vt 0.779664 0.169500
vt 0.779664 0.239710
vt 0.739710 0.239710
vt 0.739710 0.070209
vt 0.779664 0.070209
vt 0.739710 0.000000
vt 0.779664 0.000000
vt 0.702312 0.663473
vt 0.662359 0.663473
vt 0.662359 0.593263
vt 0.702313 0.593263
vt 0.702313 0.762764
vt 0.662359 0.762764
vt 0.753582 0.648920
vt 0.763627 0.648920
vt 0.763627 0.719129
vt 0.753582 0.719129
vt 0.753582 0.549629
vt 0.763627 0.549629
vt 0.712357 0.663472
vt 0.712357 0.762764
vt 0.702313 0.762764
vt 0.702312 0.663472
vt 0.712357 0.593263
vt 0.702313 0.593263
vt 0.743538 0.549629
vt 0.743538 0.479419
vt 0.753582 0.479419
vt 0.753582 0.549629
vt 0.743538 0.648920
vt 0.753582 0.648920
vt 0.743538 0.719129
vt 0.753582 0.719129
vt 0.753582 0.479419
vt 0.763627 0.479419
vt 0.500000 0.169500
vt 0.500000 0.070209
vt 0.570209 0.000000
vt 0.669500 0.000000
vt 0.739710 0.070209
vt 0.739710 0.169500
vt 0.669500 0.239710
vt 0.570209 0.239710
vt 0.581179 0.593263
vt 0.662359 0.593263
vt 0.662359 0.739710
s 0
usemtl Copper
f 378/781/324 380/782/324 379/783/324 377/784/324
f 380/782/325 382/785/325 381/786/325 379/783/325
f 382/785/326 384/787/326 383/788/326 381/786/326
f 384/789/327 386/790/327 385/791/327 383/792/327
f 386/790/328 388/793/328 387/794/328 385/791/328
f 388/795/329 390/796/329 389/797/329 387/798/329
f 390/796/330 376/799/330 375/800/330 389/797/330
f 361/801/331 359/802/331 375/803/331 377/804/331
f 393/805/325 371/806/325 373/807/325 392/808/325
f 360/809/332 362/810/332 378/811/332 376/812/332
f 363/813/331 361/801/331 377/804/331 379/814/331
f 362/810/333 364/815/333 380/816/333 378/811/333
f 365/817/331 363/813/331 379/814/331 381/818/331
f 364/815/334 366/819/334 382/820/334 380/816/334
f 367/821/331 365/817/331 381/818/331 383/822/331
f 366/819/335 368/823/335 384/824/335 382/820/335
f 369/825/331 367/821/331 383/822/331 385/826/331
f 368/823/336 370/827/336 386/828/336 384/824/336
f 371/829/331 369/825/331 385/826/331 387/830/331
f 370/827/337 372/831/337 388/832/337 386/828/337
f 373/833/331 371/829/331 387/830/331 389/834/331
f 372/831/338 374/835/338 390/836/338 388/832/338
f 359/802/331 373/833/331 389/834/331 375/803/331
f 374/835/339 360/809/339 376/812/339 390/836/339
f 391/837/326 392/808/326 373/807/326 359/838/326
f 394/839/324 369/840/324 371/806/324 393/805/324
f 395/841/340 367/842/340 369/843/340 394/844/340
f 396/845/330 365/846/330 367/842/330 395/841/330
f 397/847/329 363/848/329 365/846/329 396/845/329
f 398/849/328 361/850/328 363/851/328 397/852/328
f 391/853/327 359/854/327 361/850/327 398/849/327
f 374/855/326 392/856/326 391/857/326 360/858/326
f 374/855/325 372/859/325 393/860/325 392/856/325
f 362/861/327 360/862/327 391/863/327 398/864/327
f 364/865/328 362/861/328 398/864/328 397/866/328
f 366/867/329 364/868/329 397/869/329 396/870/329
f 368/871/330 366/867/330 396/870/330 395/872/330
f 370/873/340 368/871/340 395/872/340 394/874/340
f 372/859/324 370/875/324 394/876/324 393/860/324
f 391/877/341 392/878/341 393/879/341 394/880/341 395/881/341 396/882/341 397/883/341 398/884/341
f 376/784/340 378/885/340 377/886/340 375/887/340
o sensor_5
v 1.514929 7.510740 -5.484960
v 1.565748 7.434684 -5.484960
v 1.471846 7.294149 -5.484960
v 1.382131 7.311995 -5.484960
v 1.331312 7.388052 -5.484960
v 1.349157 7.477767 -5.484960
v 1.587029 7.618645 -5.484960
v 1.587029 7.618645 -5.282461
v 1.693031 7.460001 -5.484960
v 1.693031 7.460001 -5.282461
v 1.655808 7.272869 -5.282461
v 1.497164 7.166867 -5.282461
v 1.310032 7.204090 -5.282461
v 1.204030 7.362733 -5.484960
v 1.204030 7.362733 -5.282461
v 1.241253 7.549866 -5.484960
v 1.241253 7.549866 -5.282461
v 1.399896 7.655868 -5.282461
v 1.448530 7.563260 -5.437045
v 1.448530 7.449342 -5.133265
v 1.555932 7.518772 -5.437045
v 1.475381 7.438221 -5.133265
v 1.600420 7.411370 -5.437045
v 1.486503 7.411370 -5.133265
v 1.555932 7.303967 -5.437045
v 1.475381 7.384519 -5.133265
v 1.448530 7.259480 -5.437045
v 1.448530 7.373397 -5.133265
v 1.341128 7.303967 -5.437045
v 1.421680 7.384519 -5.133265
v 1.296641 7.411370 -5.437045
v 1.410558 7.411370 -5.133265
v 1.341128 7.518772 -5.437045
v 1.421680 7.438221 -5.133265
v 1.547903 7.344969 -5.484960
v 1.425214 7.528586 -5.484960
v 1.655808 7.272869 -5.484960
v 1.497164 7.166867 -5.484960
v 1.310032 7.204090 -5.484960
v 1.399896 7.655868 -5.484960
vn 0.9808 -0.1951 -0.0000
vn 0.5556 -0.8315 -0.0000
vn -0.1951 -0.9808 -0.0000
vn -0.8315 -0.5556 -0.0000
vn -0.5556 0.8315 -0.0000
vn -0.9808 0.1951 -0.0000
vn 0.4781 -0.7155 0.5095
vn 0.7155 0.4781 0.5095
vn -0.0000 -0.0000 -1.0000
vn 0.3616 0.8730 0.3274
vn 0.8439 -0.1679 0.5095
vn 0.1679 0.8439 0.5095
vn -0.8439 0.1679 0.5095
vn -0.4781 0.7155 0.5095
vn -0.7155 -0.4781 0.5095
vn -0.1679 -0.8439 0.5095
vn 0.8730 0.3616 0.3274
vn 0.8730 -0.3616 0.3274
vn 0.3616 -0.8730 0.3274
vn -0.3616 -0.8730 0.3274
vn -0.8730 -0.3616 0.3274
vn -0.8730 0.3616 0.3274
vn -0.3616 0.8730 0.3274
vn -0.0000 -0.0000 1.0000
vn 0.8315 0.5556 -0.0000
vn 0.1951 0.9808 -0.0000
vt 0.500000 0.658197
vt 0.500000 0.451090
vt 0.581179 0.451090
vt 0.581179 0.658197
vt 0.500000 0.304644
vt 0.581179 0.304644
vt 0.662359 0.718857
vt 0.662359 0.511751
vt 0.743538 0.511751
vt 0.743538 0.718857
vt 0.662358 0.304644
vt 0.662358 0.451090
vt 0.581179 0.451091
vt 0.581179 0.304644
vt 0.662359 0.658197
vt 0.662359 0.804644
vt 0.581179 0.804644
vt 0.581179 0.658197
vt 0.662358 0.658197
vt -0.000000 0.353553
vt 0.130145 0.299646
vt 0.200354 0.369855
vt 0.146447 0.500000
vt 0.146447 0.000000
vt 0.200354 0.130145
vt 0.130145 0.200355
vt -0.000000 0.146447
vt 0.130145 0.700355
vt 0.130145 0.799646
vt -0.000000 0.853553
vt -0.000000 0.646447
vt 0.865319 0.328768
vt 0.865319 0.359708
vt 0.743538 0.428407
vt 0.743538 0.304644
vt 0.200355 0.869855
vt 0.146447 1.000000
vt 0.353553 0.000000
vt 0.299645 0.130145
vt 0.500000 0.353553
vt 0.369855 0.299646
vt 0.369855 0.200355
vt 0.500000 0.146447
vt 0.353553 0.500000
vt 0.299645 0.369855
vt 0.200354 0.630145
vt 0.146447 0.500000
vt 0.804644 0.205055
vt 0.804644 0.173508
vt 0.918885 0.126188
vt 0.918885 0.252375
vt 0.784139 0.742981
vt 0.784139 0.773922
vt 0.662359 0.842621
vt 0.662359 0.718858
vt 0.500000 0.883511
vt 0.500000 0.851964
vt 0.614241 0.804644
vt 0.614241 0.930831
vt 0.865318 0.576293
vt 0.865318 0.607234
vt 0.743538 0.675932
vt 0.743538 0.552170
vt 0.898381 0.766178
vt 0.898381 0.797725
vt 0.784139 0.845045
vt 0.784139 0.718858
vt 0.743538 0.528046
vt 0.743538 0.497105
vt 0.865319 0.428407
vt 0.865319 0.552170
vt 0.918885 0.047320
vt 0.918885 0.078867
vt 0.804644 0.126188
vt 0.804644 -0.000000
vt 0.684666 0.918782
vt 0.662359 0.896474
vt 0.662359 0.864928
vt 0.684666 0.842621
vt 0.716213 0.842621
vt 0.738520 0.864928
vt 0.738520 0.896474
vt 0.716213 0.918781
vt 0.589228 0.304644
vt 0.500000 0.215416
vt 0.500000 0.089228
vt 0.589228 -0.000000
vt 0.715416 0.000000
vt 0.804644 0.089228
vt 0.804644 0.215416
vt 0.715416 0.304644
vt 0.299646 0.630145
vt 0.353553 0.500000
vt 0.369855 0.700355
vt 0.500000 0.646447
vt 0.369855 0.799646
vt 0.500000 0.853553
vt 0.299646 0.869855
vt 0.353553 1.000000
vt 0.500000 0.804644
vt 0.581179 0.804644
vt 0.743538 0.511751
vt 0.662358 0.511751
vt 0.743538 0.304644
s 0
usemtl Dark_Metal
f 408/888/342 409/889/342 435/890/342 407/891/342
f 409/889/343 410/892/343 436/893/343 435/890/343
f 410/894/344 411/895/344 437/896/344 436/897/344
f 411/898/345 413/899/345 412/900/345 437/901/345
f 415/902/346 416/903/346 438/904/346 414/905/346
f 413/899/347 415/906/347 414/905/347 412/900/347
f 415/907/348 404/908/348 434/909/348 416/910/348
f 411/911/349 402/912/349 403/913/349 413/914/349
f 399/915/350 434/916/350 438/917/350 405/918/350
f 434/916/350 404/923/350 414/924/350 438/917/350
f 413/914/352 403/913/352 404/908/352 415/907/352
f 410/925/353 401/926/353 402/912/353 411/911/353
f 408/927/354 400/928/354 433/929/354 409/930/354
f 409/930/355 433/929/355 401/926/355 410/925/355
f 406/931/356 399/932/356 400/928/356 408/927/356
f 400/933/350 399/915/350 405/918/350 407/934/350
f 406/931/357 416/910/357 434/909/357 399/932/357
f 433/979/350 400/933/350 407/934/350 435/980/350
f 401/981/350 433/979/350 435/980/350 436/982/350
f 402/983/350 401/981/350 436/982/350 437/984/350
f 404/923/350 403/985/350 412/986/350 414/924/350
f 403/985/350 402/983/350 437/984/350 412/986/350
f 406/987/366 408/888/366 407/891/366 405/988/366
f 438/989/367 416/990/367 406/898/367 405/991/367
usemtl Clean_Metal
f 418/919/351 420/920/351 419/921/351 417/922/351
f 420/935/358 422/936/358 421/937/358 419/938/358
f 422/939/359 424/940/359 423/941/359 421/942/359
f 424/943/360 426/944/360 425/945/360 423/946/360
f 426/947/361 428/948/361 427/949/361 425/950/361
f 428/951/362 430/952/362 429/953/362 427/954/362
f 430/955/363 432/956/363 431/957/363 429/958/363
f 432/959/364 418/960/364 417/961/364 431/962/364
f 418/963/365 432/964/365 430/965/365 428/966/365 426/967/365 424/968/365 422/969/365 420/970/365
f 417/971/350 419/972/350 421/973/350 423/974/350 425/975/350 427/976/350 429/977/350 431/978/350
o sensor_2
v 0.673250 7.747716 -5.528224
v 0.673250 7.747716 -5.303224
v 0.783086 7.725869 -5.528224
v 0.783086 7.725869 -5.303224
v 0.876201 7.663651 -5.528224
v 0.876201 7.663651 -5.303224
v 0.938418 7.570537 -5.528224
v 0.938418 7.570537 -5.303224
v 0.960266 7.460700 -5.528224
v 0.960266 7.460700 -5.303224
v 0.938418 7.350863 -5.528224
v 0.938418 7.350863 -5.303224
v 0.876201 7.257749 -5.528224
v 0.876201 7.257749 -5.303224
v 0.783086 7.195531 -5.528224
v 0.783086 7.195531 -5.303224
v 0.673250 7.173684 -5.528224
v 0.673250 7.173683 -5.303224
v 0.563413 7.195531 -5.528224
v 0.563413 7.195531 -5.303224
v 0.470298 7.257749 -5.528224
v 0.470298 7.257749 -5.303224
v 0.408081 7.350863 -5.528224
v 0.408081 7.350863 -5.303224
v 0.386233 7.460700 -5.528224
v 0.386233 7.460700 -5.303224
v 0.408081 7.570537 -5.528224
v 0.408081 7.570537 -5.303224
v 0.470298 7.663651 -5.528224
v 0.470298 7.663651 -5.303224
v 0.563413 7.725869 -5.528224
v 0.563413 7.725869 -5.303224
v 0.673250 7.819905 -5.528224
v 0.673250 7.819905 -5.303224
v 0.810712 7.792562 -5.528224
v 0.810712 7.792562 -5.303224
v 0.927246 7.714696 -5.528224
v 0.927246 7.714696 -5.303224
v 1.005112 7.598162 -5.528224
v 1.005112 7.598162 -5.303224
v 1.032455 7.460700 -5.528224
v 1.032455 7.460700 -5.303224
v 1.005112 7.323238 -5.528224
v 1.005112 7.323238 -5.303224
v 0.927246 7.206704 -5.528224
v 0.927246 7.206704 -5.303224
v 0.810712 7.128838 -5.528224
v 0.810712 7.128838 -5.303224
v 0.673250 7.101495 -5.528224
v 0.673250 7.101495 -5.303224
v 0.535788 7.128838 -5.528224
v 0.535788 7.128838 -5.303224
v 0.419253 7.206704 -5.528224
v 0.419253 7.206704 -5.303224
v 0.341387 7.323238 -5.528224
v 0.341387 7.323238 -5.303224
v 0.314044 7.460700 -5.528224
v 0.314044 7.460700 -5.303224
v 0.341387 7.598162 -5.528224
v 0.341387 7.598162 -5.303224
v 0.419253 7.714696 -5.528224
v 0.419253 7.714696 -5.303224
v 0.535788 7.792562 -5.528224
v 0.535788 7.792562 -5.303224
v 0.673249 7.685699 -5.640723
v 0.673249 7.594138 -5.235723
v 0.832348 7.619798 -5.640723
v 0.767605 7.555055 -5.235723
v 0.898249 7.460699 -5.640723
v 0.806689 7.460699 -5.235723
v 0.832348 7.301600 -5.640723
v 0.767605 7.366343 -5.235723
v 0.673249 7.235699 -5.640723
v 0.673249 7.327259 -5.235723
v 0.514150 7.301600 -5.640723
v 0.578893 7.366343 -5.235723
v 0.448249 7.460699 -5.640723
v 0.539810 7.460699 -5.235723
v 0.514150 7.619798 -5.640723
v 0.578893 7.555055 -5.235723
v 0.673249 7.685699 -5.224473
v 0.673249 7.668005 -5.199419
v 0.819837 7.607286 -5.199419
v 0.832348 7.619798 -5.224473
v 0.880555 7.460699 -5.199419
v 0.898249 7.460699 -5.224473
v 0.819837 7.314111 -5.199419
v 0.832348 7.301600 -5.224473
v 0.673249 7.253392 -5.199419
v 0.673249 7.235699 -5.224473
v 0.526662 7.314111 -5.199419
v 0.514150 7.301600 -5.224473
v 0.465943 7.460699 -5.199419
v 0.448249 7.460699 -5.224473
v 0.526662 7.607286 -5.199419
v 0.514150 7.619798 -5.224473
vn 0.5556 0.8315 -0.0000
vn 0.8315 0.5556 -0.0000
vn 0.9808 0.1951 -0.0000
vn 0.9808 -0.1951 -0.0000
vn 0.8315 -0.5556 -0.0000
vn 0.5556 -0.8315 -0.0000
vn 0.1951 -0.9808 -0.0000
vn -0.1951 -0.9808 -0.0000
vn -0.5556 -0.8315 -0.0000
vn -0.8315 -0.5556 -0.0000
vn -0.9808 -0.1951 -0.0000
vn -0.9808 0.1951 -0.0000
vn -0.8315 0.5556 -0.0000
vn -0.5556 0.8315 -0.0000
vn -0.1951 0.9808 -0.0000
vn -0.0000 -0.0000 -1.0000
vn -0.0000 -0.0000 1.0000
vn 0.1951 0.9808 -0.0000
vn -0.3827 0.9239 -0.0000
vn 0.3827 0.9239 -0.0000
vn 0.9239 -0.3827 -0.0000
vn 0.3827 -0.9239 -0.0000
vn -0.3827 -0.9239 -0.0000
vn -0.9239 -0.3827 -0.0000
vn -0.9239 0.3827 -0.0000
vn 0.9239 0.3827 -0.0000
vn 0.1797 -0.4339 0.8829
vn -0.4339 -0.1797 0.8829
vn -0.4339 0.1797 0.8829
vn -0.1797 0.4339 0.8829
vn 0.1797 0.4339 0.8829
vn 0.4339 0.1797 0.8829
vn 0.4339 -0.1797 0.8829
vn 0.7737 0.3205 0.5464
vn 0.7737 -0.3205 0.5464
vn 0.3205 -0.7737 0.5464
vn -0.3205 -0.7737 0.5464
vn -0.7737 -0.3205 0.5464
vn -0.7737 0.3205 0.5464
vn -0.3205 0.7737 0.5464
vn -0.1797 -0.4339 0.8829
vn 0.3205 0.7737 0.5464
vt 1.000000 0.501215
vt 1.000000 0.594123
vt 0.919074 0.594123
vt 0.919074 0.501215
vt 1.000000 0.672886
vt 0.919074 0.672886
vt 1.000000 0.725514
vt 0.919074 0.725514
vt 0.838148 0.403554
vt 0.838148 0.456182
vt 0.757221 0.456182
vt 0.757221 0.403554
vt 0.838148 0.534945
vt 0.757221 0.534945
vt 0.838148 0.627853
vt 0.757221 0.627853
vt 0.838148 0.720760
vt 0.757221 0.720760
vt 0.838148 0.799523
vt 0.757221 0.799523
vt 0.757221 0.334644
vt 0.838148 0.334644
vt 0.838148 0.403554
vt 0.757221 0.246105
vt 0.838148 0.246105
vt 0.757221 0.151418
vt 0.838148 0.151418
vt 0.757221 0.064998
vt 0.838148 0.064997
vt 0.757221 0.000000
vt 0.838148 -0.000000
vt 0.557154 0.842980
vt 0.557154 0.895608
vt 0.476228 0.895608
vt 0.476228 0.842980
vt 0.557154 0.974371
vt 0.476228 0.974371
vt 0.919074 0.830499
vt 1.000000 0.830499
vt 1.000000 0.904735
vt 0.919074 0.904735
vt 0.047853 0.752187
vt 0.076819 0.822116
vt 0.036251 0.849223
vt -0.000000 0.761706
vt 0.076819 0.345888
vt 0.130340 0.399409
vt 0.103233 0.439977
vt 0.036251 0.372995
vt 0.047853 0.676497
vt -0.000000 0.666978
vt 0.200269 0.428375
vt 0.190750 0.476228
vt 0.076819 0.606568
vt 0.036251 0.579461
vt 0.275959 0.428375
vt 0.285478 0.476228
vt 0.130340 0.553047
vt 0.103233 0.512479
vt 0.345888 0.399409
vt 0.372995 0.439977
vt 0.200269 0.524081
vt 0.190750 0.476228
vt 0.399409 0.345888
vt 0.439977 0.372995
vt 0.275959 0.524081
vt 0.285478 0.476228
vt 0.428375 0.275959
vt 0.476228 0.285478
vt 0.345888 0.553047
vt 0.372995 0.512479
vt 0.428375 0.200269
vt 0.476228 0.190750
vt 0.399409 0.606568
vt 0.439977 0.579461
vt 0.399409 0.130340
vt 0.439977 0.103233
vt 0.428375 0.676497
vt 0.476228 0.666978
vt 0.345888 0.076819
vt 0.372995 0.036251
vt 0.428375 0.752187
vt 0.476228 0.761706
vt 0.275959 0.047853
vt 0.285478 0.000000
vt 0.399409 0.822116
vt 0.439977 0.849223
vt 0.200269 0.047853
vt 0.190750 0.000000
vt 0.345888 0.875637
vt 0.372995 0.916205
vt 0.130340 0.076819
vt 0.103233 0.036251
vt 0.275959 0.904603
vt 0.285478 0.952456
vt 0.076819 0.130340
vt 0.036251 0.103233
vt 0.200269 0.904603
vt 0.190750 0.952456
vt 0.047853 0.200269
vt 0.000000 0.190750
vt 0.130340 0.875637
vt 0.103233 0.916205
vt 0.047853 0.275959
vt 0.000000 0.285478
vt 0.919074 0.978971
vt 1.000000 0.978971
vt 0.919074 0.767565
vt 1.000000 0.767565
vt 0.919074 0.725514
vt 1.000000 0.725514
vt 0.919074 0.450359
vt 0.838148 0.450359
vt 0.838148 0.408308
vt 0.919074 0.408308
vt 0.919074 0.513293
vt 0.838148 0.513293
vt 0.919074 0.587529
vt 0.838148 0.587529
vt 0.919074 0.661765
vt 0.838148 0.661765
vt 0.919074 0.724700
vt 0.838148 0.724700
vt 0.919074 0.766751
vt 0.838148 0.766751
vt 0.625942 0.832505
vt 0.706868 0.832505
vt 0.706868 0.884440
vt 0.625942 0.884440
vt 0.625942 0.763452
vt 0.706868 0.763452
vt 0.625942 0.687794
vt 0.706868 0.687794
vt 0.625942 0.617049
vt 0.706868 0.617049
vt 0.625942 0.561987
vt 0.706868 0.561987
vt 0.902457 0.799523
vt 0.902457 0.880450
vt 0.839522 0.880450
vt 0.839522 0.799523
vt 0.757221 0.949237
vt 0.757221 0.799523
vt 0.839522 0.949237
vt 0.838148 0.209615
vt 0.987861 0.209615
vt 0.987861 0.326007
vt 0.838148 0.326007
vt 0.476228 0.842980
vt 0.476228 0.760679
vt 0.625942 0.760679
vt 0.625942 0.842980
vt 0.476228 0.644288
vt 0.625942 0.644288
vt 0.476228 0.561987
vt 0.625942 0.561987
vt 0.987861 0.000000
vt 0.987861 0.114769
vt 0.838148 0.114769
vt 0.838148 0.000000
vt 0.987861 0.209615
vt 0.838148 0.209615
vt 1.000000 0.408308
vt 0.919074 0.408308
vt 0.651238 0.223820
vt 0.582211 0.223820
vt 0.533401 0.175010
vt 0.533401 0.105983
vt 0.582211 0.057173
vt 0.651239 0.057173
vt 0.700048 0.105983
vt 0.700048 0.175011
vt 0.987861 0.408308
vt 0.838148 0.408308
vt 0.558529 0.561987
vt 0.476228 0.479686
vt 0.476228 0.363295
vt 0.558529 0.280994
vt 0.674920 0.280994
vt 0.757221 0.363295
vt 0.757221 0.479686
vt 0.674920 0.561987
vt 0.670344 0.269945
vt 0.563105 0.269945
vt 0.746173 0.086878
vt 0.746173 0.194116
vt 0.670344 0.011049
vt 0.563106 0.011049
vt 0.487277 0.086877
vt 0.487277 0.194116
vt 0.757221 0.082301
vt 0.757221 0.198692
vt 0.674920 -0.000000
vt 0.558529 0.000000
vt 0.476228 0.082301
vt 0.476228 0.198692
vt 0.558529 0.280993
vt 0.674920 0.280993
s 0
usemtl Dark_Metal
f 474/992/368 476/993/368 475/994/368 473/995/368
f 476/993/369 478/996/369 477/997/369 475/994/369
f 478/996/370 480/998/370 479/999/370 477/997/370
f 480/1000/371 482/1001/371 481/1002/371 479/1003/371
f 482/1001/372 484/1004/372 483/1005/372 481/1002/372
f 484/1004/373 486/1006/373 485/1007/373 483/1005/373
f 486/1006/374 488/1008/374 487/1009/374 485/1007/374
f 488/1008/375 490/1010/375 489/1011/375 487/1009/375
f 490/1003/376 492/1012/376 491/1013/376 489/1014/376
f 492/1012/377 494/1015/377 493/1016/377 491/1013/377
f 494/1015/378 496/1017/378 495/1018/378 493/1016/378
f 496/1017/379 498/1019/379 497/1020/379 495/1018/379
f 498/1019/380 500/1021/380 499/1022/380 497/1020/380
f 500/1023/381 502/1024/381 501/1025/381 499/1026/381
f 502/1024/382 472/1027/382 471/1028/382 501/1025/382
f 468/1029/373 467/1030/373 469/1031/373 470/1032/373
f 441/1033/383 439/1034/383 471/1035/383 473/1036/383
f 440/1037/384 442/1038/384 474/1039/384 472/1040/384
f 443/1041/383 441/1033/383 473/1036/383 475/1042/383
f 442/1038/384 444/1043/384 476/1044/384 474/1039/384
f 445/1045/383 443/1041/383 475/1042/383 477/1046/383
f 444/1043/384 446/1047/384 478/1048/384 476/1044/384
f 447/1049/383 445/1045/383 477/1046/383 479/1050/383
f 446/1047/384 448/1051/384 480/1052/384 478/1048/384
f 449/1053/383 447/1049/383 479/1050/383 481/1054/383
f 448/1051/384 450/1055/384 482/1056/384 480/1052/384
f 451/1057/383 449/1053/383 481/1054/383 483/1058/383
f 450/1055/384 452/1059/384 484/1060/384 482/1056/384
f 453/1061/383 451/1057/383 483/1058/383 485/1062/383
f 452/1059/384 454/1063/384 486/1064/384 484/1060/384
f 455/1065/383 453/1061/383 485/1062/383 487/1066/383
f 454/1063/384 456/1067/384 488/1068/384 486/1064/384
f 457/1069/383 455/1065/383 487/1066/383 489/1070/383
f 456/1067/384 458/1071/384 490/1072/384 488/1068/384
f 459/1073/383 457/1069/383 489/1070/383 491/1074/383
f 458/1071/384 460/1075/384 492/1076/384 490/1072/384
f 461/1077/383 459/1073/383 491/1074/383 493/1078/383
f 460/1075/384 462/1079/384 494/1080/384 492/1076/384
f 463/1081/383 461/1077/383 493/1078/383 495/1082/383
f 462/1079/384 464/1083/384 496/1084/384 494/1080/384
f 465/1085/383 463/1081/383 495/1082/383 497/1086/383
f 464/1083/384 466/1087/384 498/1088/384 496/1084/384
f 467/1089/383 465/1085/383 497/1086/383 499/1090/383
f 466/1087/384 468/1091/384 500/1092/384 498/1088/384
f 469/1093/383 467/1089/383 499/1090/383 501/1094/383
f 468/1091/384 470/1095/384 502/1096/384 500/1092/384
f 439/1034/383 469/1093/383 501/1094/383 471/1035/383
f 470/1095/384 440/1037/384 472/1040/384 502/1096/384
f 440/1097/374 470/1032/374 469/1031/374 439/1098/374
f 466/1099/372 465/1100/372 467/1030/372 468/1029/372
f 464/1101/371 463/1102/371 465/1100/371 466/1099/371
f 462/1103/370 461/1104/370 463/1105/370 464/1106/370
f 460/1107/369 459/1108/369 461/1104/369 462/1103/369
f 458/1109/368 457/1110/368 459/1108/368 460/1107/368
f 456/1111/385 455/1112/385 457/1110/385 458/1109/385
f 454/1113/382 453/1114/382 455/1112/382 456/1111/382
f 452/1115/381 451/1116/381 453/1114/381 454/1113/381
f 450/1117/380 449/1118/380 451/1119/380 452/1120/380
f 448/1121/379 447/1122/379 449/1118/379 450/1117/379
f 446/1123/378 445/1124/378 447/1122/378 448/1121/378
f 444/1125/377 443/1126/377 445/1124/377 446/1123/377
f 442/1127/376 441/1128/376 443/1126/376 444/1125/376
f 440/1129/375 439/1130/375 441/1131/375 442/1132/375
f 517/1133/386 534/1134/386 519/1132/386 503/1135/386
f 503/1136/387 519/1137/387 522/1138/387 505/1139/387
f 524/1140/388 526/1141/388 509/1142/388 507/1143/388
f 526/1141/389 528/1144/389 511/1145/389 509/1142/389
f 528/1144/390 530/1146/390 513/1147/390 511/1145/390
f 530/1148/391 532/1149/391 515/1150/391 513/1151/391
f 532/1149/392 534/1152/392 517/1153/392 515/1150/392
f 472/1154/385 474/992/385 473/995/385 471/1155/385
f 505/1139/393 522/1138/393 524/1164/393 507/1165/393
usemtl Clean_Metal
f 518/1157/394 504/1156/394 520/1174/394 533/1175/394
f 506/1163/395 508/1162/395 523/1176/395 521/1177/395
f 508/1162/396 510/1161/396 525/1178/396 523/1176/396
f 510/1161/397 512/1160/397 527/1179/397 525/1178/397
f 512/1160/398 514/1159/398 529/1180/398 527/1179/398
f 514/1159/399 516/1158/399 531/1181/399 529/1180/399
f 516/1158/400 518/1157/400 533/1175/400 531/1181/400
f 524/1182/401 522/1183/401 521/1177/401 523/1176/401
f 526/1184/402 524/1182/402 523/1176/402 525/1178/402
f 528/1185/403 526/1184/403 525/1178/403 527/1179/403
f 530/1186/404 528/1185/404 527/1179/404 529/1180/404
f 532/1187/405 530/1186/405 529/1180/405 531/1181/405
f 534/1188/406 532/1187/406 531/1181/406 533/1175/406
f 519/1189/407 534/1188/407 533/1175/407 520/1174/407
f 504/1156/408 506/1163/408 521/1177/408 520/1174/408
f 522/1183/409 519/1189/409 520/1174/409 521/1177/409
usemtl Dark_Glass
f 504/1156/384 518/1157/384 516/1158/384 514/1159/384 512/1160/384 510/1161/384 508/1162/384 506/1163/384
f 503/1166/383 505/1167/383 507/1168/383 509/1169/383 511/1170/383 513/1171/383 515/1172/383 517/1173/383
o Cargo
v 3.375004 6.928587 -4.926356
v 3.375001 0.178586 -4.926356
v 3.375004 6.928587 -11.676357
v 3.375001 0.178586 -11.676357
v -3.374998 6.928590 -4.926356
v -3.375000 0.178588 -4.926356
v -3.374998 6.928590 -11.676357
v -3.375000 0.178588 -11.676357
v 2.845479 6.928588 -11.676357
v -2.845473 6.928590 -11.676357
v 2.845477 0.178586 -11.676357
v -2.845476 0.178588 -11.676357
v -2.796972 6.928590 -4.926356
v 2.796978 6.928588 -4.926356
v -2.796975 0.178588 -4.926356
v 2.796976 0.178586 -4.926356
v 3.375003 6.409304 -4.926356
v 3.375001 0.697870 -4.926356
v 3.375001 0.751786 -11.676357
v 3.375003 6.355387 -11.676357
v -3.374998 6.409306 -4.926356
v -3.375000 0.697872 -4.926356
v -3.375000 0.751789 -11.676357
v -3.374998 6.355390 -11.676357
v -2.812500 0.741088 -4.926356
v -2.812498 6.366089 -4.926356
v 2.812501 0.741086 -4.926356
v 2.812503 6.366087 -4.926356
v 3.375004 6.928587 -5.480821
v 3.375004 6.928587 -11.095835
v 3.375001 0.178586 -5.480821
v 3.375001 0.178586 -11.095835
v -3.374998 6.928590 -5.484838
v -3.374998 6.928590 -11.095835
v -3.375000 0.178588 -5.480821
v -3.375000 0.178588 -11.095835
v -2.812500 0.178588 -11.113857
v -2.812500 0.178588 -5.488856
v 2.812501 0.178586 -11.113857
v 2.812501 0.178586 -5.488856
v -2.812498 6.928590 -11.113857
v -2.812498 6.928590 -5.484838
v 2.812503 6.928588 -11.113857
v 2.812503 6.928588 -5.488856
v -3.374998 6.370192 -5.484838
v -3.374998 6.370192 -11.113857
v -3.375000 0.736987 -5.488856
v -3.375000 0.736987 -11.113857
v 3.375003 6.370189 -5.488856
v 3.375003 6.370189 -11.113857
v 3.375001 0.736984 -5.488856
v 3.375001 0.736984 -11.113857
v -2.812500 0.741088 -5.151356
v -2.812498 6.366089 -5.151356
v 2.812501 0.741086 -5.151356
v 2.812503 6.366087 -5.151356
v -2.882812 0.324838 -11.113857
v -2.812500 0.403588 -5.488856
v 2.882814 0.324836 -11.113857
v 2.812501 0.403586 -5.488856
v -2.882811 6.782339 -11.113857
v -2.812498 6.703589 -5.488856
v 2.882816 6.782337 -11.113857
v 2.812503 6.703588 -5.488856
v -3.149998 6.370192 -5.488856
v -3.228748 6.370192 -11.113857
v -3.150000 0.736986 -5.488856
v -3.228750 0.736986 -11.113857
v 3.150003 6.370190 -5.488856
v 3.228753 6.370190 -11.113857
v 3.150001 0.736984 -5.488856
v 3.228751 0.736984 -11.113857
v 1.344607 0.741087 -11.676357
v 2.812502 2.208981 -11.676357
v 2.198833 1.354755 -11.676357
v 1.344609 6.366088 -11.676357
v 2.812503 4.898193 -11.676357
v 2.198834 5.752419 -11.676357
v -1.344605 0.741088 -11.676357
v -2.812499 2.208982 -11.676357
v -2.198831 1.354756 -11.676357
v -1.344603 6.366089 -11.676357
v -2.812498 4.898195 -11.676357
v -2.198830 5.752421 -11.676357
v 1.040795 2.512794 -9.651357
v 0.000002 3.553588 -9.651357
v 1.040795 4.594381 -9.651357
v 3.375004 6.928587 -5.958614
v 3.375001 0.178586 -5.958614
v 3.375001 0.178586 -6.399282
v 3.375001 0.178586 -6.894464
v 3.375001 0.178586 -7.349196
v 3.375001 0.178586 -7.832491
v 3.375001 0.178586 -8.299617
v 3.375001 0.178586 -8.770281
v 3.375001 0.178586 -9.254230
v 3.375001 0.178586 -9.704556
v 3.375001 0.178586 -10.193808
v 3.375004 6.928587 -6.399282
v -1.040792 2.512795 -9.651357
v 3.375004 6.928587 -6.894464
v 3.375004 6.928587 -7.349196
v 3.375004 6.928587 -7.832491
v 3.375004 6.928587 -8.299617
v 3.375004 6.928587 -8.770281
v 3.375004 6.928587 -9.254230
v 3.375004 6.928587 -9.704556
v 3.375004 6.928587 -10.193808
v -3.375000 0.178588 -5.958614
v -3.375000 0.178588 -6.399282
v -3.375000 0.178588 -6.894464
v -3.375000 0.178588 -7.349196
v -3.375000 0.178588 -7.832491
v -3.375000 0.178588 -8.299617
v -3.375000 0.178588 -8.770281
v -3.375000 0.178588 -9.254230
v -3.375000 0.178588 -9.704556
v -3.375000 0.178588 -10.193808
v 2.812501 0.178586 -10.193808
v 2.812501 0.178586 -9.704556
v 2.812501 0.178586 -9.254230
v 2.812501 0.178586 -8.770281
v 2.812501 0.178586 -8.299617
v 2.812501 0.178586 -7.832491
v 2.812501 0.178586 -7.349196
v 2.812501 0.178586 -6.894464
v 2.812501 0.178586 -6.399282
v 2.812501 0.178586 -5.958614
v -1.040791 4.594381 -9.651357
v -3.374998 6.928590 -5.958614
v -3.374998 6.928590 -6.399282
v -3.374998 6.928590 -6.894464
v -3.374998 6.928590 -7.349196
v -3.374998 6.928590 -7.832491
v -3.374998 6.928590 -8.299617
v -3.374998 6.928590 -8.770281
v -3.374998 6.928590 -9.254230
v -3.374998 6.928590 -9.704556
v -3.374998 6.928590 -10.193808
v -2.812500 0.178588 -10.193808
v -2.812500 0.178588 -9.704556
v -2.812500 0.178588 -9.254230
v -2.812500 0.178588 -8.770281
v -2.812500 0.178588 -8.299617
v -2.812500 0.178588 -7.832491
v -2.812500 0.178588 -7.349196
v -2.812500 0.178588 -6.894464
v -2.812500 0.178588 -6.399282
v -2.812500 0.178588 -5.958614
v 2.812503 6.928588 -10.193808
v 2.812503 6.928588 -9.704556
v 2.812503 6.928588 -9.254230
v 2.812503 6.928588 -8.770281
v 2.812503 6.928588 -8.299617
v 2.812503 6.928588 -7.832491
v 2.812503 6.928588 -7.349196
v 2.812503 6.928588 -6.894464
v 2.812503 6.928588 -6.399282
v 2.812503 6.928588 -5.958614
v -2.812498 6.928590 -10.193808
v -2.812498 6.928590 -9.704556
v -2.812498 6.928590 -9.254230
v -2.812498 6.928590 -8.770281
v -2.812498 6.928590 -8.299617
v -2.812498 6.928590 -7.832491
v -2.812498 6.928590 -7.349196
v -2.812498 6.928590 -6.894464
v -2.812498 6.928590 -6.399282
v -2.812498 6.928590 -5.958614
v 3.375003 6.366087 -5.958614
v 3.375003 6.366087 -6.399282
v 3.375003 6.366087 -6.894464
v 3.375003 6.366087 -7.349196
v 3.375003 6.366087 -7.832491
v 3.375003 6.366087 -8.299617
v 3.375003 6.366087 -8.770281
v 3.375003 6.366087 -9.254230
v 3.375003 6.366087 -9.704556
v 3.375001 0.741086 -5.958614
v 3.375001 0.741086 -6.399282
v 3.375001 0.741086 -6.894464
v 3.375001 0.741086 -7.349196
v 3.375001 0.741086 -7.832491
v 3.375001 0.741086 -8.299617
v 3.375001 0.741086 -8.770281
v 3.375001 0.741086 -9.254230
v 3.375001 0.741086 -9.704556
v 3.375001 0.741086 -10.193808
v 3.375003 6.366087 -10.193808
v -3.375000 0.741089 -5.958614
v -3.375000 0.741089 -6.399282
v -3.375000 0.741089 -6.894464
v -3.375000 0.741089 -7.349196
v -3.375000 0.741089 -7.832491
v -3.375000 0.741089 -8.299617
v -3.375000 0.741089 -8.770281
v -3.375000 0.741089 -9.254230
v -3.375000 0.741089 -9.704556
v -3.375000 0.741089 -10.193808
v 2.882814 0.324836 -10.193808
v 2.812501 0.403586 -9.704556
v 2.882814 0.324836 -9.254230
v 2.812501 0.403586 -8.770281
v 2.882814 0.324836 -8.299617
v 2.812501 0.403586 -7.832491
v 2.882814 0.324836 -7.349196
v 2.812501 0.403586 -6.894464
v 2.882814 0.324836 -6.399282
v 2.812501 0.403586 -5.958614
v -3.374998 6.366090 -5.958614
v -3.374998 6.366090 -6.399282
v -3.374998 6.366090 -6.894464
v -3.374998 6.366090 -7.349196
v -3.374998 6.366090 -7.832491
v -3.374998 6.366090 -8.299617
v -3.374998 6.366090 -8.770281
v -3.374998 6.366090 -9.254230
v -3.374998 6.366090 -9.704556
v -3.374998 6.366090 -10.193808
v -2.882812 0.324838 -10.193808
v -2.812500 0.403588 -9.704556
v -2.882812 0.324838 -9.254230
v -2.812500 0.403588 -8.770281
v -2.882812 0.324838 -8.299617
v -2.812500 0.403588 -7.832491
v -2.882812 0.324838 -7.349196
v -2.812500 0.403588 -6.894464
v -2.882812 0.324838 -6.399282
v -2.812500 0.403588 -5.958614
v 2.882816 6.782337 -10.193808
v 2.812503 6.703588 -9.704556
v 2.882816 6.782337 -9.254230
v 2.812503 6.703588 -8.770281
v 2.882816 6.782337 -8.299617
v 2.812503 6.703588 -7.832491
v 2.882816 6.782337 -7.349196
v 2.812503 6.703588 -6.894464
v 2.882816 6.782337 -6.399282
v 2.812503 6.703588 -5.958614
v -2.882811 6.782339 -10.193808
v -2.812498 6.703589 -9.704556
v -2.882811 6.782339 -9.254230
v -2.812498 6.703589 -8.770281
v -2.882811 6.782339 -8.299617
v -2.812498 6.703589 -7.832491
v -2.882811 6.782339 -7.349196
v -2.812498 6.703589 -6.894464
v -2.882811 6.782339 -6.399282
v -2.812498 6.703589 -5.958614
v 3.150003 6.370190 -5.958614
v 3.228753 6.370190 -6.399282
v 3.150003 6.370190 -6.894464
v 3.228753 6.370190 -7.349196
v 3.150003 6.370190 -7.832491
v 3.228753 6.370190 -8.299617
v 3.150003 6.370190 -8.770281
v 3.228753 6.370190 -9.254230
v 3.150003 6.370190 -9.704556
v 3.150001 0.736984 -5.958614
v 3.228751 0.736984 -6.399282
v 3.150001 0.736984 -6.894464
v 3.228751 0.736984 -7.349196
v 3.150001 0.736984 -7.832491
v 3.228751 0.736984 -8.299617
v 3.150001 0.736984 -8.770281
v 3.228751 0.736984 -9.254230
v 3.150001 0.736984 -9.704556
v 3.228751 0.736984 -10.193808
v 3.228753 6.370190 -10.193808
v 0.000001 0.178587 -11.676357
v 0.000001 0.178587 -4.926356
v 0.000003 6.928589 -11.676357
v 0.000001 0.741087 -4.926356
v 0.000003 6.928589 -4.926356
v 0.000003 6.366088 -4.926356
v 0.000001 0.178587 -11.113857
v 0.000001 0.178587 -5.488856
v 0.000003 6.928589 -11.113857
v 0.000001 0.741087 -5.151356
v 0.000003 6.928589 -5.488856
v 0.000003 6.366088 -5.151356
v 0.000001 0.324837 -11.113857
v 0.000001 0.403587 -5.488856
v 0.000001 0.741087 -11.676357
v 0.000003 6.782338 -11.113857
v 0.000001 0.324837 -10.193808
v 0.000001 0.403587 -9.704556
v 0.000001 0.324837 -9.254230
v 0.000001 0.403587 -8.770281
v 0.000001 0.324837 -8.299617
v 0.000001 0.403587 -7.832491
v 0.000001 0.324837 -7.349196
v 0.000001 0.403587 -6.894464
v 0.000001 0.324837 -6.399282
v 0.000001 0.403587 -5.958614
v 0.000003 6.703588 -5.488856
v 0.000003 6.366088 -11.676357
v 0.000003 6.782338 -10.193808
v 0.000003 6.703588 -9.704556
v 0.000003 6.782338 -9.254230
v 0.000003 6.703588 -8.770281
v 0.000003 6.782338 -8.299617
v 0.000003 6.703588 -7.832491
v 0.000003 6.782338 -7.349196
v 0.000003 6.703588 -6.894464
v 0.000003 6.782338 -6.399282
v -3.150000 0.736986 -5.958614
v -3.228750 0.736986 -6.399282
v -3.150000 0.736986 -6.894464
v -3.228750 0.736986 -7.349196
v -3.150000 0.736986 -7.832491
v -3.228750 0.736986 -8.299617
v -3.150000 0.736986 -8.770281
v -3.228750 0.736986 -9.254230
v -3.150000 0.736986 -9.704556
v -3.228750 0.736986 -10.193808
v 3.375002 3.553587 -4.926356
v 3.375002 3.553587 -11.676357
v -3.374999 3.553589 -11.676357
v 2.812502 3.553587 -4.926356
v -2.812499 3.553589 -4.926356
v -3.374999 3.553589 -11.113857
v 3.375002 3.553587 -5.488856
v 3.375002 3.553587 -11.113857
v -3.374999 3.553589 -5.488856
v 2.812502 3.553587 -5.151356
v 3.150002 3.553587 -5.488856
v 3.228752 3.553587 -11.113857
v -3.228749 3.553589 -11.113857
v -2.812499 3.553589 -11.676357
v 2.812502 3.553587 -11.676357
v -3.149999 3.553589 -5.958614
v -3.228749 3.553589 -7.349196
v -3.149999 3.553589 -8.770281
v -3.228749 3.553589 -10.193808
v -3.149999 3.553589 -6.894464
v -3.228749 3.553589 -8.299617
v -3.149999 3.553589 -9.704556
v 3.150002 3.553587 -5.958614
v 3.228752 3.553587 -6.399282
v 3.150002 3.553587 -6.894464
v 3.228752 3.553587 -7.349196
v 3.150002 3.553587 -7.832491
v 3.228752 3.553587 -8.299617
v 3.150002 3.553587 -8.770281
v 3.228752 3.553587 -9.254230
v 3.150002 3.553587 -9.704556
v 3.228752 3.553587 -10.193808
v -3.374999 3.553589 -4.926356
v -2.812499 3.553589 -5.151356
v -3.149999 3.553589 -5.488856
v -3.228749 3.553589 -6.399282
v -3.149999 3.553589 -7.832491
v -3.228749 3.553589 -9.254230
v 0.000002 3.553588 -5.151356
v 0.000003 6.703588 -5.958614
v -3.149998 6.370192 -5.958614
v -3.228748 6.370192 -6.399282
v -3.149998 6.370192 -6.894464
v -3.228748 6.370192 -7.349196
v -3.149998 6.370192 -7.832491
v -3.228748 6.370192 -8.299617
v -3.149998 6.370192 -8.770281
v -3.228748 6.370192 -9.254230
v -3.149998 6.370192 -9.704556
v -3.228748 6.370192 -10.193808
v 0.000002 5.662963 -12.576358
v 2.198834 5.752419 -12.126358
v 2.812503 4.898193 -12.126358
v -1.344603 6.366089 -12.126358
v -2.198830 5.752421 -12.126358
v 1.344609 6.366088 -12.126358
v -2.812498 4.898195 -12.126358
v 1.344607 0.741087 -12.126358
v 2.198833 1.354755 -12.126358
v 2.812502 2.208981 -12.126358
v -2.198831 1.354756 -12.126358
v -2.812499 2.208982 -12.126358
v -1.344605 0.741088 -12.126358
v 0.672304 1.444212 -12.576358
v -2.109374 2.881285 -12.576358
v 0.000001 0.741087 -12.126358
v 0.672305 5.662963 -12.576358
v 0.000001 1.444212 -12.576358
v -0.672301 5.662964 -12.576358
v 0.000003 6.366088 -12.126358
v -0.672302 1.444213 -12.576358
v -2.812499 3.553589 -12.126358
v 2.812502 3.553587 -12.126358
v -2.109374 3.553589 -12.576358
v 2.109377 3.553587 -12.576358
v 2.109377 4.225891 -12.576358
v 2.109377 2.881284 -12.576358
v -2.109374 4.225892 -12.576358
v -1.194228 4.154208 -13.701358
v -0.600617 4.747818 -13.701358
v -1.039513 4.593103 -13.251358
v 1.829394 4.766572 -12.576358
v 1.212986 5.382979 -12.576358
v 1.898040 5.451625 -12.359838
v 0.600621 4.747818 -13.701358
v 1.194232 4.154207 -13.701358
v 1.039517 4.593102 -13.251358
v -1.829390 2.340604 -12.576358
v -1.212983 1.724197 -12.576358
v -1.898036 1.655551 -12.359838
v 1.194232 2.952968 -13.701358
v 0.600620 2.359358 -13.701358
v 1.039516 2.514073 -13.251358
v 1.212985 1.724196 -12.576358
v 1.829393 2.340603 -12.576358
v 1.898039 1.655550 -12.359838
v -0.600618 2.359358 -13.701358
v -1.194228 2.952969 -13.701358
v -1.039513 2.514073 -13.251358
v -1.212982 5.382980 -12.576358
v -1.829389 4.766572 -12.576358
v -1.898035 5.451626 -12.359838
v 1.279499 3.914572 -9.651357
v 1.279498 3.192604 -9.651357
v 0.360985 2.274091 -9.651357
v -0.360983 2.274091 -9.651357
v -0.360982 4.833085 -9.651357
v 0.360986 4.833085 -9.651357
v -1.279495 3.192604 -9.651357
v -1.279495 3.914572 -9.651357
v 0.360775 4.832484 -13.701358
v -0.360770 4.832485 -13.701358
v -0.172942 5.140712 -13.411961
v 0.000002 5.162611 -13.376922
v 0.172947 5.140712 -13.411961
v -0.360771 2.274692 -13.701358
v 0.360774 2.274691 -13.701358
v 0.172946 1.966464 -13.411961
v 0.000001 1.944565 -13.376922
v -0.172943 1.966464 -13.411961
v -1.278895 3.914361 -13.701358
v -1.278895 3.192816 -13.701358
v -1.587122 3.380644 -13.411961
v -1.609021 3.553588 -13.376922
v -1.587122 3.726533 -13.411961
v 1.278898 3.192815 -13.701358
v 1.278898 3.914360 -13.701358
v 1.587125 3.726532 -13.411961
v 1.609025 3.553587 -13.376922
v 1.587125 3.380643 -13.411961
vn 1.0000 -0.0000 -0.0000
vn -0.0000 -0.0000 -1.0000
vn -0.0000 -0.0000 1.0000
vn -0.0000 -1.0000 -0.0000
vn -1.0000 -0.0000 -0.0000
vn -0.0000 1.0000 -0.0000
vn -0.0000 0.9851 -0.1723
vn -0.0221 -0.9998 0.0018
vn -0.0221 -0.9998 -0.0019
vn -0.0000 0.9870 -0.1608
vn -0.9790 -0.1854 -0.0853
vn 0.2402 -0.3846 -0.8913
vn 0.0221 0.9998 -0.0019
vn -0.0089 0.0007 -1.0000
vn 0.9873 -0.0000 0.1589
vn -0.0000 -0.9853 0.1706
vn 0.0221 -0.9998 0.0018
vn -0.0221 -0.9998 0.0019
vn 0.0221 -0.9998 -0.0019
vn 0.9784 -0.1853 -0.0917
vn -0.0140 0.9999 -0.0022
vn -0.0000 -0.9876 -0.1571
vn 0.9790 0.1854 -0.0853
vn 0.9013 -0.4333 -0.0000
vn -0.2402 -0.3846 -0.8913
vn -0.0000 0.9853 0.1706
vn 0.2402 0.3846 -0.8913
vn -0.3846 0.2402 -0.8913
vn -0.0000 0.8480 -0.5300
vn 0.9013 0.4333 -0.0000
vn 0.3321 0.9433 0.0003
vn 0.9787 -0.1854 0.0886
vn 0.9786 -0.1853 -0.0893
vn 0.9789 -0.1854 0.0863
vn 0.9781 0.1853 -0.0946
vn 0.9790 0.1854 0.0843
vn 0.9784 0.1853 -0.0917
vn 0.9789 0.1854 0.0863
vn 0.9786 0.1853 -0.0893
vn 0.9787 0.1854 0.0886
vn 0.9789 0.1854 -0.0862
vn 0.9783 0.1853 0.0926
vn -0.9851 -0.0000 -0.1723
vn -0.9863 -0.0000 -0.1650
vn -0.9870 -0.0000 -0.1608
vn -0.9876 -0.0000 -0.1571
vn -0.0091 0.9999 0.0044
vn -0.0221 0.9998 -0.0020
vn -0.0221 0.9998 0.0018
vn -0.0221 0.9998 -0.0019
vn -0.0221 0.9998 -0.0018
vn -0.0221 0.9998 0.0019
vn 0.0140 -0.9999 -0.0022
vn -0.9433 -0.3321 0.0003
vn 0.9781 -0.1853 -0.0946
vn 0.0221 -0.9998 -0.0018
vn -0.0000 0.9863 -0.1650
vn -0.0000 0.9873 0.1589
vn -0.0140 -0.9999 -0.0022
vn -0.9013 -0.4333 -0.0000
vn -0.0221 -0.9998 -0.0018
vn -0.0000 -0.9873 0.1589
vn -0.0000 -0.9851 -0.1723
vn -0.0000 -0.9870 0.1606
vn -0.0000 -0.9863 -0.1650
vn -0.0000 -0.9861 0.1662
vn -0.0000 -0.9870 -0.1608
vn -0.0000 -0.9844 0.1759
vn 0.8480 -0.0000 -0.5300
vn 0.9790 -0.1854 0.0843
vn 0.9789 -0.1854 -0.0862
vn 0.0140 0.9999 -0.0022
vn -0.9861 -0.0000 0.1662
vn -0.9789 -0.1854 -0.0862
vn 0.9844 -0.0000 0.1759
vn 0.9876 -0.0000 -0.1571
vn 0.9853 -0.0000 0.1706
vn 0.9870 -0.0000 -0.1608
vn 0.9861 -0.0000 0.1662
vn 0.9863 -0.0000 -0.1650
vn 0.9870 -0.0000 0.1606
vn 0.9851 -0.0000 -0.1723
vn -0.0000 0.9861 0.1662
vn -0.0000 0.9870 0.1606
vn 0.0221 0.9998 0.0018
vn 0.0221 0.9998 -0.0018
vn 0.0221 0.9998 0.0019
vn -0.9013 0.4333 -0.0000
vn 0.0091 0.9999 0.0044
vn 0.0221 0.9998 -0.0020
vn -0.0000 0.9876 -0.1571
vn 0.9790 -0.1854 -0.0853
vn -0.3321 0.9433 0.0003
vn -0.8480 -0.0000 -0.5300
vn -0.0000 0.9844 0.1759
vn -0.9790 0.1854 -0.0853
vn -0.9783 0.1853 0.0926
vn -0.9789 0.1854 -0.0862
vn -0.9787 0.1854 0.0886
vn -0.9786 0.1853 -0.0893
vn -0.9789 0.1854 0.0863
vn -0.9784 0.1853 -0.0917
vn -0.9790 0.1854 0.0843
vn -0.9781 0.1853 -0.0946
vn -0.0091 -0.9999 0.0044
vn -0.0221 -0.9998 -0.0020
vn 0.9783 -0.1853 0.0926
vn -0.9844 -0.0000 0.1759
vn -0.9873 -0.0000 0.1589
vn -0.9790 -0.1854 0.0843
vn -0.9789 -0.1854 0.0863
vn -0.9853 -0.0000 0.1706
vn -0.9870 -0.0000 0.1606
vn -0.9781 -0.1853 -0.0946
vn -0.9787 -0.1854 0.0886
vn -0.9784 -0.1853 -0.0917
vn -0.3321 -0.9433 0.0003
vn -0.9786 -0.1853 -0.0893
vn 0.0092 -0.9999 0.0043
vn 0.9433 -0.3321 0.0003
vn -0.9783 -0.1853 0.0926
vn 0.0221 -0.9998 -0.0020
vn 0.0221 -0.9998 0.0019
vn -0.0007 0.0089 -1.0000
vn -0.8122 0.5834 -0.0000
vn 0.8122 -0.5834 -0.0000
vn 0.5834 0.8122 -0.0000
vn -0.5834 0.8122 -0.0000
vn 0.5834 -0.8122 -0.0000
vn 0.8122 0.5834 -0.0000
vn -0.5834 -0.8122 -0.0000
vn -0.8122 -0.5834 -0.0000
vn -0.0000 -0.8480 -0.5300
vn -0.3178 0.7255 -0.6104
vn 0.7255 -0.3178 -0.6104
vn 0.9433 0.3321 0.0003
vn -0.3178 -0.7255 -0.6104
vn 0.3178 0.7255 -0.6104
vn -0.7255 -0.3178 -0.6104
vn 0.7255 0.3178 -0.6104
vn -0.7255 0.3178 -0.6104
vn -0.2402 0.3846 -0.8913
vn 0.3178 -0.7255 -0.6104
vn -0.3846 -0.2402 -0.8913
vn 0.3321 -0.9433 0.0003
vn 0.3846 -0.2402 -0.8913
vn 0.3846 0.2402 -0.8913
vn -0.0000 0.5391 -0.8423
vn 0.5391 -0.0000 -0.8423
vn -0.5391 -0.0000 -0.8423
vn -0.0000 -0.5391 -0.8423
vn 0.6457 -0.6457 0.4077
vn 0.2661 0.2661 -0.9265
vn -0.6457 -0.6457 0.4077
vn -0.2661 -0.2661 -0.9265
vn -0.6457 0.6457 0.4077
vn 0.2661 -0.2661 -0.9265
vn 0.6457 0.6457 0.4077
vn -0.2661 0.2661 -0.9265
vn -0.5564 0.5564 -0.6170
vn -0.5564 -0.5564 -0.6170
vn 0.5564 -0.5564 -0.6170
vn 0.5564 0.5564 -0.6170
vn -0.0000 0.6902 -0.7236
vn -0.0000 -0.6902 -0.7236
vn -0.6902 -0.0000 -0.7236
vn 0.6902 -0.0000 -0.7236
vn -0.0000 -1.0000 0.0001
vn 1.0000 -0.0000 0.0001
vn -0.0000 1.0000 0.0001
vn -1.0000 -0.0000 0.0001
vn -0.9433 0.3321 0.0003
vt 0.795156 0.295191
vt 0.794428 0.272637
vt 0.817874 0.272637
vt 0.817874 0.295789
vt 0.941880 0.386401
vt 0.932792 0.386401
vt 0.932792 0.272637
vt 0.941880 0.272637
vt 0.249917 0.136318
vt 0.249917 0.022720
vt 0.272637 0.023347
vt 0.272637 0.136318
vt 0.022720 0.022720
vt 0.000000 0.023347
vt 0.000000 0.000000
vt 0.020974 0.000000
vt 0.136318 0.249917
vt 0.136318 0.272637
vt 0.020974 0.272637
vt 0.022720 0.249917
vt 0.295346 0.522554
vt 0.295021 0.545274
vt 0.272627 0.545274
vt 0.272627 0.521927
vt 0.408955 0.000000
vt 0.408955 0.022720
vt 0.354646 0.022720
vt 0.295789 0.000000
vt 0.295346 0.408955
vt 0.272627 0.408955
vt 0.522122 0.000000
vt 0.463265 0.022720
vt 0.567992 0.022554
vt 0.545274 0.023152
vt 0.545274 0.000000
vt 0.568720 0.000000
vt 0.022720 0.136318
vt 0.000000 0.136318
vt 0.522554 0.190628
vt 0.545274 0.251249
vt 0.545274 0.272637
vt 0.522122 0.272637
vt 0.463265 0.249917
vt 0.497768 0.225131
vt 0.408955 0.272637
vt 0.295789 0.272637
vt 0.354646 0.249917
vt 0.408955 0.249917
vt 0.193137 0.295357
vt 0.193137 0.272637
vt 0.213137 0.272637
vt 0.213137 0.295357
vt 0.284055 0.661712
vt 0.302271 0.661712
vt 0.302271 0.778151
vt 0.284055 0.775311
vt 0.644314 0.659038
vt 0.644314 0.545274
vt 0.681473 0.545274
vt 0.681473 0.659038
vt 0.193137 0.522554
vt 0.213137 0.522554
vt 0.213137 0.545274
vt 0.193137 0.545274
vt 0.945244 0.722898
vt 0.954332 0.722898
vt 0.954332 0.836497
vt 0.945244 0.836497
vt 0.567992 0.250083
vt 0.568720 0.272637
vt 0.545274 0.272637
vt 0.545274 0.249485
vt 0.295346 0.295357
vt 0.272627 0.295984
vt 0.272627 0.272637
vt 0.295021 0.272637
vt 0.249917 0.249917
vt 0.251663 0.272637
vt 0.136318 0.022720
vt 0.136318 0.000000
vt 0.567992 0.136318
vt 0.545274 0.136318
vt 0.953811 0.113523
vt 0.959718 0.113524
vt 0.962899 0.132534
vt 0.953811 0.132533
vt 0.971987 0.116439
vt 0.977894 0.116439
vt 0.977894 0.232877
vt 0.971987 0.230037
vt 0.251663 0.000000
vt 0.795156 0.408955
vt 0.817874 0.408955
vt 0.545254 0.408955
vt 0.545254 0.293611
vt 0.567972 0.295191
vt 0.567972 0.408955
vt 0.960056 0.386236
vt 0.960055 0.499834
vt 0.950968 0.499834
vt 0.950968 0.386236
vt 0.250070 0.295357
vt 0.250070 0.272637
vt 0.272627 0.272637
vt 0.272627 0.295984
vt 0.953811 0.094656
vt 0.962899 0.094657
vt 0.817894 0.136318
vt 0.795176 0.136318
vt 0.795176 0.022554
vt 0.817894 0.020974
vt 0.908892 0.741871
vt 0.908892 0.722898
vt 0.917980 0.722898
vt 0.917980 0.741871
vt 0.681473 0.772803
vt 0.644314 0.772803
vt 0.359666 0.661712
vt 0.379213 0.661712
vt 0.379213 0.778151
vt 0.359666 0.775311
vt 0.174770 0.522554
vt 0.174770 0.545274
vt 0.945244 0.912923
vt 0.939337 0.912954
vt 0.936156 0.893163
vt 0.945244 0.893163
vt 0.249908 0.522554
vt 0.272627 0.521927
vt 0.272627 0.545274
vt 0.250233 0.545274
vt 0.740810 0.772803
vt 0.767961 0.801198
vt 0.746123 0.812507
vt 0.718455 0.809736
vt 0.706308 0.797589
vt 0.545254 0.408955
vt 0.545254 0.523886
vt 0.522535 0.522554
vt 0.522535 0.408955
vt 0.295357 0.190628
vt 0.320143 0.225131
vt 0.272637 0.272637
vt 0.272637 0.251249
vt 0.230935 0.522554
vt 0.230935 0.545274
vt 0.963420 0.855431
vt 0.954332 0.855430
vt 0.957512 0.836563
vt 0.963420 0.836565
vt 0.545254 0.545274
vt 0.521807 0.545274
vt 0.314319 0.522554
vt 0.314319 0.545274
vt 0.941880 0.500166
vt 0.932792 0.500166
vt 0.624588 0.659038
vt 0.624588 0.772803
vt 0.950968 0.272637
vt 0.960056 0.272637
vt 0.075110 0.661713
vt 0.056771 0.661713
vt 0.056771 0.548114
vt 0.075110 0.545274
vt 0.545254 0.272637
vt 0.567648 0.272637
vt 0.485375 0.545274
vt 0.485375 0.522554
vt 0.018973 0.661713
vt 0.000000 0.661713
vt -0.000000 0.548114
vt 0.018973 0.548114
vt 0.567923 0.886401
vt 0.454324 0.886401
vt 0.454324 0.772803
vt 0.567923 0.772803
vt 0.718632 0.659038
vt 0.718632 0.772803
vt 0.681473 0.772803
vt 0.681473 0.659038
vt 0.927068 0.798197
vt 0.927068 0.817717
vt 0.917980 0.817718
vt 0.921161 0.798198
vt 0.757997 0.295357
vt 0.757997 0.272637
vt 0.018973 0.775311
vt 0.000000 0.775311
vt 0.953811 0.152079
vt 0.959718 0.152080
vt 0.962899 0.170269
vt 0.953811 0.170267
vt 0.795501 0.000000
vt 0.817894 0.000000
vt 0.720049 0.522554
vt 0.738237 0.522554
vt 0.738237 0.545274
vt 0.720049 0.545274
vt 0.927068 0.836583
vt 0.921161 0.836585
vt 0.971987 0.002840
vt 0.977894 -0.000000
vt 0.936156 0.874977
vt 0.936156 0.893343
vt 0.927068 0.893343
vt 0.930249 0.874946
vt 0.960056 0.309798
vt 0.960056 0.272637
vt 0.965963 0.272637
vt 0.965963 0.309797
vt 0.962899 0.113599
vt 0.962899 0.000000
vt 0.971987 0.000000
vt 0.971987 0.113599
vt 0.295357 0.082009
vt 0.272637 0.021388
vt 0.272637 -0.000000
vt 0.320143 0.047506
vt 0.757997 0.522554
vt 0.795156 0.522720
vt 0.794428 0.545274
vt 0.757997 0.545274
vt 0.817874 0.522122
vt 0.036744 0.661713
vt 0.036744 0.545274
vt 0.935635 0.113764
vt 0.935635 0.000000
vt 0.944723 0.000000
vt 0.944723 0.113764
vt 0.941880 0.309827
vt 0.947787 0.309796
vt 0.950968 0.329587
vt 0.941880 0.329587
vt 0.545254 0.294025
vt 0.522535 0.295357
vt 0.521807 0.272637
vt 0.545254 0.272637
vt 0.945244 0.741871
vt 0.936156 0.741871
vt 0.936156 0.722898
vt 0.945244 0.722898
vt 0.936156 0.722929
vt 0.936156 0.760089
vt 0.930249 0.760057
vt 0.930249 0.722898
vt 0.849429 0.772803
vt 0.883932 0.797589
vt 0.871781 0.809736
vt 0.844109 0.812507
vt 0.822270 0.801198
vt 0.545254 0.524300
vt 0.567972 0.522720
vt 0.567648 0.545274
vt 0.379213 0.545274
vt 0.397553 0.548114
vt 0.397553 0.661712
vt 0.978414 0.839337
vt 0.978414 0.952936
vt 0.972507 0.955776
vt 0.972507 0.839337
vt 0.485375 0.295357
vt 0.485375 0.272637
vt 0.971987 0.227197
vt 0.962899 0.227197
vt 0.022719 0.522554
vt 0.059879 0.522554
vt 0.059879 0.545274
vt 0.023447 0.545274
vt 0.227162 0.661712
vt 0.264322 0.661712
vt 0.264322 0.778151
vt 0.227162 0.778151
vt 0.740810 1.000000
vt 0.706308 0.975214
vt 0.718455 0.963062
vt 0.746123 0.960287
vt 0.767961 0.971596
vt 0.883932 0.975214
vt 0.871781 0.963062
vt 0.869006 0.935390
vt 0.880315 0.913552
vt 0.908719 0.940711
vt 0.817894 0.251663
vt 0.817894 0.272637
vt 0.795338 0.272637
vt 0.795338 0.250083
vt 0.435351 0.661712
vt 0.454324 0.661712
vt 0.454324 0.775311
vt 0.435351 0.775311
vt 0.567923 1.000000
vt 0.454324 1.000000
vt 0.681521 0.772803
vt 0.681521 0.886401
vt 0.295998 0.799990
vt 0.329928 0.820159
vt 0.328505 0.827144
vt 0.295998 0.827144
vt 0.947787 0.272637
vt 0.941880 0.272668
vt 0.435351 0.548114
vt 0.454324 0.548114
vt 0.972507 0.722898
vt 0.978414 0.725738
vt 0.880691 0.436213
vt 0.880682 0.272637
vt 0.890370 0.272666
vt 0.908097 0.290895
vt 0.908148 0.436295
vt 0.936156 0.817582
vt 0.936156 0.836592
vt 0.930249 0.836560
vt 0.927068 0.817582
vt 0.936156 0.855458
vt 0.927068 0.855458
vt 0.941880 0.463081
vt 0.947787 0.463050
vt 0.950968 0.480879
vt 0.941880 0.480879
vt 0.941880 0.443082
vt 0.950968 0.443082
vt 0.941880 0.424716
vt 0.947787 0.424685
vt 0.941880 0.405197
vt 0.950968 0.405197
vt 0.941880 0.386330
vt 0.947787 0.386299
vt 0.941880 0.367321
vt 0.950968 0.367321
vt 0.941880 0.347775
vt 0.947787 0.347744
vt 0.662645 0.022720
vt 0.643099 0.022720
vt 0.643099 0.000000
vt 0.662645 0.000000
vt 0.700521 0.022720
vt 0.681654 0.022720
vt 0.681654 0.000000
vt 0.700521 0.000000
vt 0.738406 0.022720
vt 0.720040 0.022720
vt 0.720040 0.000000
vt 0.738406 0.000000
vt 0.776203 0.022720
vt 0.758405 0.022720
vt 0.758405 0.000000
vt 0.776203 0.000000
vt 0.756580 0.659038
vt 0.738357 0.659038
vt 0.738357 0.545274
vt 0.756580 0.545274
vt 0.795135 0.659038
vt 0.776091 0.659038
vt 0.776091 0.545274
vt 0.795135 0.545274
vt 0.833521 0.659038
vt 0.813966 0.659038
vt 0.813966 0.545274
vt 0.833521 0.545274
vt 0.871886 0.659038
vt 0.851852 0.659038
vt 0.851852 0.545274
vt 0.871886 0.545274
vt 0.908622 0.659038
vt 0.889649 0.659038
vt 0.889649 0.545274
vt 0.908622 0.545274
vt 0.960056 0.499826
vt 0.960056 0.480854
vt 0.969143 0.480853
vt 0.969143 0.499826
vt 0.960056 0.463056
vt 0.965963 0.463055
vt 0.960056 0.443056
vt 0.969143 0.443055
vt 0.960056 0.424690
vt 0.965963 0.424688
vt 0.960056 0.405170
vt 0.969143 0.405169
vt 0.960056 0.386303
vt 0.965963 0.386302
vt 0.960056 0.367293
vt 0.969143 0.367292
vt 0.960056 0.347747
vt 0.965963 0.347746
vt 0.960056 0.329559
vt 0.969143 0.329557
vt 0.927068 0.913088
vt 0.927068 0.950250
vt 0.921161 0.950250
vt 0.921161 0.913090
vt 0.465614 0.295357
vt 0.465614 0.272637
vt 0.447426 0.295357
vt 0.427880 0.295357
vt 0.427880 0.272637
vt 0.447426 0.272637
vt 0.408870 0.295357
vt 0.390003 0.295357
vt 0.390003 0.272637
vt 0.408870 0.272637
vt 0.370483 0.295357
vt 0.352117 0.295357
vt 0.352117 0.272637
vt 0.370483 0.272637
vt 0.332117 0.295357
vt 0.314319 0.295357
vt 0.314319 0.272637
vt 0.332117 0.272637
vt 0.681521 1.000000
vt 0.817894 0.163678
vt 0.817946 0.018281
vt 0.835673 0.000037
vt 0.845361 0.000000
vt 0.845352 0.163572
vt 0.936156 0.913343
vt 0.936156 0.931140
vt 0.927068 0.931140
vt 0.930249 0.913312
vt 0.155251 0.522554
vt 0.155251 0.545274
vt 0.097828 0.522554
vt 0.117374 0.522554
vt 0.117374 0.545274
vt 0.097828 0.545274
vt 0.079639 0.522554
vt 0.079639 0.545274
vt 0.605151 0.249917
vt 0.605151 0.272637
vt 0.927068 0.893328
vt 0.917980 0.893329
vt 0.927068 0.855593
vt 0.927068 0.875139
vt 0.921161 0.875141
vt 0.917980 0.855595
vt 0.359666 0.548114
vt 0.321790 0.661712
vt 0.321790 0.548114
vt 0.340827 0.545274
vt 0.340827 0.661712
vt 0.284055 0.548114
vt 0.302271 0.545274
vt 0.190002 0.661713
vt 0.190002 0.545274
vt 0.227162 0.545274
vt 0.227162 0.661713
vt 0.953811 0.190028
vt 0.959718 0.190029
vt 0.959718 0.227189
vt 0.953811 0.227189
vt 0.230935 0.272637
vt 0.230935 0.295357
vt 0.174770 0.295357
vt 0.174770 0.272637
vt 0.136384 0.295357
vt 0.136384 0.272637
vt 0.155251 0.272637
vt 0.155251 0.295357
vt 0.097828 0.295357
vt 0.097828 0.272637
vt 0.117374 0.272637
vt 0.117374 0.295357
vt 0.059879 0.295357
vt 0.059879 0.272637
vt 0.079639 0.272637
vt 0.079639 0.295357
vt 0.945244 0.950082
vt 0.939337 0.950113
vt 0.227162 0.545274
vt 0.264322 0.545274
vt 0.190002 0.778151
vt 0.170269 0.775311
vt 0.170269 0.661713
vt 0.152053 0.778151
vt 0.152053 0.661713
vt 0.132534 0.775311
vt 0.132534 0.661713
vt 0.113497 0.778151
vt 0.113497 0.661713
vt 0.094658 0.775311
vt 0.094658 0.661713
vt 0.075110 0.778151
vt 0.056771 0.775311
vt 0.036744 0.778151
vt 0.817874 0.485289
vt 0.850429 0.485289
vt 0.851854 0.492274
vt 0.817874 0.512443
vt 0.936156 0.798036
vt 0.930249 0.798005
vt 0.963420 0.760060
vt 0.957512 0.760058
vt 0.957512 0.722898
vt 0.963420 0.722898
vt 0.700521 0.249917
vt 0.700521 0.272637
vt 0.681654 0.272637
vt 0.681654 0.249917
vt 0.776203 0.249917
vt 0.776203 0.272637
vt 0.758405 0.272637
vt 0.758405 0.249917
vt 0.936156 0.950275
vt 0.927068 0.950113
vt 0.624911 0.249917
vt 0.624911 0.272637
vt 0.813966 0.772803
vt 0.795135 0.772803
vt 0.738406 0.272637
vt 0.738406 0.249917
vt 0.945244 0.874975
vt 0.939337 0.875006
vt 0.936156 0.855429
vt 0.945244 0.855429
vt 0.454324 0.659038
vt 0.454324 0.545274
vt 0.473296 0.545274
vt 0.473296 0.659038
vt 0.491060 0.545274
vt 0.491060 0.659038
vt 0.511094 0.545274
vt 0.511094 0.659038
vt 0.529425 0.545274
vt 0.529425 0.659038
vt 0.548979 0.545274
vt 0.548979 0.659038
vt 0.567811 0.545274
vt 0.567811 0.659038
vt 0.586855 0.545274
vt 0.586855 0.659038
vt 0.606366 0.545274
vt 0.606366 0.659038
vt 0.624588 0.545274
vt 0.586945 0.272637
vt 0.586945 0.295357
vt 0.604743 0.272637
vt 0.604743 0.295357
vt 0.624742 0.272637
vt 0.624742 0.295357
vt 0.643108 0.272637
vt 0.643108 0.295357
vt 0.662628 0.272637
vt 0.662628 0.295357
vt 0.681494 0.272637
vt 0.681494 0.295357
vt 0.700503 0.272637
vt 0.700503 0.295357
vt 0.720049 0.272637
vt 0.720049 0.295357
vt 0.738237 0.272637
vt 0.738237 0.295357
vt 0.340827 0.778151
vt 0.321790 0.775311
vt 0.681473 0.545274
vt 0.718632 0.545274
vt 0.170269 0.548114
vt 0.152053 0.545274
vt 0.132534 0.548114
vt 0.113497 0.545274
vt 0.094657 0.548114
vt 0.954332 0.817553
vt 0.963420 0.817555
vt 0.957512 0.798007
vt 0.963420 0.798009
vt 0.954332 0.779819
vt 0.963420 0.779820
vt 0.522554 0.136318
vt 0.545274 0.136318
vt 0.272637 0.249290
vt 0.681494 0.522554
vt 0.700503 0.522554
vt 0.700503 0.545274
vt 0.681494 0.545274
vt 0.662628 0.522554
vt 0.662628 0.545274
vt 0.604743 0.522554
vt 0.624742 0.522554
vt 0.624742 0.545274
vt 0.604743 0.545274
vt 0.586945 0.522554
vt 0.586945 0.545274
vt 0.908892 0.950082
vt 0.908892 0.912923
vt 0.914799 0.912954
vt 0.914799 0.950113
vt 0.465614 0.545274
vt 0.465614 0.522554
vt 0.447426 0.545274
vt 0.447426 0.522554
vt 0.427880 0.545274
vt 0.427880 0.522554
vt 0.408870 0.545274
vt 0.408870 0.522554
vt 0.390003 0.545274
vt 0.390003 0.522554
vt 0.370483 0.545274
vt 0.370483 0.522554
vt 0.352117 0.545274
vt 0.352117 0.522554
vt 0.332117 0.545274
vt 0.332117 0.522554
vt 0.522554 0.082009
vt 0.497768 0.047506
vt 0.545274 0.000000
vt 0.545274 0.021388
vt 0.963420 0.950087
vt 0.954332 0.950087
vt 0.954332 0.931114
vt 0.963420 0.931116
vt 0.957512 0.913316
vt 0.963420 0.913317
vt 0.954332 0.893316
vt 0.963420 0.893318
vt 0.957512 0.874950
vt 0.963420 0.874951
vt 0.417580 0.545274
vt 0.417580 0.661712
vt 0.944723 0.227529
vt 0.935635 0.227529
vt 0.936156 0.779849
vt 0.927068 0.779849
vt 0.000000 0.294025
vt 0.000000 0.272637
vt 0.023447 0.272637
vt 0.022719 0.295357
vt 0.824072 0.436295
vt 0.824123 0.290895
vt 0.841851 0.272666
vt 0.851538 0.272637
vt 0.851530 0.436213
vt 0.863736 0.212671
vt 0.831181 0.212671
vt 0.829756 0.205686
vt 0.863736 0.185516
vt 0.605151 0.022720
vt 0.605151 0.000000
vt 0.606366 0.772803
vt 0.567811 0.772803
vt 0.548979 0.772803
vt 0.529425 0.772803
vt 0.511094 0.772803
vt 0.491060 0.772803
vt 0.417580 0.778151
vt 0.397553 0.775311
vt 0.227162 0.778151
vt 0.908892 0.893163
vt 0.917980 0.893163
vt 0.908892 0.874975
vt 0.914799 0.875006
vt 0.908892 0.855429
vt 0.917980 0.855429
vt 0.908892 0.836420
vt 0.914799 0.836451
vt 0.908892 0.817554
vt 0.917980 0.817554
vt 0.908892 0.798034
vt 0.914799 0.798065
vt 0.908892 0.779668
vt 0.917980 0.779668
vt 0.908892 0.759669
vt 0.914799 0.759700
vt 0.756580 0.772803
vt 0.738357 0.772803
vt 0.776091 0.772803
vt 0.833521 0.772803
vt 0.871886 0.772803
vt 0.851852 0.772803
vt 0.908622 0.772803
vt 0.889649 0.772803
vt 0.953811 0.000000
vt 0.962899 0.000000
vt 0.962899 0.018973
vt 0.953811 0.018972
vt 0.959718 0.036771
vt 0.953811 0.036770
vt 0.962899 0.056771
vt 0.953811 0.056770
vt 0.959718 0.075138
vt 0.953811 0.075136
vt 0.662645 0.249917
vt 0.662645 0.272637
vt 0.643099 0.272637
vt 0.643099 0.249917
vt 0.720040 0.272637
vt 0.720040 0.249917
vt 0.944723 0.000000
vt 0.953811 -0.000000
vt 0.953811 0.113599
vt 0.944723 0.113599
vt 0.945244 0.779668
vt 0.936156 0.779668
vt 0.939337 0.759700
vt 0.945244 0.759669
vt 0.945244 0.817554
vt 0.936156 0.817554
vt 0.939337 0.798065
vt 0.945244 0.798034
vt 0.272637 0.272637
vt 0.000000 0.408955
vt 0.022719 0.408955
vt 0.624911 0.022720
vt 0.624911 0.000000
vt 0.939337 0.836451
vt 0.945244 0.836420
vt 0.405941 0.867007
vt 0.405811 0.812698
vt 0.423986 0.812654
vt 0.424116 0.866964
vt 0.249908 0.408955
vt 0.272627 0.408955
vt 0.945244 0.950096
vt 0.954332 0.950096
vt 0.950968 0.499852
vt 0.941880 0.499852
vt 0.927068 0.779830
vt 0.917980 0.779832
vt 0.000000 0.272637
vt 0.000000 0.249290
vt 0.935135 0.000000
vt 0.935635 0.163575
vt 0.925948 0.163575
vt 0.908166 0.145400
vt 0.907677 0.000000
vt 0.272637 0.136318
vt 0.295357 0.136318
vt 0.927068 0.722898
vt 0.927068 0.742032
vt 0.917980 0.742034
vt 0.917980 0.723061
vt 0.027458 0.778257
vt 0.027466 0.941829
vt 0.017779 0.941791
vt 0.000052 0.923548
vt -0.000000 0.778151
vt 0.927068 0.759831
vt 0.921161 0.759832
vt 0.136384 0.522554
vt 0.136384 0.545274
vt 0.643108 0.522554
vt 0.643108 0.545274
vt 0.586855 0.772803
vt 0.473296 0.772803
vt 0.454324 0.772803
vt 0.908622 0.688396
vt 0.908622 0.634086
vt 0.926797 0.634086
vt 0.926797 0.688396
vt 0.983801 0.000000
vt 0.983801 0.113764
vt 0.977894 0.113764
vt 0.977894 0.000000
vt 0.978231 0.272637
vt 0.984138 0.272637
vt 0.984138 0.386401
vt 0.978231 0.386401
vt 0.817874 0.545274
vt 0.963420 0.722898
vt 0.972507 0.836497
vt 0.963420 0.836497
vt 0.978231 0.272637
vt 0.978231 0.386236
vt 0.969143 0.386236
vt 0.969143 0.272637
vt 0.000000 0.523886
vt 0.000000 0.545274
vt 0.272637 0.000000
vt 0.944723 0.227197
vt 0.953811 0.227197
vt 0.932792 0.415759
vt 0.932521 0.450261
vt 0.914346 0.450261
vt 0.914617 0.415759
vt 0.983801 0.227529
vt 0.977894 0.227529
vt 0.978231 0.500166
vt 0.984138 0.500166
vt 0.963420 0.950096
vt 0.972507 0.950096
vt 0.978231 0.499834
vt 0.969143 0.499834
vt 0.908622 0.579777
vt 0.908893 0.545274
vt 0.927068 0.545274
vt 0.926797 0.579777
vt 0.405941 0.778195
vt 0.424116 0.778151
vt 0.405681 0.778195
vt 0.405811 0.812698
vt 0.387636 0.812654
vt 0.387506 0.778151
vt 0.927280 0.722898
vt 0.927068 0.688396
vt 0.945243 0.688396
vt 0.945455 0.722898
vt 0.932792 0.307140
vt 0.932792 0.361449
vt 0.914617 0.361449
vt 0.914617 0.307140
vt 0.908893 0.722898
vt 0.927068 0.722898
vt 0.405681 0.867007
vt 0.387506 0.866964
vt 0.927068 0.579777
vt 0.927280 0.545274
vt 0.945455 0.545274
vt 0.945243 0.579777
vt 0.932521 0.272637
vt 0.914346 0.272637
vt 0.927068 0.634086
vt 0.945243 0.634086
vt 0.863736 0.239826
vt 0.829756 0.219656
vt 0.817874 0.458134
vt 0.851854 0.478303
vt 0.250244 0.854299
vt 0.250244 0.827144
vt 0.282751 0.827144
vt 0.284174 0.834130
vt 0.341752 0.805306
vt 0.375682 0.785137
vt 0.387477 0.792723
vt 0.387506 0.802411
vt 0.341849 0.827144
vt 0.817998 0.436295
vt 0.863716 0.461029
vt 0.863679 0.470717
vt 0.084077 0.778151
vt 0.084025 0.923548
vt 0.066298 0.941791
vt 0.056610 0.941829
vt 0.056619 0.778257
vt 0.250244 0.799990
vt 0.250341 0.778151
vt 0.295998 0.802885
vt 0.295969 0.812573
vt 0.284174 0.820159
vt 0.296095 0.778151
vt 0.341752 0.802885
vt 0.341723 0.812573
vt 0.863612 0.163678
vt 0.817932 0.198099
vt 0.817894 0.188411
vt 0.817998 0.534282
vt 0.863679 0.499860
vt 0.863716 0.509548
vt 0.863612 0.261664
vt 0.817894 0.236930
vt 0.817932 0.227243
vt 0.849429 1.000000
vt 0.822270 0.971596
vt 0.844109 0.960287
vt 0.295969 0.841716
vt 0.295998 0.851404
vt 0.250341 0.876138
vt 0.908719 0.832092
vt 0.880315 0.859242
vt 0.869006 0.837404
vt 0.244285 0.778151
vt 0.244021 0.923552
vt 0.226267 0.941754
vt 0.216580 0.941769
vt 0.216827 0.778194
vt 0.721225 0.837404
vt 0.709917 0.859242
vt 0.681521 0.832092
vt 0.341752 0.778151
vt 0.374259 0.778151
vt 0.681521 0.940711
vt 0.709917 0.913552
vt 0.721225 0.935390
vt 0.795116 0.971596
vt 0.795120 1.000000
vt 0.681521 0.886401
vt 0.709917 0.886397
vt 0.908719 0.886401
vt 0.880315 0.886397
vt 0.795120 0.772803
vt 0.795116 0.801198
vt 0.250244 0.941584
vt 0.901971 0.163442
vt 0.817874 0.272871
vt 0.914346 0.272871
vt 0.330557 0.827144
vt 0.331208 0.862789
vt 0.295998 0.862789
vt 0.296649 0.827144
vt 0.331844 0.898404
vt 0.331208 0.862774
vt 0.366418 0.862774
vt 0.365752 0.898404
vt 0.296649 0.898404
vt 0.295998 0.862789
vt 0.331208 0.862789
vt 0.330557 0.898404
vt 0.365752 0.827144
vt 0.366418 0.862774
vt 0.331208 0.862774
vt 0.331844 0.827144
vt 0.135756 0.829831
vt 0.177795 0.871869
vt 0.150337 0.881511
vt 0.121176 0.881511
vt 0.093718 0.871869
vt 0.084077 0.844411
vt 0.084077 0.815251
vt 0.093718 0.787793
vt 0.177795 0.787793
vt 0.187436 0.815251
vt 0.187436 0.844411
vt 0.121176 0.778151
vt 0.150337 0.778151
vt 0.424116 0.807295
vt 0.424116 0.778151
vt 0.436568 0.785735
vt 0.437453 0.792720
vt 0.436568 0.799706
vt 0.424116 0.836438
vt 0.424116 0.807295
vt 0.436563 0.814884
vt 0.437447 0.821870
vt 0.436563 0.828855
vt 0.440987 0.807295
vt 0.440987 0.778151
vt 0.453439 0.785740
vt 0.454324 0.792726
vt 0.453439 0.799711
vt 0.450778 0.807295
vt 0.450778 0.836438
vt 0.438331 0.828855
vt 0.437447 0.821870
vt 0.438331 0.814884
vt 0.187436 0.941727
vt 0.187666 0.778151
vt 0.874505 -0.000000
vt 0.874513 0.163572
vt 0.884192 0.000037
vt 0.901919 0.018281
vt 0.901971 0.163678
s 0
usemtl Clean_Metal
f 586/1190/410 566/1191/410 538/1192/410 553/1193/410
f 859/1194/411 885/1195/411 601/1196/411 581/1197/411
f 809/1198/412 562/1199/412 548/1200/412 808/1201/412
f 561/1202/412 550/1203/412 536/1204/412 552/1205/412
f 855/1206/412 883/1207/412 556/1208/412 559/1209/412
f 574/1210/413 565/1211/413 536/1212/413 550/1213/413
f 853/1214/411 864/1215/411 614/1216/411 557/1217/411
f 811/1218/413 574/1210/413 550/1213/413 805/1219/413
f 853/1214/411 558/1220/411 617/1221/411 864/1215/411
f 582/1222/414 557/1223/414 542/1224/414 570/1225/414
f 807/1226/412 805/1227/412 550/1203/412 561/1202/412
f 610/1228/411 543/1229/411 537/1230/411 554/1231/411 611/1232/411 612/1233/411
f 852/1234/411 553/1235/411 608/1236/411 865/1237/411
f 701/1238/415 666/1239/415 665/1240/415 702/1241/415
f 833/1242/416 834/1243/416 766/1244/416 765/1245/416
f 882/1246/410 802/1247/410 606/1248/410 862/1249/410
f 691/1250/415 692/1251/415 633/1252/415 635/1253/415
f 572/1254/411 592/1255/411 817/1256/411 811/1257/411
f 580/1258/414 568/1259/414 541/1260/414 558/1261/414
f 572/1262/413 549/1263/413 540/1264/413 569/1265/413
f 855/1206/412 560/1266/412 555/1267/412 883/1207/412
f 854/1268/412 561/1202/412 552/1205/412 851/1269/412
f 856/1270/414 853/1271/414 557/1223/414 582/1222/414
f 709/1272/417 789/1273/417 790/1274/417 710/1275/417
f 810/1276/412 816/1277/412 591/1278/412 571/1279/412
f 854/1268/412 851/1269/412 551/1280/412 562/1199/412
f 858/1281/410 586/1190/410 553/1193/410 852/1282/410
f 851/1283/410 552/1284/410 585/1285/410 857/1286/410
f 807/1287/415 561/1288/415 589/1289/415 813/1290/415
f 576/1291/415 567/1292/415 539/1293/415 547/1294/415
f 708/1295/418 788/1296/418 789/1273/418 709/1272/418
f 883/1297/414 859/1298/414 581/1299/414 556/1300/414
f 662/1301/414 574/1302/414 594/1303/414 743/1304/414
f 882/1246/410 862/1249/410 604/1305/410 803/1306/410
f 837/1307/419 838/1308/419 770/1309/419 769/1310/419
f 690/1311/415 691/1250/415 635/1253/415 636/1312/415
f 684/1313/420 764/1314/420 765/1315/420 685/1316/420
f 578/1317/415 548/1318/415 535/1319/415 563/1320/415
f 804/1326/413 545/1327/413 573/1328/413 810/1329/413
f 607/1330/411 609/1331/411 608/1236/411 553/1235/411 538/1332/411 545/1333/411
f 693/1334/415 578/1317/415 563/1320/415 622/1335/415
f 728/1336/422 845/1337/422 846/1338/422 729/1339/422
f 545/1327/413 538/1340/413 566/1341/413 573/1328/413
f 662/1342/413 623/1343/413 565/1211/413 574/1210/413
f 859/1194/423 579/1344/423 599/1345/423 885/1195/423
f 881/1346/424 882/1246/424 803/1306/424 792/1347/424
f 807/1287/415 813/1290/415 587/1348/415 559/1349/415
f 826/1350/425 827/1351/425 761/1352/425 760/1353/425
f 552/1284/410 536/1354/410 565/1355/410 585/1285/410
f 566/1341/413 632/1356/413 653/1357/413 573/1328/413
f 829/1358/413 817/1359/413 592/1360/413 763/1361/413
f 889/1362/412 813/1363/412 589/1364/412 860/1365/412
f 869/1366/414 900/1367/414 600/1368/414 863/1369/414
f 747/1370/426 748/1371/426 895/1372/426 894/1373/426
f 722/1374/410 632/1375/410 566/1191/410 586/1190/410
f 829/1358/413 743/1376/413 594/1377/413 817/1359/413
f 711/1378/427 791/1379/427 792/1380/427 712/1381/427
f 556/1300/414 581/1299/414 569/1382/414 540/1383/414
f 711/1384/410 712/1385/410 641/1386/410 640/1387/410
f 748/1371/428 749/1388/428 896/1389/428 895/1372/428
f 810/1276/412 573/1390/412 593/1391/412 816/1277/412
f 700/1392/429 701/1393/429 781/1394/429 780/1395/429
f 722/1396/430 586/1397/430 606/1398/430 802/1399/430
f 809/1400/413 560/1401/413 588/1402/413 815/1403/413
f 613/1404/411 546/1405/411 542/1406/411 557/1217/411 614/1216/411 615/1407/411
f 723/1408/410 584/1409/410 564/1410/410 642/1411/410
f 858/1281/410 852/1282/410 554/1412/410 584/1409/410
f 827/1351/431 828/1413/431 762/1414/431 761/1352/431
f 857/1415/411 585/1416/411 605/1417/411 861/1418/411
f 674/1419/432 754/1420/432 755/1421/432 675/1422/432
f 546/1423/413 571/1424/413 570/1425/413 542/1426/413
f 693/1427/414 773/1428/414 598/1429/414 578/1430/414
f 575/1431/433 694/1432/433 774/1433/433 595/1434/433
f 551/1440/410 583/1441/410 563/1442/410 535/1340/410
f 838/1308/435 780/1443/435 781/1444/435 839/1445/435
f 812/1446/412 575/1447/412 595/1448/412 819/1449/412
f 571/1424/413 674/1450/413 652/1451/413 570/1425/413
f 809/1400/413 815/1403/413 590/1452/413 562/1453/413
f 577/1454/415 684/1455/415 642/1456/415 564/1457/415
f 819/1458/415 832/1459/415 764/1460/415 597/1461/415
f 555/1472/414 539/1473/414 567/1474/414 579/1475/414
f 890/1476/415 830/1477/415 598/1478/415 773/1479/415
f 889/1362/412 884/1480/412 587/1481/412 813/1363/412
f 889/1362/412 860/1365/412 590/1482/412 815/1483/412
f 591/1488/439 754/1420/439 674/1419/439 571/1489/439
f 890/1476/415 783/1490/415 596/1491/415 830/1477/415
f 812/1446/412 819/1449/412 597/1492/412 577/1493/412
f 697/1499/441 698/1500/441 778/1501/441 777/1502/441
f 698/1500/442 699/1503/442 779/1504/442 778/1501/442
f 699/1503/443 700/1392/443 780/1395/443 779/1504/443
f 682/1505/444 762/1506/444 763/1507/444 683/1508/444
f 681/1509/445 761/1510/445 762/1506/445 682/1505/445
f 680/1511/446 760/1512/446 761/1510/446 681/1509/446
f 679/1513/447 759/1514/447 760/1512/447 680/1511/447
f 678/1515/448 758/1516/448 759/1514/448 679/1513/448
f 677/1517/449 757/1518/449 758/1516/449 678/1515/449
f 676/1519/450 756/1520/450 757/1518/450 677/1517/450
f 675/1422/451 755/1421/451 756/1520/451 676/1519/451
f 730/1521/414 731/1522/414 650/1523/414 649/1524/414
f 728/1525/414 729/1526/414 648/1527/414 647/1528/414
f 726/1529/414 727/1530/414 646/1531/414 645/1532/414
f 724/1533/414 725/1534/414 644/1535/414 643/1536/414
f 888/1537/452 872/1538/452 849/1539/452 848/1540/452
f 871/1541/453 868/1542/453 847/1543/453 846/1544/453
f 867/1545/454 887/1546/454 845/1547/454 844/1548/454
f 886/1549/455 870/1550/455 843/1551/455 842/1552/455
f 885/1553/414 866/1554/414 841/1555/414 601/1556/414
f 585/1557/456 713/1558/456 793/1559/456 605/1560/456
f 713/1558/457 714/1561/457 794/1562/457 793/1559/457
f 714/1561/458 715/1563/458 795/1564/458 794/1562/458
f 715/1563/459 716/1565/459 796/1566/459 795/1564/459
f 716/1565/458 717/1567/458 797/1568/458 796/1566/458
f 717/1567/459 718/1569/459 798/1570/459 797/1568/459
f 718/1569/458 719/1571/458 799/1572/458 798/1570/458
f 719/1571/460 720/1573/460 800/1574/460 799/1572/460
f 720/1573/461 721/1575/461 801/1576/461 800/1574/461
f 721/1575/460 722/1396/460 802/1399/460 801/1576/460
f 753/1577/462 580/1578/462 600/1579/462 900/1580/462
f 674/1450/413 675/1581/413 651/1582/413 652/1451/413
f 676/1583/413 677/1584/413 649/1585/413 650/1586/413
f 678/1587/413 679/1588/413 647/1589/413 648/1590/413
f 680/1591/413 681/1592/413 645/1593/413 646/1594/413
f 682/1595/413 683/1596/413 643/1597/413 644/1598/413
f 889/1362/412 815/1483/412 588/1599/412 884/1480/412
f 702/1605/464 703/1606/464 783/1607/464 782/1608/464
f 689/1609/415 690/1311/415 636/1312/415 637/1610/415
f 686/1611/415 687/1612/415 639/1613/415 640/1614/415
f 684/1455/415 685/1615/415 641/1616/415 642/1456/415
f 568/1259/414 580/1258/414 753/1617/414 673/1618/414
f 752/1619/465 753/1577/465 900/1580/465 899/1620/465
f 750/1621/465 751/1622/465 898/1623/465 897/1624/465
f 837/1307/419 779/1625/419 780/1443/419 838/1308/419
f 835/1626/466 777/1627/466 778/1628/466 836/1629/466
f 833/1242/416 775/1630/416 776/1631/416 834/1243/416
f 820/1632/413 754/1633/413 591/1634/413 816/1635/413
f 832/1459/467 833/1242/467 765/1245/467 764/1460/467
f 723/1636/468 803/1637/468 604/1638/468 584/1639/468
f 702/1241/415 665/1240/415 664/1640/415 703/1641/415
f 700/1642/415 667/1643/415 666/1239/415 701/1238/415
f 698/1644/415 669/1645/415 668/1646/415 699/1647/415
f 696/1648/415 671/1649/415 670/1650/415 697/1651/415
f 694/1652/415 673/1653/415 672/1654/415 695/1655/415
f 577/1656/469 597/1657/469 764/1314/469 684/1313/469
f 712/1381/470 792/1380/470 803/1637/470 723/1636/470
f 819/1458/415 595/1658/415 774/1659/415 832/1459/415
f 820/1632/471 734/1660/471 735/1661/471 821/1662/471
f 821/1662/472 735/1661/472 736/1663/472 822/1664/472
f 822/1664/473 736/1663/473 737/1665/473 823/1666/473
f 823/1666/474 737/1665/474 738/1667/474 824/1668/474
f 824/1668/475 738/1667/475 739/1669/475 825/1670/475
f 825/1670/476 739/1669/476 740/1671/476 826/1350/476
f 826/1350/425 740/1671/425 741/1672/425 827/1351/425
f 827/1351/431 741/1672/431 742/1673/431 828/1413/431
f 828/1413/477 742/1673/477 743/1376/477 829/1358/477
f 675/1581/413 676/1583/413 650/1586/413 651/1582/413
f 677/1584/413 678/1587/413 648/1590/413 649/1585/413
f 679/1588/413 680/1591/413 646/1594/413 647/1589/413
f 681/1592/413 682/1595/413 644/1598/413 645/1593/413
f 701/1393/479 702/1605/479 782/1608/479 781/1394/479
f 696/1678/480 697/1499/480 777/1502/480 776/1679/480
f 733/1680/481 850/1681/481 602/1682/481 582/1683/481
f 748/1684/414 668/1685/414 669/1686/414 749/1687/414
f 744/1688/414 664/1689/414 665/1690/414 745/1691/414
f 703/1606/410 576/1692/410 596/1693/410 783/1607/410
f 752/1694/414 672/1695/414 673/1618/414 753/1617/414
f 887/1546/482 895/1696/482 896/1697/482 871/1541/482
f 745/1691/414 665/1690/414 666/1698/414 746/1699/414
f 686/1700/483 766/1701/483 767/1702/483 687/1703/483
f 703/1641/415 664/1640/415 567/1292/415 576/1291/415
f 861/1704/410 605/1705/410 793/1706/410 873/1707/410
f 873/1707/484 793/1706/484 794/1708/484 874/1709/484
f 874/1709/485 794/1708/485 795/1710/485 875/1711/485
f 875/1711/486 795/1710/486 796/1712/486 876/1713/486
f 876/1713/487 796/1712/487 797/1714/487 877/1715/487
f 877/1715/488 797/1714/488 798/1716/488 878/1717/488
f 878/1717/489 798/1716/489 799/1718/489 879/1719/489
f 879/1719/490 799/1718/490 800/1720/490 880/1721/490
f 880/1721/491 800/1720/491 801/1722/491 881/1346/491
f 881/1346/424 801/1722/424 802/1247/424 882/1246/424
f 585/1285/410 565/1355/410 623/1723/410 713/1724/410
f 713/1724/410 623/1723/410 624/1725/410 714/1726/410
f 714/1726/410 624/1725/410 625/1727/410 715/1728/410
f 715/1728/410 625/1727/410 626/1729/410 716/1730/410
f 716/1730/410 626/1729/410 627/1731/410 717/1732/410
f 717/1732/410 627/1731/410 628/1733/410 718/1734/410
f 718/1734/410 628/1733/410 629/1735/410 719/1736/410
f 719/1736/410 629/1735/410 630/1737/410 720/1738/410
f 720/1738/410 630/1737/410 631/1739/410 721/1740/410
f 721/1740/410 631/1739/410 632/1375/410 722/1374/410
f 836/1629/492 837/1307/492 769/1310/492 768/1741/492
f 835/1626/466 836/1629/466 768/1741/466 767/1742/466
f 834/1243/493 835/1626/493 767/1742/493 766/1244/493
f 869/1366/414 863/1369/414 602/1743/414 850/1744/414
f 820/1632/471 821/1662/471 755/1745/471 754/1633/471
f 821/1662/472 822/1664/472 756/1746/472 755/1745/472
f 822/1664/473 823/1666/473 757/1747/473 756/1746/473
f 823/1666/474 824/1668/474 758/1748/474 757/1747/474
f 824/1668/475 825/1670/475 759/1749/475 758/1748/475
f 825/1670/476 826/1350/476 760/1353/476 759/1749/476
f 729/1339/494 846/1338/494 847/1750/494 730/1751/494
f 730/1751/495 847/1750/495 848/1752/495 731/1753/495
f 731/1753/496 848/1752/496 849/1754/496 732/1755/496
f 732/1755/495 849/1754/495 850/1681/495 733/1680/495
f 610/1228/411 831/1756/411 806/1757/411 543/1229/411
f 809/1198/412 808/1201/412 547/1758/412 560/1266/412
f 709/1759/410 710/1760/410 639/1761/410 638/1762/410
f 708/1763/410 709/1759/410 638/1762/410 637/1764/410
f 705/1765/410 706/1766/410 635/1767/410 633/1768/410
f 583/1441/410 704/1769/410 622/1770/410 563/1442/410
f 573/1771/497 653/1772/497 734/1773/497 593/1774/497
f 653/1357/413 632/1356/413 631/1775/413 654/1776/413
f 654/1776/413 631/1775/413 630/1777/413 655/1778/413
f 655/1778/413 630/1777/413 629/1779/413 656/1780/413
f 656/1780/413 629/1779/413 628/1781/413 657/1782/413
f 657/1782/413 628/1781/413 627/1783/413 658/1784/413
f 658/1784/413 627/1783/413 626/1785/413 659/1786/413
f 659/1786/413 626/1785/413 625/1787/413 660/1788/413
f 660/1788/413 625/1787/413 624/1789/413 661/1790/413
f 661/1790/413 624/1789/413 623/1343/413 662/1342/413
f 616/1791/411 618/1792/411 617/1221/411 558/1220/411 541/1793/411 544/1794/411
f 581/1795/498 601/1796/498 841/1797/498 724/1798/498
f 724/1798/499 841/1797/499 842/1799/499 725/1800/499
f 725/1800/494 842/1799/494 843/1801/494 726/1802/494
f 726/1802/422 843/1801/422 844/1803/422 727/1804/422
f 727/1804/494 844/1803/494 845/1337/494 728/1336/494
f 839/1445/500 781/1444/500 782/1805/500 840/1806/500
f 857/1415/411 861/1418/411 603/1807/411 583/1808/411
f 694/1432/501 695/1809/501 775/1810/501 774/1433/501
f 544/1811/415 541/1812/415 568/1813/415 575/1814/415
f 733/1824/414 582/1222/414 570/1225/414 652/1825/414
f 880/1721/491 881/1346/491 792/1347/491 791/1826/491
f 877/1715/488 878/1717/488 789/1827/488 788/1828/488
f 876/1713/487 877/1715/487 788/1828/487 787/1829/487
f 874/1709/485 875/1711/485 786/1830/485 785/1831/485
f 699/1647/415 668/1646/415 667/1643/415 700/1642/415
f 697/1651/415 670/1650/415 669/1645/415 698/1644/415
f 695/1655/415 672/1654/415 671/1649/415 696/1648/415
f 840/1806/504 890/1476/504 773/1479/504 772/1832/504
f 839/1445/500 840/1806/500 772/1832/500 771/1833/500
f 838/1308/435 839/1445/435 771/1833/435 770/1309/435
f 593/1834/413 734/1660/413 820/1632/413 816/1635/413
f 653/1772/505 654/1835/505 735/1836/505 734/1773/505
f 654/1835/506 655/1837/506 736/1838/506 735/1836/506
f 655/1837/507 656/1839/507 737/1840/507 736/1838/507
f 656/1839/508 657/1841/508 738/1842/508 737/1840/508
f 657/1841/509 658/1843/509 739/1844/509 738/1842/509
f 658/1843/510 659/1845/510 740/1846/510 739/1844/510
f 659/1845/511 660/1847/511 741/1848/511 740/1846/511
f 660/1847/512 661/1849/512 742/1850/512 741/1848/512
f 661/1849/513 662/1301/513 743/1304/513 742/1850/513
f 888/1537/452 898/1851/452 899/1852/452 872/1538/452
f 871/1541/453 896/1697/453 897/1853/453 868/1542/453
f 867/1545/454 894/1854/454 895/1696/454 887/1546/454
f 886/1549/455 892/1855/455 893/1856/455 870/1550/455
f 885/1553/414 599/1857/414 891/1858/414 866/1554/414
f 583/1859/514 603/1860/514 784/1861/514 704/1862/514
f 704/1862/515 784/1861/515 785/1863/515 705/1864/515
f 705/1864/417 785/1863/417 786/1865/417 706/1866/417
f 706/1866/418 786/1865/418 787/1867/418 707/1868/418
f 707/1868/417 787/1867/417 788/1296/417 708/1295/417
f 695/1809/516 696/1678/516 776/1679/516 775/1810/516
f 750/1869/414 670/1870/414 671/1871/414 751/1872/414
f 746/1699/414 666/1698/414 667/1873/414 747/1874/414
f 710/1275/470 790/1274/470 791/1379/470 711/1378/470
f 578/1875/411 598/1876/411 830/1877/411 814/1878/411
f 866/1554/517 891/1858/517 892/1855/517 886/1549/517
f 872/1538/518 899/1852/518 900/1367/518 869/1366/518
f 749/1687/414 669/1686/414 670/1870/414 750/1869/414
f 691/1879/519 771/1880/519 772/1881/519 692/1882/519
f 689/1883/520 769/1884/520 770/1885/520 690/1886/520
f 560/1266/412 547/1758/412 539/1887/412 555/1267/412
f 806/1888/415 544/1811/415 575/1814/415 812/1889/415
f 840/1806/504 782/1805/504 783/1490/504 890/1476/504
f 870/1550/521 893/1856/521 894/1854/521 867/1545/521
f 868/1542/522 897/1853/522 898/1851/522 888/1537/522
f 579/1475/414 567/1474/414 664/1689/414 744/1688/414
f 747/1874/414 667/1873/414 668/1685/414 748/1684/414
f 751/1872/414 671/1871/414 672/1695/414 752/1694/414
f 692/1882/523 772/1881/523 773/1428/523 693/1427/523
f 731/1522/414 732/1890/414 651/1891/414 650/1523/414
f 729/1526/414 730/1521/414 649/1524/414 648/1527/414
f 727/1530/414 728/1525/414 647/1528/414 646/1531/414
f 725/1534/414 726/1529/414 645/1532/414 644/1535/414
f 581/1299/414 724/1533/414 643/1536/414 569/1382/414
f 872/1538/518 869/1366/518 850/1744/518 849/1539/518
f 868/1542/522 888/1537/522 848/1540/522 847/1543/522
f 887/1546/482 871/1541/482 846/1544/482 845/1547/482
f 870/1550/521 867/1545/521 844/1548/521 843/1551/521
f 866/1554/517 886/1549/517 842/1552/517 841/1555/517
f 687/1703/524 767/1702/524 768/1892/524 688/1893/524
f 732/1890/414 733/1824/414 652/1825/414 651/1891/414
f 828/1413/477 829/1358/477 763/1361/477 762/1414/477
f 814/1898/415 576/1291/415 547/1294/415 808/1899/415
f 690/1886/525 770/1885/525 771/1880/525 691/1879/525
f 814/1898/415 808/1899/415 548/1318/415 578/1317/415
f 574/1900/411 811/1257/411 817/1256/411 594/1901/411
f 804/1326/413 810/1329/413 571/1424/413 546/1423/413
f 683/1596/413 572/1262/413 569/1265/413 643/1597/413
f 683/1508/410 763/1507/410 592/1902/410 572/1903/410
f 746/1904/428 747/1370/428 894/1373/428 893/1905/428
f 559/1209/412 556/1208/412 540/1906/412 549/1907/412
f 811/1218/413 805/1219/413 549/1263/413 572/1262/413
f 807/1226/412 559/1209/412 549/1907/412 805/1227/412
f 607/1330/411 545/1333/411 804/1913/411 818/1914/411
f 688/1893/527 768/1892/527 769/1884/527 689/1883/527
f 579/1915/528 744/1916/528 891/1917/528 599/1918/528
f 613/1404/411 818/1914/411 804/1913/411 546/1405/411
f 685/1316/530 765/1315/530 766/1701/530 686/1700/530
f 692/1251/415 693/1334/415 622/1335/415 633/1252/415
f 744/1916/531 745/1924/531 892/1925/531 891/1917/531
f 687/1612/415 688/1926/415 638/1927/415 639/1613/415
f 685/1615/415 686/1611/415 640/1614/415 641/1616/415
f 751/1622/532 752/1619/532 899/1620/532 898/1623/532
f 749/1388/426 750/1621/426 897/1624/426 896/1389/426
f 836/1629/492 778/1628/492 779/1625/492 837/1307/492
f 834/1243/493 776/1631/493 777/1627/493 835/1626/493
f 832/1459/467 774/1659/467 775/1630/467 833/1242/467
f 707/1928/410 708/1763/410 637/1764/410 636/1929/410
f 875/1711/486 876/1713/486 787/1829/486 786/1830/486
f 710/1760/410 711/1384/410 640/1387/410 639/1761/410
f 704/1769/410 705/1765/410 633/1768/410 622/1770/410
f 706/1766/410 707/1928/410 636/1929/410 635/1767/410
f 879/1719/490 880/1721/490 791/1826/490 790/1930/490
f 878/1717/489 879/1719/489 790/1930/489 789/1827/489
f 861/1704/410 873/1707/410 784/1931/410 603/1932/410
f 873/1707/484 874/1709/484 785/1831/484 784/1931/484
f 688/1926/415 689/1609/415 637/1610/415 638/1927/415
f 712/1385/410 723/1408/410 642/1411/410 641/1386/410
f 616/1791/411 544/1794/411 806/1757/411 831/1756/411
f 745/1924/426 746/1904/426 893/1905/426 892/1925/426
f 851/1283/410 857/1286/410 583/1441/410 551/1440/410
f 852/1234/411 865/1237/411 611/1232/411 554/1231/411
f 586/1937/412 858/1938/412 862/1939/412 606/1940/412
f 883/1297/414 555/1472/414 579/1475/414 859/1298/414
f 582/1941/412 602/1942/412 863/1943/412 856/1944/412
f 584/1409/410 554/1412/410 537/1945/410 564/1410/410
f 559/1946/410 587/1492/410 884/1947/410 855/1948/410
f 561/1949/414 854/1950/414 860/1951/414 589/1952/414
f 543/1953/415 577/1454/415 564/1457/415 537/1954/415
f 806/1888/415 812/1889/415 577/1454/415 543/1953/415
f 856/1270/414 580/1258/414 558/1261/414 853/1271/414
f 562/1199/412 551/1280/412 535/1955/412 548/1200/412
f 576/1956/533 814/1878/533 830/1877/533 596/1957/533
f 584/1962/412 604/1963/412 862/1939/412 858/1938/412
f 580/1964/412 856/1944/412 863/1943/412 600/1965/412
f 560/1966/410 855/1948/410 884/1947/410 588/1967/410
f 562/1968/414 590/1969/414 860/1951/414 854/1950/414
f 568/1813/415 673/1653/415 694/1652/415 575/1814/415
usemtl Dark_Metal
f 908/1321/421 914/1322/421 944/1323/421 946/1324/421 909/1325/421
f 913/1435/434 911/1436/434 940/1437/434 939/1438/434 921/1439/434
f 906/1462/436 902/1463/436 934/1464/436 933/1465/436 917/1466/436
f 905/1467/437 952/1468/437 951/1469/437 928/1470/437 907/1471/437
f 917/1484/438 965/1485/438 964/1486/438 901/1487/438
f 956/1494/440 966/1495/440 947/1496/440 949/1497/440 634/1498/440
f 621/1600/463 937/1601/463 936/1602/463 977/1603/463 953/1604/463
f 925/1674/478 979/1675/478 978/1676/478 926/1677/478
f 619/1815/502 943/1816/502 942/1817/502 967/1818/502 955/1819/502
f 924/1820/503 974/1821/503 973/1822/503 915/1823/503
f 831/1894/415 610/1895/415 906/1896/415 920/1897/415
f 958/1908/526 961/1909/526 935/1910/526 937/1911/526 621/1912/526
f 960/1919/529 971/1920/529 929/1921/529 931/1922/529 663/1923/529
f 611/1933/410 865/1934/410 923/1935/410 903/1936/410
f 617/1958/534 618/1959/534 905/1960/534 907/1961/534
f 608/1970/535 609/1971/535 909/1972/535 910/1973/535
f 865/1934/410 608/1970/410 910/1973/410 923/1935/410
f 610/1895/536 612/1974/536 902/1975/536 906/1896/536
f 618/1976/537 616/1977/537 904/1978/537 905/1979/537
f 609/1980/538 607/1981/538 908/1982/538 909/1983/538
f 614/1984/414 864/1985/414 922/1986/414 912/1987/414
f 864/1985/414 617/1958/414 907/1961/414 922/1986/414
f 612/1988/539 611/1933/539 903/1936/539 902/1989/539
f 616/1977/415 831/1990/415 920/1991/415 904/1978/415
f 613/1992/540 615/1993/540 911/1994/540 913/1995/540
f 615/1996/541 614/1984/541 912/1987/541 911/1997/541
f 818/1998/413 613/1992/413 913/1995/413 916/1999/413
f 607/1981/413 818/1998/413 916/1999/413 908/1982/413
f 924/1820/503 928/2000/503 975/2001/503 974/1821/503
f 925/1674/478 927/2002/478 980/2003/478 979/1675/478
f 914/2004/542 918/2005/542 969/2006/542 968/2007/542
f 919/2008/543 963/2009/543 962/2010/543 930/2011/543 950/2012/543
f 945/2013/544 941/2014/544 976/2015/544 980/2003/544 927/2002/544
f 634/2016/545 949/2017/545 948/2018/545 972/2019/545 959/2020/545
f 921/2021/546 939/2022/546 947/2023/546 966/2024/546 970/2025/546
f 917/1484/547 933/2026/547 935/2027/547 961/2028/547 965/1485/547
f 921/2021/542 970/2025/542 969/2006/542 918/2005/542
f 938/2029/548 915/1823/548 973/1822/548 972/2030/548 948/2031/548
f 932/2032/549 926/1677/549 978/1676/549 977/2033/549 936/2034/549
f 951/2035/550 929/2036/550 971/2037/550 975/2001/550 928/2000/550
f 904/2038/551 919/2039/551 950/2040/551 952/1468/551 905/1467/551
f 914/2004/552 968/2007/552 967/2041/552 942/2042/552 944/2043/552
f 911/1436/553 912/2044/553 915/2045/553 938/2046/553 940/1437/553
f 663/2047/554 931/2048/554 930/2049/554 962/2050/554 957/2051/554
f 909/1325/555 946/1324/555 945/2052/555 927/2053/555 910/2054/555
f 919/2008/438 901/2055/438 964/2056/438 963/2009/438
f 902/1463/556 903/2057/556 926/2058/556 932/2059/556 934/1464/556
f 906/1462/557 917/1466/557 901/2060/557 920/2061/557
f 904/2038/557 920/2061/557 901/2060/557 919/2039/557
f 923/2062/558 925/2063/558 926/2058/558 903/2057/558
f 923/2062/558 910/2054/558 927/2053/558 925/2063/558
f 922/2064/559 924/2065/559 915/2045/559 912/2044/559
f 922/2064/559 907/1471/559 928/1470/559 924/2065/559
f 908/1321/560 916/2066/560 918/2067/560 914/1322/560
f 913/1435/560 921/1439/560 918/2067/560 916/2066/560
f 929/2068/561 930/2049/561 931/2048/561
f 932/2059/562 933/1465/562 934/1464/562
f 935/1910/563 936/2069/563 937/1911/563
f 938/2046/564 939/1438/564 940/1437/564
f 941/2070/565 942/1817/565 943/1816/565
f 944/1323/566 945/2052/566 946/1324/566
f 947/1496/567 948/2071/567 949/1497/567
f 950/2040/568 951/1469/568 952/1468/568
f 929/2072/569 951/2073/569 950/2074/569 930/2075/569
f 947/2076/570 939/2077/570 938/2078/570 948/2079/570
f 941/2080/571 945/2081/571 944/2082/571 942/2083/571
f 935/2084/572 933/2085/572 932/2086/572 936/2087/572
f 620/2088/411 621/2089/411 953/2090/411 954/2091/411 619/2092/411
f 620/2088/411 619/2092/411 955/2093/411 956/2094/411 634/2095/411
f 620/2088/411 663/2096/411 957/2097/411 958/2098/411 621/2089/411
f 620/2088/411 634/2095/411 959/2099/411 960/2100/411 663/2096/411
f 961/2101/573 962/2102/573 963/2103/573 964/2104/573 965/2105/573
f 966/2106/574 967/2107/574 968/2108/574 969/2109/574 970/2110/574
f 971/2111/575 972/2112/575 973/2113/575 974/2114/575 975/2115/575
f 976/2116/576 977/2117/576 978/2118/576 979/2119/576 980/2120/576
f 957/2051/577 962/2050/577 961/2121/577 958/2122/577
f 959/2020/578 972/2019/578 971/1920/578 960/1919/578
f 966/1495/579 956/1494/579 955/1819/579 967/1818/579
f 953/1604/580 977/1603/580 976/2123/580 954/2124/580
f 954/2124/581 976/2123/581 941/2125/581 943/2126/581 619/2127/581
o Hatch
v -2.900649 6.941423 -5.410058
v -2.900649 6.941423 -11.211361
v 2.900653 6.941423 -5.410058
v 2.900653 6.941423 -11.211361
v -2.142914 7.750392 -4.960058
v -2.320519 7.353755 -4.960058
v 2.320522 6.941423 -4.960058
v -2.320519 6.941423 -4.960058
v -2.080221 8.594411 -5.410058
v -2.080221 8.594411 -11.211361
v 2.080225 8.594411 -5.410058
v 2.080225 8.594411 -11.211361
v -2.678643 7.952634 -5.410058
v -2.900649 7.456837 -5.410058
v -2.900649 7.456837 -11.211361
v -2.678643 7.952634 -11.211361
v 2.900653 7.456837 -5.410058
v 2.678646 7.952634 -5.410058
v 2.678646 7.952634 -11.211361
v 2.900653 7.456837 -11.211361
v 1.333197 8.926257 -5.410058
v 0.590439 9.062926 -5.410058
v -0.590436 9.062926 -5.410058
v -1.333194 8.926257 -5.410058
v -1.333194 8.926257 -11.211361
v -0.590436 9.062926 -11.211361
v 0.590439 9.062926 -11.211361
v 1.333197 8.926257 -11.211361
v 2.142917 7.750392 -4.960058
v 2.320522 7.353755 -4.960058
v -1.664176 8.263813 -4.960058
v 1.664180 8.263813 -4.960058
v 0.472352 8.638626 -4.960058
v 1.066558 8.529290 -4.960058
v -1.066555 8.529290 -4.960058
v -0.472348 8.638626 -4.960058
v 2.320522 6.941423 -11.661361
v -2.320519 6.941423 -11.661361
v -2.142914 7.750392 -11.661361
v -2.320519 7.353755 -11.661361
v 2.320522 7.353755 -11.661361
v 2.142917 7.750392 -11.661361
v -1.664176 8.263813 -11.661361
v 1.664180 8.263813 -11.661361
v 1.066558 8.529290 -11.661361
v 0.472352 8.638626 -11.661361
v -0.472348 8.638626 -11.661361
v -1.066555 8.529290 -11.661361
v 0.472352 8.638626 -5.410058
v 1.066558 8.529290 -5.410058
v -2.320519 7.353755 -5.410058
v -2.320519 6.941423 -5.410058
v 2.142917 7.750392 -5.410058
v 2.320522 7.353755 -5.410058
v 2.320522 6.941423 -5.410058
v -2.142914 7.750392 -5.410058
v -1.664176 8.263813 -5.410058
v 1.664180 8.263813 -5.410058
v -1.066555 8.529290 -5.410058
v -0.472348 8.638626 -5.410058
v -2.320519 6.941423 -11.211361
v 2.320522 6.941423 -11.211361
v -2.142914 7.750392 -11.211361
v -2.320519 7.353755 -11.211361
v 2.320522 7.353755 -11.211361
v 2.142917 7.750392 -11.211361
v -1.664176 8.263813 -11.211361
v 1.664180 8.263813 -11.211361
v 1.066558 8.529290 -11.211361
v 0.472352 8.638626 -11.211361
v -0.472348 8.638626 -11.211361
v -1.066555 8.529290 -11.211361
v 0.000002 9.062926 -5.410058
v 0.000002 9.062926 -11.211361
v 0.000002 8.638626 -4.960058
v 0.000002 8.638626 -11.661361
v 0.000002 8.638626 -11.211361
v 0.000002 8.638626 -5.297558
v 0.072518 8.638626 -5.410058
v 0.000002 8.638626 -5.409669
v -0.072515 6.941423 -5.410058
v -0.072515 8.638626 -5.410058
v 0.072518 6.941423 -5.410058
v -0.072515 8.638626 -5.297558
v 0.072518 8.638626 -5.297558
v 0.072518 6.941423 -5.297558
v -0.072515 6.941423 -5.297558
v -2.900649 6.941423 -8.310709
v 2.900653 6.941423 -8.310709
v -2.080221 8.594411 -8.310709
v 2.080225 8.594411 -8.310709
v -2.900649 7.456837 -8.310709
v -2.678643 7.952634 -8.310709
v 2.900653 7.456837 -8.310709
v 2.678646 7.952634 -8.310709
v 1.333197 8.926257 -8.310709
v -1.333194 8.926257 -8.310709
v 0.517923 9.062926 -8.963356
v 0.517923 9.062926 -7.658063
v 1.260402 8.939651 -8.310709
v -0.517919 9.062926 -7.658063
v -0.517919 9.062926 -8.963356
v -1.260399 8.939651 -8.310709
v -0.072515 9.062926 -8.963356
v -0.072515 9.062926 -7.658063
v -0.590436 9.062926 -7.585546
v -0.590436 9.062926 -9.035872
v 0.072518 9.062926 -8.963356
v 0.072518 9.062926 -7.658063
v 0.590439 9.062926 -9.035872
v 0.590439 9.062926 -7.585546
v 0.000002 9.062926 -9.035872
v 0.000002 9.062926 -7.585546
v 0.590439 9.062926 -8.310709
v -0.590436 9.062926 -8.310709
v 0.000002 9.062926 -8.310709
v -0.517919 9.062926 -8.310709
v -0.072515 9.062926 -8.310709
v 0.517923 9.062926 -8.310709
v 0.072518 9.062926 -8.310709
v -0.517919 9.197927 -8.310709
v -0.072515 9.197927 -8.310709
v 0.517923 9.197927 -8.310709
v 0.072518 9.197927 -8.310709
v -0.517919 9.104656 -7.658063
v -0.517919 9.136271 -7.714564
v -0.517919 9.136271 -8.906854
v -0.517919 9.104656 -8.963356
v -0.072515 9.104656 -8.963356
v -0.072515 9.136271 -8.906854
v -0.072515 9.136271 -7.714565
v -0.072515 9.104656 -7.658063
v 0.517923 9.104656 -8.963356
v 0.517923 9.136271 -8.906854
v 0.517923 9.136271 -7.714565
v 0.517923 9.104656 -7.658063
v 0.072518 9.136271 -8.906854
v 0.072518 9.104656 -8.963356
v 0.072518 9.104656 -7.658063
v 0.072518 9.136271 -7.714565
vn -1.0000 -0.0000 -0.0000
vn -0.4060 0.9139 -0.0000
vn 0.4060 0.9139 -0.0000
vn 0.7314 0.6820 -0.0000
vn 1.0000 -0.0000 -0.0000
vn 0.5646 0.2528 -0.7857
vn -0.9127 0.4087 -0.0000
vn 0.9127 0.4087 -0.0000
vn -0.7314 0.6820 -0.0000
vn -0.1810 0.9835 -0.0000
vn -0.0000 1.0000 -0.0000
vn -0.5646 0.2528 0.7857
vn -0.2804 0.6313 0.7231
vn -0.4735 0.4415 0.7621
vn 0.1296 0.7042 0.6980
vn -0.0000 -1.0000 -0.0000
vn 0.6129 -0.0000 0.7902
vn 0.2804 0.6313 0.7231
vn 0.5646 0.2528 0.7857
vn 0.4735 0.4415 0.7621
vn -0.0000 0.7276 0.6860
vn -0.1296 0.7042 0.6980
vn -0.6129 -0.0000 0.7902
vn -0.7314 -0.6820 -0.0000
vn -0.6129 -0.0000 -0.7902
vn -0.1296 0.7042 -0.6980
vn -0.0000 0.7276 -0.6860
vn -0.5646 0.2528 -0.7857
vn 0.4735 0.4415 -0.7621
vn 0.2804 0.6313 -0.7231
vn 0.1296 0.7042 -0.6980
vn -0.4735 0.4415 -0.7621
vn 0.6129 -0.0000 -0.7902
vn -0.2804 0.6313 -0.7231
vn -0.1810 -0.9835 -0.0000
vn -0.4060 -0.9139 -0.0000
vn 0.9127 -0.4087 -0.0000
vn -0.0000 -0.0000 1.0000
vn -0.9127 -0.4087 -0.0000
vn 0.4060 -0.9139 -0.0000
vn 0.1810 -0.9835 -0.0000
vn 0.7314 -0.6820 -0.0000
vn -0.0000 -0.0000 -1.0000
vn 0.1810 0.9835 -0.0000
vn -0.0000 0.9947 -0.1029
vn -0.0000 0.9947 0.1029
vn -0.0000 0.8727 -0.4883
vn -0.0000 0.8727 0.4883
vt 0.535975 0.560088
vt 0.468296 0.560088
vt 0.468296 0.390891
vt 0.535975 0.390891
vt 0.275347 0.560088
vt 0.275347 0.390891
vt 0.318922 0.390891
vt 0.318922 0.560088
vt 0.529374 0.902927
vt 0.529374 0.848784
vt 0.555623 0.848784
vt 0.555623 0.902927
vt 0.815017 0.507591
vt 0.815017 0.338394
vt 0.858592 0.338394
vt 0.858592 0.507591
vt 0.743756 0.169197
vt 0.743756 0.338394
vt 0.659485 0.338394
vt 0.659485 0.169197
vt 0.876538 0.169197
vt 0.808859 0.169197
vt 0.808859 0.000000
vt 0.876538 0.000000
vt 0.140403 0.403841
vt 0.203100 0.390891
vt 0.223206 0.424731
vt 0.173048 0.435091
vt 0.468296 0.729285
vt 0.403193 0.729285
vt 0.403193 0.560088
vt 0.808859 0.338394
vt 0.318922 0.729285
vt 0.659485 0.676787
vt 0.659485 0.507591
vt 0.663731 0.507591
vt 0.702811 0.549890
vt 0.702811 0.676787
vt 0.737251 0.549890
vt 0.737251 0.676787
vt 0.480608 0.012950
vt 0.544113 -0.000000
vt 0.563096 0.033839
vt 0.512292 0.044199
vt 0.355899 0.091431
vt 0.398405 0.047856
vt 0.446529 0.072124
vt 0.412525 0.106984
vt 0.355899 0.246963
vt 0.338394 0.203637
vt 0.398521 0.196749
vt 0.412525 0.231410
vt 0.778822 0.763124
vt 0.778822 0.729285
vt 0.805071 0.729285
vt 0.610131 0.338394
vt 0.544113 0.338394
vt 0.563096 0.304554
vt 0.615910 0.304554
vt 0.398405 0.290538
vt 0.446529 0.266269
vt 0.480608 0.325444
vt 0.512292 0.294194
vt 0.338394 0.169197
vt 0.338394 0.134756
vt 0.398521 0.141644
vt 0.398521 0.169197
vt 0.610131 -0.000000
vt 0.615910 0.033839
vt 0.608121 0.729285
vt 0.608121 0.796702
vt 0.581872 0.796702
vt 0.581872 0.729285
vt 0.268277 0.729285
vt 0.203100 0.729285
vt 0.223206 0.695446
vt 0.275347 0.695446
vt 0.017283 0.637854
vt 0.000000 0.594529
vt 0.060726 0.587641
vt 0.074552 0.622301
vt 0.000000 0.560088
vt 0.000000 0.525648
vt 0.060726 0.532536
vt 0.060726 0.560088
vt 0.140403 0.716335
vt 0.173048 0.685086
vt 0.059247 0.438747
vt 0.108123 0.463016
vt 0.000000 0.364643
vt 0.033839 0.364643
vt 0.033839 0.390891
vt 0.017283 0.482322
vt 0.074552 0.497875
vt 0.059247 0.681429
vt 0.108123 0.657161
vt 0.268277 0.390891
vt 0.275347 0.424731
vt 0.476877 0.888571
vt 0.476877 0.853910
vt 0.503125 0.853910
vt 0.503125 0.888571
vt 0.476877 0.923430
vt 0.503125 0.923430
vt 0.581872 0.848784
vt 0.555623 0.796702
vt 0.581872 0.902927
vt 0.214622 0.946675
vt 0.214622 0.893861
vt 0.224981 0.843056
vt 0.252906 0.777294
vt 0.287766 0.743290
vt 0.322427 0.729285
vt 0.345749 0.729285
vt 0.345749 0.946675
vt 0.529374 0.796702
vt 0.529374 0.729285
vt 0.555623 0.729285
vt 0.476877 0.764145
vt 0.476877 0.729285
vt 0.503125 0.729285
vt 0.503125 0.764145
vt 0.476877 0.798805
vt 0.503125 0.798805
vt 0.608121 0.848784
vt 0.033839 0.000000
vt 0.033839 0.026249
vt 0.000000 0.026249
vt 0.214621 1.000000
vt 0.162480 1.000000
vt 0.112323 0.989640
vt 0.047397 0.961715
vt 0.013826 0.926855
vt 0.000000 0.892195
vt 0.000000 0.864643
vt 0.000000 0.837090
vt 0.013826 0.802430
vt 0.047397 0.767570
vt 0.112323 0.739645
vt 0.162480 0.729285
vt 0.214621 0.729285
vt 0.529374 0.826358
vt 0.529374 0.853910
vt 0.503125 0.853910
vt 0.503125 0.826358
vt 0.608121 0.902927
vt 0.634369 0.729285
vt 0.634369 0.796702
vt 0.529374 0.888571
vt 0.529374 0.923430
vt 0.503125 0.923430
vt 0.503125 0.888571
vt 0.634369 0.848784
vt 0.634369 0.902927
vt 0.529374 0.729285
vt 0.529374 0.764145
vt 0.503125 0.764145
vt 0.503125 0.729285
vt 0.529374 0.798805
vt 0.503125 0.798805
vt 0.831320 0.763124
vt 0.805071 0.763124
vt 0.805071 0.729285
vt 0.338394 0.195446
vt 0.000000 0.195446
vt 0.164967 0.026249
vt 0.173427 0.026249
vt 0.304554 0.026249
vt 0.338394 0.026249
vt 0.771692 0.338394
vt 0.771692 0.465291
vt 0.737251 0.465291
vt 0.737251 0.338394
vt 0.345749 0.946675
vt 0.345749 0.729285
vt 0.369072 0.729285
vt 0.403732 0.743290
vt 0.438592 0.777294
vt 0.466517 0.843056
vt 0.476877 0.893861
vt 0.476877 0.946675
vt 0.701353 0.729285
vt 0.701353 0.952144
vt 0.694791 0.952144
vt 0.694791 0.729285
vt 0.642829 0.729285
vt 0.642829 0.946675
vt 0.634369 0.946675
vt 0.634369 0.729285
vt 0.638599 0.729285
vt 0.707915 0.729285
vt 0.707915 0.952144
vt 0.164967 0.019687
vt 0.173427 0.019687
vt 0.476877 0.826358
vt 0.496563 0.826358
vt 0.496563 0.830588
vt 0.503125 0.830588
vt 0.503125 0.822128
vt 0.496563 0.822128
vt 0.883100 0.008460
vt 0.876538 0.008460
vt 0.876538 0.004230
vt 0.876538 -0.000000
vt 0.883100 0.000000
vt 0.883077 0.004230
vt 0.815017 0.676787
vt 0.771692 0.676787
vt 0.771692 0.549890
vt 0.810771 0.507591
vt 0.338394 0.364643
vt 0.304554 0.364643
vt 0.702811 0.465291
vt 0.702811 0.338394
vt 0.403193 0.390891
vt 0.743756 -0.000000
vt 0.876538 0.338394
vt 0.659485 0.338394
vt 0.659485 -0.000000
vt 0.615910 0.338394
vt 0.615910 0.169197
vt 0.615910 0.507591
vt 0.615910 0.338394
vt 0.535975 0.729285
vt 0.771692 0.507591
vt 0.702811 0.507591
vt 0.725642 0.805424
vt 0.725642 0.767354
vt 0.743369 0.767354
vt 0.735273 0.802128
vt 0.731121 0.805424
vt 0.707915 0.805424
vt 0.707915 0.767354
vt 0.725642 0.767354
vt 0.717546 0.802128
vt 0.713395 0.805424
vt 0.707040 0.507591
vt 0.707040 0.545660
vt 0.733021 0.507591
vt 0.733021 0.469521
vt 0.737251 0.507591
vt 0.733021 0.545660
vt 0.707040 0.469521
vt 0.767462 0.507591
vt 0.767462 0.469521
vt 0.741481 0.545660
vt 0.767462 0.545660
vt 0.741481 0.507591
vt 0.741481 0.469521
vt 0.871885 0.729285
vt 0.871885 0.755266
vt 0.866540 0.755266
vt 0.866540 0.729285
vt 0.668810 0.798832
vt 0.642829 0.798832
vt 0.642829 0.764059
vt 0.668810 0.764059
vt 0.642829 0.729285
vt 0.668810 0.729285
vt 0.743369 0.767354
vt 0.743369 0.729285
vt 0.748848 0.729285
vt 0.752999 0.732581
vt 0.761096 0.767354
vt 0.707915 0.729285
vt 0.713395 0.729285
vt 0.717546 0.732581
vt 0.761095 0.805424
vt 0.761095 0.767354
vt 0.778822 0.767354
vt 0.770726 0.802128
vt 0.766575 0.805424
vt 0.743369 0.805424
vt 0.752999 0.802128
vt 0.748848 0.805424
vt 0.694791 0.764059
vt 0.668810 0.764059
vt 0.668810 0.729285
vt 0.694791 0.729285
vt 0.725642 0.729285
vt 0.731121 0.729285
vt 0.735273 0.732581
vt 0.694791 0.798832
vt 0.668810 0.798832
vt 0.761095 0.729285
vt 0.766575 0.729285
vt 0.770726 0.732581
vt 0.841482 0.729285
vt 0.841482 0.755266
vt 0.836205 0.755266
vt 0.836205 0.729285
vt 0.851645 0.729285
vt 0.851645 0.755266
vt 0.846368 0.755266
vt 0.846368 0.729285
vt 0.831320 0.755266
vt 0.831320 0.729285
vt 0.856420 0.729285
vt 0.856420 0.755266
vt 0.851645 0.755266
vt 0.851645 0.729285
vt 0.841482 0.755266
vt 0.841482 0.729285
vt 0.861765 0.755266
vt 0.861765 0.729285
vt 0.861765 0.729285
vt 0.861765 0.755266
s 0
usemtl Clean_Metal
f 1068/2128/582 1072/2129/582 995/2130/582 982/2131/582
f 1077/2132/583 1005/2133/583 990/2134/583 1070/2135/583
f 987/2136/582 1010/2137/582 1034/2138/582 1035/2139/582
f 1076/2140/584 1001/2141/584 991/2142/584 1071/2143/584
f 1075/2144/585 999/2145/585 992/2146/585 1071/2147/585
f 1069/2148/586 1074/2149/586 997/2150/586 983/2151/586
f 999/2152/587 1000/2153/587 1021/2154/587 1022/2155/587
f 1072/2129/588 994/2156/588 993/2157/588 1073/2158/588
f 1074/2149/589 1000/2159/589 999/2145/589 1075/2144/589
f 1073/2158/590 993/2157/590 989/2160/590 1070/2135/590
f 1005/2161/591 1077/2162/591 1083/2163/591 1087/2164/591 1006/2165/591
f 1092/2166/592 1054/2167/592 1006/2165/592 1087/2164/592
f 993/2168/593 994/2169/593 986/2170/593 985/2171/593
f 1004/2172/594 989/2173/594 1011/2174/594 1015/2175/594
f 989/2173/595 993/2168/595 985/2171/595 1011/2174/595
f 1001/2176/596 1002/2177/596 1013/2178/596 1014/2179/596
f 981/2180/597 1032/2181/597 988/2182/597
f 983/2183/598 997/2184/598 1010/2185/598 987/2186/598
f 991/2187/599 1001/2176/599 1014/2179/599 1012/2188/599
f 997/2184/600 998/2189/600 1009/2190/600 1010/2185/600
f 998/2189/601 991/2187/601 1012/2188/601 1009/2190/601
f 1053/2191/602 1003/2192/602 1016/2193/602 1055/2194/602
f 1003/2192/603 1004/2172/603 1015/2175/603 1016/2193/603
f 994/2169/604 981/2195/604 988/2196/604 986/2170/604
f 1024/2197/605 1022/2198/605 1046/2199/605 1048/2200/605
f 982/2201/606 995/2202/606 1020/2203/606 1018/2204/606
f 1005/2205/607 1006/2206/607 1027/2207/607 1028/2208/607
f 1054/2209/608 1007/2210/608 1026/2211/608 1056/2212/608
f 995/2202/609 996/2213/609 1019/2214/609 1020/2203/609
f 992/2215/610 999/2152/610 1022/2155/610 1024/2216/610
f 984/2217/597 1042/2218/597 1017/2219/597
f 1008/2220/611 992/2215/611 1024/2216/611 1025/2221/611
f 1007/2210/612 1008/2220/612 1025/2221/612 1026/2211/612
f 996/2213/613 990/2222/613 1023/2223/613 1019/2214/613
f 1000/2153/614 984/2224/614 1017/2225/614 1021/2154/614
f 990/2222/615 1005/2205/615 1028/2208/615 1023/2223/615
f 1014/2226/616 1013/2227/616 1029/2228/616 1030/2229/616
f 1012/2230/617 1014/2226/617 1030/2229/617 1038/2231/617
f 985/2199/618 986/2232/618 1031/2138/618 1036/2233/618
f 986/2232/586 988/2234/586 1032/2139/586 1031/2138/586
f 1009/2243/605 1012/2244/605 1038/2245/605 1033/2233/605
f 1010/2137/620 1009/2243/620 1033/2233/620 1034/2138/620
f 1015/2246/621 1011/2247/621 1037/2248/621 1039/2249/621
f 1016/2250/622 1015/2246/622 1039/2249/622 1040/2251/622
f 1011/2200/623 985/2199/623 1036/2233/623 1037/2245/623
f 1022/2198/620 1021/2252/620 1045/2232/620 1046/2199/620
f 987/2253/597 1035/2254/597 983/2255/597
f 1056/2269/597 1026/2270/597 1050/2271/597 1057/2272/597
f 1021/2252/582 1017/2273/582 1042/2234/582 1045/2232/582
f 1019/2198/623 1023/2197/623 1047/2274/623 1043/2275/623
f 1025/2276/617 1024/2277/617 1048/2278/617 1049/2279/617
f 1026/2270/616 1025/2276/616 1049/2279/616 1050/2271/616
f 1018/2273/586 1020/2252/586 1044/2280/586 1041/2281/586
f 1023/2282/621 1028/2283/621 1052/2284/621 1047/2285/621
f 1020/2252/618 1019/2198/618 1043/2275/618 1044/2280/618
f 1028/2283/622 1027/2286/622 1051/2287/622 1052/2284/622
f 1018/2288/597 1041/2289/597 982/2290/597
f 1027/2286/597 1056/2269/597 1057/2272/597 1051/2287/597
f 1068/2291/597 1069/2292/597 983/2255/597 1035/2254/597 1063/2293/597 1061/2294/597 1032/2295/597 981/2296/597
f 1006/2206/608 1054/2209/608 1056/2212/608 1027/2207/608
f 1002/2177/602 1053/2191/602 1055/2194/602 1013/2178/602
f 1002/2297/592 1091/2298/592 1093/2299/592 1053/2300/592
f 1062/2309/582 1061/2310/582 1067/2311/582 1064/2312/582
f 1064/2313/619 1067/2314/619 1066/2315/619 1065/2316/619 1058/2317/619
f 1063/2310/586 1059/2309/586 1065/2318/586 1066/2319/586
f 1061/2294/597 1063/2293/597 1066/2320/597 1067/2321/597
f 1029/2228/597 1013/2227/597 1055/2322/597 1058/2323/597 1065/2324/597 1059/2325/597
f 1016/2250/597 1040/2251/597 1062/2326/597 1064/2327/597 1058/2323/597 1055/2322/597
f 1059/2328/597 1065/2329/597 1058/2330/597 1064/2331/597 1062/2332/597 1060/2333/597
f 1076/2140/625 1008/2334/625 1007/2335/625 1090/2336/625 1080/2337/625
f 982/2338/597 1041/2339/597 1042/2218/597 984/2217/597 1069/2292/597 1068/2291/597
f 1053/2300/592 1093/2299/592 1086/2340/592 1003/2341/592
f 1090/2336/592 1007/2335/592 1054/2167/592 1092/2166/592
f 996/2342/590 1073/2158/590 1070/2135/590 990/2134/590
f 997/2150/589 1074/2149/589 1075/2144/589 998/2343/589
f 995/2130/588 1072/2129/588 1073/2158/588 996/2342/588
f 984/2344/586 1000/2159/586 1074/2149/586 1069/2148/586
f 1077/2162/591 1004/2345/591 1003/2341/591 1086/2340/591 1083/2163/591
f 998/2343/585 1075/2144/585 1071/2147/585 991/2346/585
f 1008/2347/584 1076/2348/584 1071/2147/584 992/2146/584
f 1004/2345/583 1077/2162/583 1070/2349/583 989/2350/583
f 981/2351/582 994/2156/582 1072/2129/582 1068/2128/582
f 1090/2336/625 1094/2352/625 1091/2298/625 1080/2337/625
f 1086/2340/591 1095/2353/591 1087/2164/591 1083/2163/591
f 1001/2141/625 1076/2140/625 1080/2337/625 1091/2298/625 1002/2297/625
f 1097/2364/592 1082/2365/592 1087/2164/592 1095/2353/592
f 1098/2366/592 1085/2367/592 1093/2299/592 1096/2368/592
f 1082/2365/592 1084/2369/592 1092/2166/592 1087/2164/592
f 1085/2367/592 1081/2370/592 1086/2340/592 1093/2299/592
f 1099/2371/592 1079/2372/592 1091/2298/592 1094/2352/592
f 1088/2373/592 1078/2374/592 1090/2336/592 1092/2166/592
f 1100/2375/592 1088/2373/592 1092/2166/592 1096/2368/592
f 1079/2372/592 1089/2376/592 1093/2299/592 1091/2298/592
f 1085/2395/586 1098/2396/586 1102/2397/586 1111/2398/586 1112/2399/586
f 1098/2396/586 1084/2412/586 1109/2413/586 1110/2414/586 1102/2397/586
f 1089/2376/592 1100/2375/592 1096/2368/592 1093/2299/592
f 1078/2374/592 1099/2371/592 1094/2352/592 1090/2336/592
f 1084/2369/592 1098/2366/592 1096/2368/592 1092/2166/592
f 1081/2370/592 1097/2364/592 1095/2353/592 1086/2340/592
usemtl Dark_Metal
f 1035/2235/619 1034/2236/619 1033/2237/619 1038/2238/619 1030/2239/619 1029/2240/619 1059/2241/619 1063/2242/619
f 1041/2256/624 1044/2257/624 1043/2258/624 1047/2259/624 1052/2260/624 1051/2261/624 1057/2262/624 1050/2263/624 1049/2264/624 1048/2265/624 1046/2266/624 1045/2267/624 1042/2268/624
f 1061/2301/619 1062/2302/619 1040/2303/619 1039/2304/619 1037/2305/619 1036/2306/619 1031/2307/619 1032/2308/619
usemtl Dirty_Metal
f 1088/2354/582 1100/2355/582 1104/2356/582 1117/2357/582 1118/2358/582
f 1082/2359/582 1097/2360/582 1101/2361/582 1107/2362/582 1108/2363/582
f 1089/2377/619 1079/2378/619 1116/2379/619 1119/2380/619
f 1110/2381/626 1107/2382/626 1101/2383/626 1102/2384/626
f 1102/2384/627 1101/2383/627 1106/2385/627 1111/2386/627
f 1099/2387/586 1078/2388/586 1113/2389/586 1114/2390/586 1103/2391/586
f 1097/2360/582 1081/2392/582 1105/2393/582 1106/2394/582 1101/2361/582
f 1079/2400/586 1099/2387/586 1103/2391/586 1115/2401/586 1116/2402/586
f 1103/2403/627 1104/2404/627 1120/2405/627 1115/2406/627
f 1100/2355/582 1089/2407/582 1119/2408/582 1120/2409/582 1104/2356/582
f 1114/2410/626 1117/2411/626 1104/2404/626 1103/2403/626
f 1084/2415/624 1082/2416/624 1108/2417/624 1109/2418/624
f 1078/2419/624 1088/2420/624 1118/2421/624 1113/2422/624
f 1109/2418/628 1108/2417/628 1107/2423/628 1110/2424/628
f 1105/2425/629 1112/2426/629 1111/2427/629 1106/2428/629
f 1113/2422/628 1118/2421/628 1117/2429/628 1114/2430/628
f 1119/2380/629 1116/2379/629 1115/2431/629 1120/2432/629
f 1081/2433/619 1085/2434/619 1112/2426/619 1105/2425/619
o Main
v 1.951700 0.736771 -5.486338
v -1.124999 0.853588 -9.426360
v -1.124999 -2.521413 -6.051359
v -1.124999 -0.443955 -9.169454
v -1.124999 -1.376662 -8.437845
v -2.448924 -0.443955 -8.859397
v -2.381750 -1.376662 -8.266218
v -1.951699 0.736774 -5.486338
v -2.416557 -2.264506 -6.051359
v -3.511486 -1.376662 -6.051359
v -1.124999 -2.264506 -7.347480
v -2.448924 -1.954450 -7.347480
v -3.339859 -1.376662 -7.347480
v -4.243093 -0.443955 -6.051359
v -3.933037 -0.443955 -7.347480
v -3.339859 -0.443955 -8.266218
v -1.124999 6.478590 -6.051359
v -1.124999 3.103588 -9.426360
v -1.124999 6.221683 -7.347480
v -1.124999 5.333838 -8.437845
v -1.124999 4.401131 -9.169454
v -4.500000 0.853588 -3.801358
v -1.124999 -2.521413 -3.801358
v -1.124999 0.853588 -0.426358
v -4.243093 -0.443955 -3.801358
v -3.511486 -1.376662 -3.801358
v -3.933037 -0.443955 -2.506660
v -3.339859 -1.376662 -2.506660
v -1.124999 -2.264506 -2.506660
v -1.124999 -1.376662 -1.414872
v -2.416557 -2.264506 -3.801358
v -2.420483 -1.954450 -2.506660
v -2.420483 -1.376662 -1.586499
v -2.420483 0.853588 -0.683264
v -1.124999 -0.443955 -0.683264
v -2.420483 -0.443955 -0.993320
v -1.124999 3.041389 -0.642590
v -1.124999 6.478590 -3.801358
v -4.243092 4.401131 -3.801358
v -3.933036 4.401131 -2.506660
v -2.420483 3.041389 -0.899496
v -2.416554 6.221683 -3.801358
v -3.511483 5.333838 -3.801358
v -1.124999 6.221683 -2.506660
v -2.420483 5.911626 -2.506660
v -3.339857 5.333838 -2.506660
v 1.125002 0.853588 -9.426360
v -3.511486 -1.600815 -6.031853
v 1.125002 -2.521413 -6.051359
v 1.125002 -0.443955 -9.169454
v 2.448926 -0.443955 -8.859397
v 3.339861 -0.443955 -8.266218
v 3.073559 -1.376662 -7.999917
v 4.243095 -0.443955 -6.051359
v 3.511487 -1.376662 -6.051359
v 3.933039 -0.443955 -7.347480
v 3.339861 -1.376662 -7.347480
v 1.125002 -2.264507 -7.347480
v 1.125002 -1.376662 -8.437845
v 2.416558 -2.264508 -6.051359
v 2.448925 -1.954451 -7.347480
v 2.381752 -1.376662 -8.266218
v -2.416557 -2.488659 -6.031853
v 1.125002 3.103588 -9.426360
v 1.125002 6.478589 -6.051359
v 1.125002 4.401131 -9.169454
v 1.125002 5.333838 -8.437845
v 1.125002 6.221682 -7.347480
v -1.124999 -2.745565 -6.031853
v 1.125002 -2.521413 -3.801358
v -1.124999 -2.488659 -7.327974
v 3.511488 0.853588 -1.414872
v 4.243095 -0.443955 -3.801358
v 3.933039 -0.443955 -2.506660
v 3.339861 -0.443955 -1.586499
v 3.073559 -1.376662 -1.852801
v 1.125002 -0.443955 -0.683264
v 1.125002 -1.376662 -1.414872
v 2.420486 -0.443955 -0.993320
v 2.420486 -1.376662 -1.586499
v 2.416558 -2.264508 -3.801358
v 3.511487 -1.376662 -3.801358
v 1.125002 -2.264507 -2.506660
v 2.420487 -1.954451 -2.506660
v 3.339861 -1.376662 -2.506660
v 1.125002 6.478589 -3.801358
v -2.420483 0.791389 -0.899496
v 4.500003 3.103588 -3.801358
v 1.125002 6.221682 -2.506660
v 2.416560 6.221682 -3.801358
v 2.420486 5.911625 -2.506660
v 3.073561 5.333838 -1.852801
v 2.420487 3.103588 -0.683264
v -1.124999 0.791389 -0.642590
v 4.243097 4.401131 -3.801358
v 3.511489 5.333838 -3.801358
v 4.243097 3.103588 -2.506660
v 3.933041 4.401131 -2.506660
v 3.339863 5.333838 -2.506660
v -4.243093 0.853588 -2.506660
v -1.124999 5.333838 -1.414872
v 1.125002 0.853588 -0.426358
v 3.511488 3.103588 -1.414872
v 3.339862 4.401131 -1.586499
v -3.534511 -1.368085 -2.394134
v -4.127689 -0.435378 -2.394134
v -3.534510 -0.435378 -1.473973
v -3.268209 -1.368085 -1.740275
v -2.615134 -1.368085 -1.473973
v -2.615134 -1.945872 -2.394134
v -2.615134 0.862165 -0.570738
v -2.615134 -0.435378 -0.880795
v -4.437744 4.409708 -3.688832
v -4.437744 3.112165 -2.394134
v -4.127687 4.409708 -2.394134
v -3.706136 3.112165 -1.302346
v -3.534509 4.409708 -1.473973
v -3.534508 5.342415 -2.394134
v -3.268207 5.342415 -1.740275
v -2.615134 4.409708 -0.880795
v -2.615134 3.112165 -0.570738
v -2.615134 5.920204 -2.394134
v -4.694651 0.862165 -3.688832
v -3.706136 0.862165 -1.302346
v -4.437745 0.862165 -2.394134
v -2.615134 5.342415 -1.473973
v -4.661525 4.433093 -3.688816
v -4.918432 3.135550 -3.688816
v -4.661526 3.135550 -2.394117
v -4.351469 4.433093 -2.394117
v -4.918433 0.885550 -3.688816
v -4.661527 0.885550 -2.394117
v -2.420483 3.103588 -0.683264
v 4.156854 -0.453360 -7.326422
v 4.466910 -0.453360 -6.030300
v -2.420483 4.401131 -0.993320
v 2.420486 4.401131 -0.993320
v 2.420486 5.333838 -1.586499
v -2.420483 5.333838 -1.586499
v 2.420486 0.853588 -0.683264
v 1.125002 5.333838 -1.414872
v -1.124999 4.338932 -0.899496
v -2.420483 4.338932 -1.209553
v 1.125002 4.338932 -0.899496
v 1.125002 3.041389 -0.642590
v 2.420487 3.041389 -0.899496
v 2.420486 4.338932 -1.209553
v 2.420486 5.271639 -1.802731
v -1.124999 5.271639 -1.631104
v -2.420483 5.271639 -1.802731
v 2.420486 0.791389 -0.899496
v 1.125002 0.791389 -0.642590
v 1.125002 5.271639 -1.631104
v 4.466910 -0.453360 -3.780300
v 4.723817 0.844183 -3.780300
v 4.466911 0.844183 -2.485601
v 4.156854 -0.453360 -2.485601
v 3.735303 0.844183 -1.393814
v 3.563676 -0.453360 -1.565440
v 4.466912 3.094183 -2.485601
v 4.723818 3.094183 -3.780300
v 4.466912 4.391726 -3.780300
v 3.735303 3.094183 -1.393814
v -2.416557 -2.488659 -3.781853
v -1.124999 -2.745565 -3.781853
v -1.124999 -2.488659 -2.487154
v -1.124999 -1.600815 -1.395366
v -3.511486 -1.600815 -3.781853
v 2.416558 -2.488661 -6.031853
v 1.125002 -2.745566 -6.031853
v 1.125002 -2.488660 -7.327974
v 3.511487 -1.600815 -6.031853
v 1.125002 -2.488660 -2.487154
v 1.125002 -2.745566 -3.781853
v 2.416558 -2.488661 -3.781853
v 3.511487 -1.600815 -3.781853
v 1.125002 -1.600815 -1.395366
v -2.264083 -1.225882 -8.147708
v -2.331256 -0.293175 -8.740887
v -3.222191 -0.293175 -8.147708
v -2.955889 -1.225882 -7.881406
v -3.222191 -1.225882 -7.228970
v -2.331256 -1.803670 -7.228970
v -3.815369 -0.293175 -7.228970
v -1.124999 6.253589 -6.051359
v -1.124999 6.253589 -3.801358
v -2.416554 5.996683 -3.801358
v 1.125002 6.253588 -6.051359
v 2.416560 5.996681 -3.801358
v 1.125002 6.253588 -3.801358
v 2.416560 6.221682 -4.926359
v 3.511489 5.333838 -4.926359
v 4.243097 4.401131 -4.926359
v -3.511486 -1.376662 -4.926359
v -4.243093 -0.443955 -4.926359
v 3.511487 -1.376662 -4.926359
v 4.243095 -0.443955 -4.926359
v -2.416554 6.221683 -4.926359
v -4.243092 4.401131 -4.926359
v -4.500000 0.853588 -4.926359
v -3.511483 5.333838 -4.926359
v -4.437744 4.409708 -4.813833
v -4.694651 0.862165 -4.813833
v -4.661525 4.433093 -4.813817
v -4.918432 3.135550 -4.813817
v -4.918433 0.885550 -4.813817
v 4.466912 4.391726 -4.905300
v 4.723818 3.094183 -4.905300
v 4.466910 -0.453360 -4.905300
v 4.723817 0.844183 -4.905300
v -1.124999 -2.745565 -4.906853
v -2.416557 -2.488659 -4.906853
v -3.511486 -1.600815 -4.906853
v 1.125002 -2.745566 -4.906853
v 2.416558 -2.488661 -4.906853
v 3.511487 -1.600815 -4.906853
v 1.125002 6.253588 -4.926359
v 2.416560 5.996681 -4.926359
v -1.124999 6.253589 -4.926359
v -2.416554 5.996683 -4.926359
v -1.951694 6.314149 -6.051359
v -1.951694 6.089149 -6.051359
v -1.951699 0.853588 -9.261919
v -1.951699 0.736774 -9.234585
v -2.419470 0.736774 -9.141541
v -3.496034 0.736775 -8.422394
v -4.448959 0.736776 -6.168042
v -4.215180 0.736776 -7.347480
v -4.476871 0.736776 -6.051359
v -4.161779 0.736776 -7.430190
v -1.951694 6.028075 -7.347480
v -1.951694 6.124562 -6.860694
v -1.951694 5.333838 -8.324948
v -1.951694 5.637654 -7.951830
v -1.951696 3.913812 -9.072331
v -1.951697 3.103588 -9.261920
v -1.951695 4.401131 -8.975845
v -1.951695 5.014669 -8.575301
v 1.951700 0.736771 -9.234585
v 1.951700 0.853588 -9.261920
v 2.419472 0.736771 -9.141540
v 3.496036 0.736770 -8.422394
v 4.161778 0.736770 -7.430194
v 4.215182 0.736770 -7.347480
v 1.951701 4.401131 -8.975844
v 1.951701 3.913814 -9.072330
v 1.951701 3.103588 -9.261920
v 1.951702 5.014671 -8.575299
v 1.951702 5.333838 -8.324947
v 1.951702 6.124558 -6.860697
v 1.951702 6.314147 -6.051359
v 1.951702 6.028072 -7.347480
v 1.951702 5.637652 -7.951832
v 4.441244 0.736770 -7.326422
v -2.416554 6.221683 -5.486338
v -3.511483 5.333838 -5.486338
v -4.243092 4.401131 -5.486338
v -4.437744 4.409708 -5.486338
v -4.661525 4.433093 -5.486338
v -4.918432 3.135550 -5.486338
v 4.723817 0.844183 -5.486338
v 4.723818 3.094183 -5.486338
v 4.676883 0.736770 -6.137596
v 4.702550 0.736770 -6.030300
v 4.702550 0.736770 -5.486338
v -1.951694 6.089149 -5.486338
v -2.416554 5.996683 -5.486338
v 2.416560 6.221682 -5.486338
v 2.416560 5.996681 -5.486338
v 1.951702 6.089147 -6.051359
v 1.951702 6.089147 -5.486338
v 4.466912 4.391726 -5.486338
v -4.918433 0.885550 -5.486338
v -4.694651 0.862165 -5.486338
v -4.500000 0.853588 -5.486338
v -4.476871 0.736776 -5.486338
v 4.243097 4.401131 -5.486338
v 3.511489 5.333838 -5.486338
vn -0.0000 -0.0000 1.0000
vn -0.0937 -0.0000 0.9956
vn -0.0701 0.0865 0.9938
vn -0.2079 -0.2058 -0.9563
vn -0.1500 -0.5761 -0.8035
vn -0.5457 -0.1811 -0.8182
vn 0.2874 0.4431 -0.8491
vn -0.2073 -0.9562 -0.2066
vn -0.5890 -0.7981 -0.1271
vn -0.1349 -0.7983 -0.5869
vn -0.8474 0.4752 0.2369
vn -0.9554 -0.2070 -0.2107
vn -0.8203 -0.1887 -0.5399
vn -0.8061 -0.5725 -0.1498
vn -0.8290 0.2564 0.4970
vn -0.2134 0.9562 -0.2003
vn -0.1161 0.7888 -0.6035
vn -0.2134 0.2001 -0.9563
vn -0.1343 0.5900 -0.7961
vn 0.5005 -0.0000 0.8657
vn -0.9553 -0.2087 0.2092
vn -0.8061 -0.5725 0.1500
vn 0.4210 -0.4868 0.7654
vn -0.4042 -0.6432 -0.6503
vn -0.2094 -0.9553 0.2088
vn -0.1345 -0.8009 0.5835
vn -0.5831 -0.8013 0.1337
vn -0.5008 -0.1197 -0.8572
vn -0.2091 -0.2087 0.9554
vn 0.3259 0.8006 0.5027
vn -0.1499 -0.5725 0.8061
vn 0.2608 -0.8176 0.5134
vn -0.0395 -0.9992 0.0078
vn 0.0387 0.9992 -0.0093
vn -0.8061 0.5725 0.1500
vn 0.4833 -0.2035 0.8515
vn -0.2094 0.9553 0.2088
vn -0.5831 0.8013 0.1337
vn -0.1345 0.8009 0.5835
vn 0.2079 -0.2058 -0.9563
vn 0.5457 -0.1811 -0.8182
vn 0.1500 -0.5761 -0.8035
vn 0.4285 -0.4402 -0.7891
vn 0.8061 -0.5725 -0.1498
vn 0.8203 -0.1887 -0.5399
vn 0.7932 -0.4274 -0.4339
vn 0.2073 -0.9562 -0.2066
vn 0.1349 -0.7983 -0.5869
vn 0.5890 -0.7981 -0.1271
vn 0.2047 -0.8218 -0.5318
vn 0.2134 0.2001 -0.9563
vn 0.1343 0.5900 -0.7961
vn 0.2134 0.9562 -0.2003
vn 0.1161 0.7888 -0.6035
vn 0.0927 -0.0222 -0.9954
vn 0.8061 -0.5725 0.1500
vn 0.7935 -0.4274 0.4333
vn 0.2091 -0.2087 0.9554
vn 0.1499 -0.5725 0.8061
vn 0.5404 -0.1880 0.8201
vn 0.4336 -0.4274 0.7933
vn 0.2094 -0.9553 0.2088
vn 0.5831 -0.8013 0.1337
vn 0.1345 -0.8009 0.5835
vn 0.5200 -0.8275 0.2118
vn 0.2094 0.9553 0.2088
vn 0.1345 0.8009 0.5835
vn 0.5831 0.8013 0.1337
vn 0.2119 0.8277 0.5197
vn 0.5404 0.1880 0.8201
vn 0.4336 0.4274 0.7933
vn 0.9553 0.2087 0.2092
vn 0.8061 0.5725 0.1500
vn 0.8203 0.1880 0.5401
vn 0.7935 0.4274 0.4333
vn -0.0000 -0.0000 -1.0000
vn 0.6298 0.7767 -0.0000
vn 0.7868 0.6172 -0.0000
vn -0.0396 -0.9989 -0.0255
vn -0.0000 0.9809 -0.1944
vn -0.0000 0.7754 -0.6314
vn -0.0000 0.6172 -0.7868
vn -0.0000 0.1942 -0.9810
vn -0.0440 -0.9990 -0.0000
vn -0.1951 -0.0000 -0.9808
vn 0.5570 -0.0000 0.8305
vn -0.0429 -0.9990 0.0103
vn 0.0420 0.9991 -0.0000
vn -0.4861 -0.3092 -0.8174
vn 0.4553 0.4778 0.7513
vn -0.3791 0.6032 -0.7017
vn 0.1951 -0.0000 -0.9808
vn -0.0944 -0.0187 0.9954
vn 0.0172 0.0867 0.9961
vn -0.0701 -0.0865 -0.9938
vn -0.0000 -0.6172 0.7868
vn -0.0000 -0.1942 0.9810
vn -0.0000 -0.0867 -0.9962
vn 0.0172 -0.0867 -0.9961
vn -0.7868 -0.6172 -0.0000
vn -0.9810 -0.1942 -0.0000
vn -0.0000 0.9809 0.1946
vn -0.0000 0.7758 0.6309
vn 0.0701 0.0865 0.9938
vn -0.0000 0.0867 0.9962
vn 0.7868 -0.6172 -0.0000
vn -0.0979 -0.1178 0.9882
vn 0.0701 -0.0865 -0.9938
vn -0.0000 -0.7754 -0.6314
vn -0.0000 -0.6172 -0.7868
vn -0.0000 -0.1942 -0.9810
vn -0.6298 0.7767 -0.0000
vn -0.7868 0.6172 -0.0000
vn -0.4679 0.2976 -0.8321
vn 0.0440 0.9990 -0.0000
vn 0.5200 0.8275 0.2118
vn 0.3753 -0.7359 0.5636
vn 0.4968 0.2017 0.8441
vn 0.2119 -0.8276 0.5197
vn 0.5312 -0.8191 -0.2168
vn -0.1039 -0.9946 -0.0000
vn 0.0001 -0.0000 1.0000
vn -0.8203 -0.1880 0.5401
vn -0.7935 -0.4274 0.4333
vn -0.2119 -0.8277 0.5197
vn -0.5404 -0.1880 0.8201
vn -0.4336 -0.4274 0.7933
vn -0.8203 0.1880 0.5401
vn -0.7935 0.4274 0.4333
vn -0.5404 0.1880 0.8201
vn -0.4336 0.4274 0.7933
vn -0.5200 0.8275 0.2118
vn -0.1039 -0.9944 0.0206
vn -0.5570 -0.0000 0.8305
vn -0.8307 -0.0000 0.5567
vn -0.2119 0.8276 0.5197
vn -0.5200 -0.8275 0.2118
vn -1.0000 -0.0000 -0.0000
vn -0.9553 0.2087 0.2092
vn -0.9809 -0.0000 0.1946
vn -0.9810 0.1942 -0.0000
vn 0.1039 0.9946 -0.0000
vn 0.1039 0.9943 -0.0249
vn -0.0547 0.9596 -0.2760
vn 1.0000 -0.0000 -0.0000
vn -0.0366 -0.9604 0.2763
vn 0.0547 0.9596 -0.2760
vn -0.0000 0.9610 -0.2764
vn -0.0000 -0.9610 0.2764
vn -0.2091 0.2087 0.9554
vn -0.1499 0.5725 0.8061
vn 0.2091 0.2087 0.9554
vn 0.1499 0.5725 0.8061
vn 0.1945 -0.0000 0.9809
vn -0.1945 -0.0000 0.9809
vn -0.0000 0.6172 0.7868
vn -0.0000 0.1942 0.9810
vn 0.0366 -0.9604 0.2763
vn 0.9554 -0.2071 -0.2106
vn 0.9553 -0.2087 0.2092
vn 0.8203 -0.1880 0.5401
vn 0.9810 0.1942 -0.0000
vn 0.8307 -0.0000 0.5567
vn 0.9809 -0.0000 0.1946
vn 0.9810 -0.1942 -0.0000
vn -0.0411 -0.9991 -0.0098
vn -0.0420 -0.9991 -0.0000
vn 0.0412 0.9991 0.0082
vn 0.0395 0.9989 0.0265
vn -0.0000 -1.0000 -0.0000
vn -0.0000 -0.9809 0.1946
vn -0.0000 -0.7758 0.6309
vn -0.1951 -0.9808 -0.0000
vn -0.6298 -0.7767 -0.0000
vn 0.1951 -0.9808 -0.0000
vn 0.6298 -0.7767 -0.0000
vn -0.0000 -0.9809 -0.1944
vn -0.0172 -0.0867 -0.9961
vn -0.0172 0.0867 0.9961
vn -0.4285 -0.4402 -0.7891
vn -0.5312 -0.8191 -0.2168
vn -0.7932 -0.4274 -0.4339
vn -0.2047 -0.8218 -0.5318
vn 0.4636 0.2949 -0.8355
vn 0.5702 -0.7344 0.3682
vn -0.0000 1.0000 -0.0000
vn 0.1951 0.9808 -0.0000
vn -0.1951 0.9808 -0.0000
vt 0.959104 0.171088
vt 0.966320 0.134858
vt 0.976193 0.134864
vt 0.968977 0.171094
vt 0.206673 0.009936
vt 0.107942 0.009765
vt 0.107529 0.000000
vt 0.206260 0.000171
vt 0.959104 0.291401
vt 0.973451 0.231293
vt 0.982311 0.226997
vt 0.967964 0.287105
vt 0.505083 0.203439
vt 0.560684 0.203185
vt 0.559382 0.261072
vt 0.508990 0.260042
vt 0.509380 0.239578
vt 0.504392 0.239604
vt 0.598354 0.202640
vt 0.597634 0.257671
vt 0.556891 0.299771
vt 0.505970 0.306803
vt 0.806808 0.462779
vt 0.816896 0.508237
vt 0.808195 0.509597
vt 0.798107 0.464139
vt 0.284457 0.528665
vt 0.284826 0.585610
vt 0.228423 0.587421
vt 0.227978 0.528997
vt 0.286101 0.634629
vt 0.229253 0.627146
vt 0.188957 0.585148
vt 0.181429 0.530021
vt 0.779135 0.509179
vt 0.789601 0.462779
vt 0.798107 0.463717
vt 0.787641 0.510116
vt 0.768329 0.613913
vt 0.819986 0.614243
vt 0.820215 0.670694
vt 0.768531 0.670427
vt 0.768511 0.665345
vt 0.767888 0.567695
vt 0.819621 0.574712
vt 0.768296 0.610354
vt 0.860592 0.614983
vt 0.860746 0.671615
vt 0.789601 0.556559
vt 0.798107 0.557497
vt 0.764087 0.963937
vt 0.819737 0.963481
vt 0.818981 0.999508
vt 0.798080 0.999680
vt 0.763445 1.000000
vt 0.863929 0.962276
vt 0.858995 0.998552
vt 0.843872 0.998965
vt 0.349039 0.203495
vt 0.406797 0.203582
vt 0.406107 0.239748
vt 0.369918 0.239673
vt 0.348226 0.239640
vt 0.304750 0.239268
vt 0.305224 0.203068
vt 0.319743 0.239414
vt 0.107254 0.271346
vt 0.205985 0.271517
vt 0.206292 0.280292
vt 0.107561 0.280121
vt 0.763524 0.769096
vt 0.820321 0.769390
vt 0.820213 0.826583
vt 0.763445 0.826221
vt 0.860851 0.770310
vt 0.860818 0.827324
vt 0.009874 0.269227
vt 0.050484 0.270578
vt 0.050790 0.279353
vt 0.010180 0.278002
vt 0.364716 0.957844
vt 0.363243 0.916889
vt 0.368325 0.925355
vt 0.369797 0.966310
vt 0.304750 0.860385
vt 0.361901 0.859727
vt 0.306012 0.917318
vt 0.411071 0.859900
vt 0.404436 0.916850
vt 0.308056 0.966310
vt 0.284866 0.979599
vt 0.293618 0.921950
vt 0.301137 0.925935
vt 0.292385 0.983583
vt 0.107181 0.215118
vt 0.050382 0.214465
vt 0.007502 0.587174
vt 0.049978 0.587780
vt 0.045093 0.596342
vt 0.002617 0.595736
vt 0.009846 0.212816
vt 0.409517 0.925316
vt 0.148927 0.912495
vt 0.155276 0.970048
vt 0.146335 0.974236
vt 0.139985 0.916683
vt 0.754728 0.785760
vt 0.747076 0.843424
vt 0.738064 0.839433
vt 0.745715 0.781769
vt 0.728278 0.855679
vt 0.728150 0.912873
vt 0.686900 0.913657
vt 0.686953 0.856643
vt 0.108783 0.531504
vt 0.107779 0.587846
vt 0.051189 0.531331
vt 0.104312 0.634790
vt 0.047722 0.627403
vt -0.000000 0.530364
vt 0.559382 0.046161
vt 0.560684 0.104458
vt 0.505083 0.104712
vt 0.504392 0.068328
vt 0.509380 0.068303
vt 0.508990 0.047716
vt 0.505970 -0.000000
vt 0.556891 0.006674
vt 0.597634 0.048655
vt 0.598354 0.103913
vt 0.596515 0.018122
vt 0.809151 0.195484
vt 0.850074 0.190275
vt 0.856472 0.246636
vt 0.815596 0.251720
vt 0.764433 0.261297
vt 0.764010 0.257739
vt 0.820292 0.291249
vt 0.769512 0.303964
vt 0.859754 0.274845
vt 0.284457 0.429958
vt 0.227978 0.430290
vt 0.228423 0.372553
vt 0.284826 0.373583
vt 0.181429 0.431314
vt 0.188957 0.376174
vt 0.229253 0.334109
vt 0.286101 0.326533
vt 0.200637 0.345815
vt 0.406107 0.068472
vt 0.406797 0.104855
vt 0.349039 0.104768
vt 0.348226 0.068365
vt 0.369918 0.068398
vt 0.305224 0.104341
vt 0.304750 0.067992
vt 0.319743 0.068138
vt 0.819737 0.864781
vt 0.764087 0.865237
vt 0.763445 0.828771
vt 0.798080 0.828451
vt 0.818981 0.828280
vt 0.863929 0.863576
vt 0.843872 0.827736
vt 0.858994 0.827324
vt 0.744068 0.300186
vt 0.744068 0.246740
vt 0.753709 0.244771
vt 0.753709 0.297795
vt 0.798146 0.097379
vt 0.791919 0.040651
vt 0.832795 0.035566
vt 0.839069 0.092171
vt 0.787620 0.000000
vt 0.829687 0.006819
vt 0.107293 0.116499
vt 0.050494 0.115846
vt 0.050725 0.058395
vt 0.107496 0.059163
vt 0.009959 0.114197
vt 0.010115 0.057044
vt 0.051088 0.016819
vt 0.010290 0.027845
vt 0.181429 0.874627
vt 0.237805 0.874369
vt 0.238317 0.931598
vt 0.181827 0.931781
vt 0.284866 0.875121
vt 0.278016 0.931986
vt 0.238168 0.972791
vt 0.181429 0.980950
vt 0.266677 0.960793
vt 0.108783 0.432804
vt 0.051189 0.432631
vt 0.049978 0.375424
vt 0.107779 0.375834
vt -0.000000 0.431665
vt 0.007502 0.374817
vt 0.047722 0.334387
vt 0.104312 0.326717
vt 0.019142 0.346140
vt 0.206227 0.059334
vt 0.263693 0.017187
vt 0.263329 0.058764
vt 0.304750 0.028356
vt 0.304575 0.057555
vt 0.968279 0.837357
vt 0.911453 0.837356
vt 0.911359 0.780287
vt 0.968162 0.780333
vt 0.870842 0.836890
vt 0.870688 0.779939
vt 0.911453 0.739410
vt 0.968286 0.731807
vt 0.870688 0.751024
vt 0.170749 0.848050
vt 0.159527 0.791395
vt 0.169355 0.791380
vt 0.180578 0.848036
vt 0.156953 0.375711
vt 0.153486 0.326594
vt 0.871041 0.886250
vt 0.911652 0.886716
vt 0.519204 0.869067
vt 0.540957 0.826276
vt 0.550828 0.826183
vt 0.529075 0.868973
vt 0.153166 0.863334
vt 0.144225 0.867522
vt 0.538560 0.670240
vt 0.519204 0.615074
vt 0.529075 0.614980
vt 0.548431 0.670147
vt 0.843730 0.512885
vt 0.843730 0.463712
vt 0.853560 0.462779
vt 0.853560 0.511952
vt 0.284866 0.874369
vt 0.292385 0.878354
vt 0.263088 0.270947
vt 0.304333 0.269738
vt 0.304640 0.278513
vt 0.263395 0.279722
vt 0.816896 0.561700
vt 0.827446 0.515330
vt 0.834021 0.509928
vt 0.823470 0.556297
vt 0.734572 0.305133
vt 0.734572 0.247087
vt 0.744068 0.244771
vt 0.744068 0.302817
vt 0.457951 0.863956
vt 0.443610 0.919874
vt 0.434718 0.915645
vt 0.449059 0.859727
vt 0.542279 0.989382
vt 0.556565 0.929268
vt 0.565316 0.925062
vt 0.551030 0.985176
vt 0.834021 0.561533
vt 0.834021 0.462806
vt 0.843730 0.462779
vt 0.843730 0.561506
vt 0.542279 0.873229
vt 0.527976 0.929186
vt 0.519204 0.925024
vt 0.533506 0.869067
vt 0.860798 0.720962
vt 0.820268 0.720042
vt 0.763471 0.719749
vt 0.457951 0.980020
vt 0.449059 0.975791
vt 0.000000 0.212841
vt 0.000112 0.114222
vt 0.844572 0.141223
vt 0.803649 0.146432
vt 0.050676 0.007053
vt 0.542279 0.989206
vt 0.533506 0.985044
vt 0.159527 0.692667
vt 0.169355 0.692653
vt 0.153486 0.634668
vt 0.156953 0.587723
vt 0.181429 0.587662
vt 0.177962 0.634606
vt 0.728225 0.781769
vt 0.728243 0.806332
vt 0.686918 0.807295
vt 0.686900 0.782732
vt 0.816896 0.468181
vt 0.823470 0.462779
vt 0.743172 0.888340
vt 0.752185 0.892332
vt 0.754728 0.916676
vt 0.746226 0.917576
vt 0.286101 0.584894
vt 0.295768 0.538966
vt 0.303128 0.539330
vt 0.293462 0.585258
vt 0.130176 0.915863
vt 0.134416 0.866703
vt 0.975128 0.405160
vt 0.983715 0.463055
vt 0.973854 0.463230
vt 0.965267 0.405335
vt 0.470364 0.712353
vt 0.470766 0.655585
vt 0.511898 0.655893
vt 0.519204 0.712734
vt 0.471536 0.614980
vt 0.500562 0.615115
vt 0.398288 0.954156
vt 0.107898 0.326362
vt 0.051062 0.318370
vt 0.010290 0.306052
vt 0.470364 0.811084
vt 0.519204 0.811464
vt 0.511898 0.868497
vt 0.470766 0.868189
vt 0.500562 0.909574
vt 0.471536 0.909439
vt 0.263666 0.318739
vt 0.206629 0.326533
vt 0.304750 0.306563
vt 0.042837 0.635965
vt 0.014257 0.624354
vt 0.136526 0.973416
vt 0.983715 0.306803
vt 0.973854 0.306978
vt 0.808635 0.405534
vt 0.808671 0.306803
vt 0.858019 0.306803
vt 0.857983 0.405534
vt 0.915107 0.405673
vt 0.915488 0.462779
vt 0.858295 0.462610
vt 0.915144 0.306943
vt 0.779135 0.405534
vt 0.808947 0.462610
vt 0.779447 0.462610
vt 0.733387 0.889429
vt 0.736441 0.918665
vt 0.728278 0.840521
vt 0.735930 0.782857
vt 0.944829 0.363759
vt 0.956058 0.306902
vt 0.965267 0.306803
vt 0.954037 0.363659
vt 0.149687 0.837315
vt 0.132261 0.792055
vt 0.142101 0.791253
vt 0.159527 0.836512
vt 0.130176 0.733554
vt 0.149687 0.636767
vt 0.159527 0.635965
vt 0.140016 0.732751
vt 0.303202 0.482127
vt 0.295674 0.538966
vt 0.286101 0.538905
vt 0.293629 0.482066
vt 0.944829 0.404386
vt 0.942745 0.462893
vt 0.932908 0.462094
vt 0.934992 0.403588
vt 0.956058 0.519259
vt 0.944829 0.462459
vt 0.954037 0.462359
vt 0.965267 0.519159
vt 0.303202 0.383420
vt 0.293629 0.383359
vt 0.664962 0.725541
vt 0.566231 0.725482
vt 0.566231 0.626863
vt 0.664962 0.626922
vt 0.722036 0.725021
vt 0.722201 0.781134
vt 0.665099 0.781769
vt 0.763353 0.723467
vt 0.763445 0.779878
vt 0.665099 0.569586
vt 0.722201 0.568951
vt 0.722036 0.626402
vt 0.763445 0.567695
vt 0.763353 0.624848
vt 0.566368 0.569527
vt 0.566368 0.781710
vt 0.925325 0.307601
vt 0.915488 0.306803
vt 0.295674 0.326594
vt 0.286101 0.326533
vt 0.925325 0.508163
vt 0.915488 0.507365
vt 0.623107 0.461794
vt 0.721841 0.461712
vt 0.721867 0.487205
vt 0.623133 0.487287
vt 0.726630 0.515735
vt 0.726614 0.511050
vt 0.778942 0.510806
vt 0.779135 0.567410
vt 0.726786 0.567695
vt 0.721790 0.412352
vt 0.721844 0.355328
vt 0.778918 0.355017
vt 0.778840 0.412086
vt 0.722114 0.306803
vt 0.779135 0.314140
vt 0.566281 0.461623
vt 0.566231 0.412263
vt 0.623057 0.412434
vt 0.623381 0.306885
vt 0.623111 0.355410
vt 0.778891 0.461446
vt 0.726590 0.487183
vt 0.548671 0.768407
vt 0.558542 0.768313
vt 0.543615 0.719324
vt 0.553487 0.719230
vt 0.968286 0.844874
vt 0.979593 0.788262
vt 0.989028 0.791171
vt 0.977722 0.847783
vt 0.968286 0.731807
vt 0.977722 0.734716
vt 0.410572 0.508976
vt 0.410572 0.410269
vt 0.459915 0.410228
vt 0.459915 0.508935
vt 0.517069 0.410466
vt 0.517069 0.509173
vt 0.566231 0.411411
vt 0.566231 0.510117
vt 0.460284 0.565880
vt 0.410941 0.565921
vt 0.461559 0.614899
vt 0.412216 0.614939
vt 0.361229 0.410310
vt 0.361598 0.353934
vt 0.410941 0.353893
vt 0.362873 0.306884
vt 0.412216 0.306844
vt 0.361229 0.509016
vt 0.304750 0.509348
vt 0.304750 0.410641
vt 0.715609 0.305494
vt 0.715609 0.247521
vt 0.725091 0.244771
vt 0.725091 0.302743
vt 0.425479 0.919282
vt 0.411071 0.863208
vt 0.420310 0.859727
vt 0.434718 0.915801
vt 0.166172 0.907629
vt 0.180578 0.967677
vt 0.171340 0.964193
vt 0.156934 0.904145
vt 0.870582 0.672463
vt 0.870635 0.721811
vt 0.848749 0.090226
vt 0.854252 0.139278
vt 0.734572 0.247527
vt 0.734572 0.305491
vt 0.725091 0.302736
vt 0.725091 0.244771
vt 0.411071 0.979302
vt 0.420311 0.975820
vt 0.180578 0.851534
vt 0.171340 0.848050
vt 0.542279 0.873273
vt 0.551030 0.869067
vt 0.959104 0.175390
vt 0.967964 0.171094
vt 0.598354 0.283174
vt 0.598354 0.244771
vt 0.628316 0.248557
vt 0.636681 0.289082
vt 0.676091 0.247868
vt 0.676091 0.287602
vt 0.647725 0.275348
vt 0.715609 0.285383
vt 0.676091 0.286469
vt 0.687343 0.245462
vt 0.715609 0.244771
vt 0.636681 0.244771
vt 0.806808 0.555552
vt 0.798107 0.556913
vt 0.295768 0.631860
vt 0.303128 0.632224
vt 0.909931 0.057032
vt 0.909931 0.155731
vt 0.860757 0.155854
vt 0.860757 0.057155
vt 0.859754 0.000184
vt 0.908928 0.000061
vt 0.908928 0.212073
vt 0.959104 0.155608
vt 0.958462 0.191672
vt 0.933765 0.191733
vt 0.933404 0.212012
vt 0.976193 0.036245
vt 0.966320 0.036239
vt 0.859754 0.286107
vt 0.859754 0.261544
vt 0.869627 0.261547
vt 0.869627 0.286111
vt 0.959104 -0.000000
vt 0.968977 0.000006
vt 0.170749 0.635979
vt 0.180578 0.635965
vt 0.863433 0.487350
vt 0.863433 0.536710
vt 0.853560 0.536708
vt 0.853560 0.487348
vt 0.863433 0.462781
vt 0.853560 0.462779
vt 0.869627 0.212200
vt 0.859754 0.212196
vt 0.958462 0.020443
vt 0.959104 0.056909
vt 0.933404 -0.000000
vt 0.933765 0.020505
vt 0.859754 0.188330
vt 0.870688 0.771159
vt 0.460284 0.353853
vt 0.461559 0.306803
vt 0.361598 0.565962
vt 0.362873 0.614980
vt 0.566307 0.487116
vt 0.779171 0.306803
vt 0.146759 0.838135
vt 0.136950 0.837315
vt 0.763445 0.695185
vt 0.768558 0.695212
vt 0.853560 0.537350
vt 0.843730 0.537362
vt 0.155276 0.838864
vt 0.871140 0.910819
vt 0.911751 0.911285
vt 0.177962 0.326533
vt 0.181429 0.375650
vt 0.680013 0.232207
vt 0.658655 0.236445
vt 0.623145 0.244771
vt 0.623145 0.234898
vt 0.598354 0.234902
vt 0.598354 0.000032
vt 0.762811 0.000000
vt 0.764010 0.005126
vt 0.764010 0.103859
vt 0.755692 0.139415
vt 0.751458 0.160800
vt 0.733884 0.187727
vt 0.722900 0.201734
vt 0.706529 0.215069
vt 0.192702 0.794301
vt 0.181429 0.737605
vt 0.181429 0.639319
vt 0.182362 0.634629
vt 0.303066 0.634805
vt 0.303066 0.868610
vt 0.282669 0.864541
vt 0.282669 0.874369
vt 0.234625 0.835516
vt 0.202523 0.794726
vt 0.685775 0.810534
vt 0.675438 0.862471
vt 0.665521 0.863367
vt 0.663179 0.866977
vt 0.633975 0.910272
vt 0.586750 0.941588
vt 0.566231 0.945604
vt 0.566230 0.781769
vt 0.686900 0.782070
vt 0.686900 0.805847
vt 0.334868 0.802746
vt 0.317298 0.775830
vt 0.313066 0.754448
vt 0.304750 0.718898
vt 0.304750 0.620167
vt 0.305949 0.615041
vt 0.470364 0.614980
vt 0.470364 0.849845
vt 0.445580 0.849854
vt 0.445580 0.859727
vt 0.410079 0.851421
vt 0.388726 0.847194
vt 0.362216 0.830072
vt 0.345850 0.816747
vt 0.109084 0.796567
vt 0.100543 0.796180
vt 0.068441 0.836876
vt 0.020397 0.875589
vt 0.020397 0.865760
vt 0.000000 0.869769
vt 0.000000 0.635965
vt 0.110801 0.636127
vt 0.111816 0.641231
vt 0.120357 0.641618
vt 0.130176 0.642654
vt 0.130176 0.740939
vt 0.118904 0.797602
vt 0.870688 0.567695
vt 0.981458 0.567972
vt 0.981458 0.731807
vt 0.960939 0.727689
vt 0.913714 0.696137
vt 0.884510 0.652695
vt 0.882167 0.649074
vt 0.871912 0.597496
vt 0.870688 0.592392
s 0
usemtl Clean_Metal
f 1342/2435/630 1305/2436/630 1137/2437/630 1341/2438/630
f 1122/2447/633 1124/2448/633 1126/2449/633 1345/2450/633 1344/2451/633 1343/2452/633
f 1124/2448/634 1125/2453/634 1127/2454/634 1126/2449/634
f 1345/2450/635 1126/2449/635 1136/2455/635 1346/2456/635
f 1132/2457/636 1133/2458/636 1302/2459/636 1303/2460/636
f 1123/2461/637 1129/2462/637 1132/2463/637 1131/2464/637
f 1129/2462/638 1130/2465/638 1133/2466/638 1132/2463/638
f 1131/2464/639 1132/2463/639 1127/2467/639 1125/2468/639
f 1127/2469/640 1132/2470/640 1303/2471/640 1298/2472/640
f 1348/2473/641 1135/2474/641 1134/2475/641 1349/2476/641 1347/2477/641
f 1346/2478/642 1136/2479/642 1135/2474/642 1348/2473/642 1350/2480/642
f 1134/2475/643 1135/2474/643 1133/2481/643 1130/2482/643
f 1126/2483/644 1127/2469/644 1298/2472/644 1299/2484/644
f 1137/2485/645 1139/2486/645 1351/2487/645 1352/2488/645 1341/2489/645
f 1139/2486/646 1140/2490/646 1353/2491/646 1354/2492/646 1351/2487/646
f 1141/2493/647 1138/2494/647 1356/2495/647 1355/2496/647 1357/2497/647
f 1353/2498/648 1140/2499/648 1141/2493/648 1357/2497/648 1358/2500/648
f 1142/2505/650 1145/2506/650 1147/2507/650 1220/2508/650
f 1145/2506/651 1146/2509/651 1148/2510/651 1147/2507/651
f 1143/2519/654 1149/2520/654 1152/2516/654 1151/2521/654
f 1149/2520/655 1150/2522/655 1153/2523/655 1152/2516/655
f 1151/2521/656 1152/2516/656 1148/2515/656 1146/2524/656
f 1144/2529/658 1154/2501/658 1156/2512/658 1155/2530/658
f 1155/2530/660 1156/2512/660 1153/2511/660 1150/2535/660
f 1159/2545/664 1160/2546/664 1166/2547/664 1163/2548/664
f 1158/2549/666 1162/2550/666 1165/2532/666 1164/2551/666
f 1162/2550/667 1163/2552/667 1166/2553/667 1165/2532/667
f 1164/2551/668 1165/2532/668 1259/2531/668 1221/2554/668
f 1171/2555/669 1170/2556/669 1167/2557/669 1360/2558/669 1359/2559/669 1361/2560/669
f 1362/2561/670 1172/2562/670 1171/2555/670 1361/2560/670
f 1170/2556/671 1171/2555/671 1182/2563/671 1179/2564/671
f 1171/2555/672 1172/2562/672 1173/2565/672 1182/2563/672
f 1174/2566/673 1175/2567/673 1177/2568/673 1176/2569/673
f 1363/2570/674 1364/2571/674 1176/2569/674 1172/2572/674 1362/2573/674
f 1176/2569/675 1177/2568/675 1173/2574/675 1172/2572/675
f 1169/2575/676 1178/2576/676 1181/2577/676 1180/2578/676
f 1178/2576/677 1179/2579/677 1182/2580/677 1181/2577/677
f 1180/2578/678 1181/2577/678 1177/2581/678 1175/2582/678
f 1181/2577/679 1182/2580/679 1173/2583/679
f 1367/2584/680 1184/2585/680 1186/2586/680 1365/2587/680 1366/2588/680
f 1365/2587/681 1186/2586/681 1187/2589/681 1369/2590/681 1368/2591/681
f 1188/2592/682 1185/2593/682 1371/2594/682 1370/2595/682 1372/2596/682
f 1187/2597/683 1188/2592/683 1372/2596/683 1373/2598/683 1369/2599/683
f 1193/2604/685 1194/2605/685 1205/2606/685 1202/2607/685
f 1194/2605/686 1195/2608/686 1196/2609/686 1205/2606/686
f 1222/2610/687 1197/2611/687 1199/2612/687 1260/2613/687
f 1197/2611/688 1198/2614/688 1200/2615/688 1199/2612/688
f 1260/2613/689 1199/2612/689 1195/2616/689 1192/2440/689
f 1199/2612/690 1200/2615/690 1196/2617/690 1195/2616/690
f 1190/2618/691 1201/2619/691 1204/2620/691 1203/2621/691
f 1201/2619/692 1202/2622/692 1205/2623/692 1204/2620/692
f 1203/2621/693 1204/2620/693 1200/2624/693 1198/2625/693
f 1204/2620/694 1205/2623/694 1196/2626/694
f 1206/2627/695 1209/2628/695 1211/2629/695 1210/2630/695
f 1209/2628/696 1261/2631/696 1258/2632/696 1211/2629/696
f 1210/2630/697 1211/2629/697 1219/2633/697 1216/2634/697
f 1211/2629/698 1258/2632/698 1212/2635/698
f 1213/2636/699 1223/2439/699 1224/2637/699 1257/2638/699
f 1257/2638/700 1224/2637/700 1212/2639/700 1258/2640/700
f 1208/2641/701 1215/2642/701 1218/2643/701 1217/2644/701
f 1215/2642/702 1216/2645/702 1219/2646/702 1218/2643/702
f 1217/2644/703 1218/2643/703 1224/2647/703 1223/2648/703
f 1218/2643/704 1219/2646/704 1212/2649/704 1224/2647/704
f 1162/2650/705 1158/2651/705 1306/2652/705 1307/2653/705
f 1311/2654/706 1210/2630/706 1216/2634/706 1312/2655/706
f 1312/2656/707 1216/2645/707 1215/2642/707 1313/2657/707
f 1137/2485/709 1185/2593/709 1188/2592/709 1139/2486/709
f 1139/2486/710 1188/2592/710 1187/2597/710 1140/2490/710
f 1140/2499/711 1187/2589/711 1186/2586/711 1141/2493/711
f 1141/2493/712 1186/2586/712 1184/2585/712 1138/2494/712
f 1138/2494/714 1122/2447/714 1343/2452/714 1356/2495/714
f 1213/2636/715 1260/2613/715 1192/2440/715 1223/2439/715
f 1360/2558/721 1167/2557/721 1184/2585/721 1367/2584/721
f 1150/2535/725 1198/2614/725 1197/2611/725 1155/2530/725
f 1155/2530/726 1197/2611/726 1222/2610/726 1144/2529/726
f 1314/2702/729 1146/2509/729 1145/2506/729 1315/2703/729
f 1315/2703/730 1145/2506/730 1142/2505/730 1320/2704/730
f 1206/2627/731 1158/2549/731 1164/2551/731 1209/2628/731
f 1209/2628/732 1164/2551/732 1221/2554/732 1261/2631/732
f 1316/2709/735 1175/2567/735 1174/2566/735 1317/2710/735
f 1178/2576/738 1131/2464/738 1125/2468/738 1179/2579/738
f 1179/2564/739 1125/2453/739 1124/2448/739 1170/2556/739
f 1170/2556/740 1124/2448/740 1122/2447/740 1167/2557/740
f 1158/2651/705 1206/2714/705 1310/2715/705 1306/2652/705
f 1321/2716/741 1318/2717/741 1375/2718/741 1376/2719/741
f 1377/2720/742 1319/2721/742 1321/2722/742 1376/2723/742
f 1184/2585/705 1167/2557/705 1122/2447/705 1138/2494/705
f 1219/2633/745 1211/2629/745 1212/2635/745
f 1136/2730/746 1126/2731/746 1299/2732/746 1300/2733/746
f 1200/2624/748 1204/2620/748 1196/2626/748
f 1177/2581/749 1181/2577/749 1173/2583/749
f 1222/2779/773 1260/2780/773 1271/2781/773 1272/2782/773
f 1259/2783/774 1256/2784/774 1263/2785/774 1270/2786/774
f 1253/2787/774 1154/2788/774 1207/2789/774 1161/2790/774
f 1256/2784/774 1253/2787/774 1161/2790/774 1263/2785/774
f 1221/2791/775 1259/2792/775 1270/2793/775 1269/2794/775
f 1213/2795/767 1257/2796/767 1267/2797/767 1266/2798/767
f 1154/2799/776 1144/2800/776 1214/2801/776 1207/2802/776
f 1144/2800/777 1222/2779/777 1272/2782/777 1214/2801/777
f 1261/2803/778 1221/2791/778 1269/2794/778 1273/2804/778
f 1260/2821/767 1213/2795/767 1266/2798/767 1271/2822/767
f 1258/2823/787 1261/2803/787 1273/2804/787 1268/2824/787
f 1257/2796/767 1258/2825/767 1268/2826/767 1267/2797/767
f 1133/2458/813 1135/2919/813 1304/2920/813 1302/2459/813
f 1135/2921/814 1136/2730/814 1300/2733/814 1304/2922/814
f 1185/2934/630 1137/2437/630 1305/2436/630 1308/2935/630
f 1389/2936/767 1338/2937/767 1311/2938/767 1388/2939/767
f 1185/2934/630 1308/2935/630 1390/2940/630 1371/2941/630
f 1206/2714/705 1210/2942/705 1309/2943/705 1310/2715/705
f 1318/2944/774 1162/2945/774 1307/2946/774 1340/2947/774
f 1375/2948/774 1318/2944/774 1340/2947/774 1387/2949/774
f 1210/2950/767 1311/2938/767 1338/2937/767 1309/2951/767
f 1163/2548/742 1321/2722/742 1319/2721/742 1159/2545/742
f 1162/2550/741 1318/2717/741 1321/2716/741 1163/2552/741
f 1202/2607/735 1316/2709/735 1317/2710/735 1193/2604/735
f 1349/2476/730 1134/2475/730 1315/2703/730 1320/2704/730 1395/2966/730 1396/2967/730
f 1130/2482/729 1314/2702/729 1315/2703/729 1134/2475/729
f 1398/2971/707 1312/2656/707 1313/2657/707 1397/2972/707
f 1311/2654/706 1312/2655/706 1398/2973/706 1388/2974/706
f 1372/2975/774 1370/2976/774 1371/2977/774 1390/2978/774 1391/2979/774 1121/2980/774 1359/2981/774 1360/2982/774 1367/2983/774 1366/2984/774 1365/2985/774 1368/2986/774 1369/2987/774 1373/2988/774
f 1358/3009/767 1357/3010/767 1355/3011/767 1356/3012/767 1343/3013/767 1344/3014/767 1128/3015/767 1386/3016/767 1342/3017/767 1341/3018/767 1352/3019/767 1351/3020/767 1354/3021/767 1353/3022/767
usemtl Dirty_Metal
f 1223/2439/631 1192/2440/631 1278/2441/631 1283/2442/631
f 1202/2443/632 1201/2444/632 1295/2445/632 1296/2446/632
f 1154/2501/649 1253/2502/649 1241/2503/649 1231/2504/649
f 1153/2511/652 1156/2512/652 1232/2513/652 1229/2514/652
f 1148/2515/653 1152/2516/653 1230/2517/653 1225/2518/653
f 1220/2525/657 1147/2526/657 1226/2527/657 1245/2528/657
f 1259/2531/659 1165/2532/659 1242/2533/659 1246/2534/659
f 1152/2516/661 1153/2523/661 1229/2536/661 1230/2517/661
f 1142/2537/662 1220/2538/662 1245/2539/662 1243/2540/662
f 1160/2541/663 1159/2542/663 1233/2543/663 1235/2544/663
f 1156/2512/665 1154/2501/665 1231/2504/665 1232/2513/665
f 1374/2600/684 1254/2601/684 1176/2602/684 1364/2603/684
f 1195/2658/708 1194/2659/708 1277/2660/708 1279/2661/708
f 1320/2662/713 1142/2537/713 1243/2540/713 1323/2663/713
f 1174/2664/716 1176/2665/716 1254/2666/716 1255/2667/716
f 1313/2668/717 1215/2669/717 1282/2670/717 1327/2671/717
f 1147/2526/718 1148/2672/718 1225/2673/718 1226/2527/718
f 1256/2674/719 1259/2675/719 1246/2676/719 1240/2677/719
f 1165/2678/720 1166/2679/720 1238/2680/720 1242/2681/720
f 1215/2682/722 1208/2683/722 1281/2684/722 1282/2685/722
f 1143/2686/723 1151/2687/723 1284/2688/723 1285/2689/723
f 1130/2690/724 1129/2691/724 1183/2692/724 1168/2693/724
f 1131/2694/727 1178/2695/727 1291/2696/727 1191/2697/727
f 1169/2698/728 1180/2699/728 1289/2700/728 1290/2701/728
f 1151/2687/733 1146/2705/733 1288/2706/733 1284/2688/733
f 1198/2614/734 1150/2535/734 1287/2707/734 1297/2708/734
f 1192/2440/736 1195/2616/736 1279/2711/736 1278/2441/736
f 1180/2699/737 1175/2712/737 1292/2713/737 1289/2700/737
f 1166/2679/743 1160/2724/743 1235/2725/743 1238/2680/743
f 1322/2726/744 1319/2727/744 1377/2728/744 1378/2729/744
f 1253/2502/747 1256/2674/747 1240/2677/747 1241/2503/747
f 1323/2663/750 1243/2540/750 1251/2734/750 1326/2735/750
f 1234/2736/751 1235/2737/751 1250/2738/751 1249/2739/751
f 1245/2740/752 1226/2741/752 1227/2742/752 1244/2743/752
f 1226/2741/753 1225/2744/753 1228/2745/753 1227/2742/753
f 1230/2517/754 1229/2536/754 1228/2746/754
f 1231/2504/755 1244/2747/755 1227/2748/755 1232/2513/755
f 1232/2513/756 1227/2748/756 1228/2749/756 1229/2514/756
f 1234/2750/757 1236/2751/757 1237/2752/757 1235/2753/757
f 1235/2753/758 1237/2752/758 1239/2754/758 1238/2755/758
f 1241/2503/759 1240/2677/759 1237/2756/759 1236/2757/759
f 1240/2677/760 1246/2676/760 1239/2758/760 1237/2756/760
f 1242/2533/761 1238/2759/761 1239/2760/761
f 1243/2540/762 1245/2539/762 1252/2761/762 1251/2734/762
f 1231/2504/763 1241/2503/763 1236/2757/763 1244/2747/763
f 1244/2743/764 1236/2751/764 1234/2750/764 1245/2740/764
f 1245/2762/751 1234/2736/751 1249/2739/751 1252/2763/751
f 1246/2534/765 1242/2533/765 1239/2760/765
f 1225/2518/766 1230/2517/766 1228/2746/766
f 1325/2764/767 1326/2765/767 1251/2766/767 1248/2767/767
f 1248/2767/768 1249/2768/768 1250/2769/768 1247/2770/768
f 1252/2771/769 1249/2768/769 1248/2767/769 1251/2766/769
f 1380/2772/770 1325/2764/770 1324/2773/770 1379/2774/770
f 1324/2775/771 1322/2726/771 1378/2729/771 1379/2776/771
f 1235/2544/772 1233/2543/772 1247/2777/772 1250/2778/772
f 1157/2805/630 1214/2806/630 1272/2807/630 1265/2808/630
f 1157/2805/779 1262/2809/779 1263/2810/779 1161/2811/779
f 1262/2809/780 1269/2812/780 1270/2813/780 1263/2810/780
f 1265/2808/781 1266/2814/781 1267/2815/781 1264/2816/781
f 1264/2816/782 1267/2815/782 1268/2817/782 1273/2818/782
f 1265/2808/783 1272/2807/783 1271/2819/783 1266/2814/783
f 1214/2806/784 1157/2805/784 1161/2811/784 1207/2820/784
f 1273/2818/785 1269/2812/785 1262/2809/785 1264/2816/785
f 1264/2816/786 1262/2809/786 1157/2805/786 1265/2808/786
f 1328/2827/774 1330/2828/774 1381/2829/774 1382/2830/774
f 1383/2831/788 1384/2832/788 1255/2833/788 1254/2834/788 1374/2835/788
f 1275/2836/789 1276/2837/789 1277/2838/789 1274/2839/789
f 1276/2837/790 1278/2840/790 1279/2841/790 1277/2838/790
f 1327/2842/791 1282/2843/791 1281/2844/791 1328/2827/791
f 1283/2845/792 1278/2840/792 1276/2837/792 1280/2846/792
f 1280/2846/793 1276/2837/793 1275/2836/793 1281/2844/793
f 1330/2828/794 1329/2847/794 1255/2833/794 1384/2832/794 1385/2848/794 1381/2829/794
f 1194/2659/795 1193/2849/795 1274/2850/795 1277/2660/795
f 1317/2851/796 1174/2664/796 1255/2667/796 1329/2852/796
f 1208/2853/797 1217/2854/797 1280/2855/797 1281/2856/797
f 1217/2854/798 1223/2857/798 1283/2858/798 1280/2855/798
f 1331/2859/799 1334/2860/799 1294/2861/799 1285/2862/799
f 1285/2862/800 1294/2861/800 1293/2863/800 1286/2864/800
f 1286/2864/801 1293/2863/801 1297/2865/801 1287/2866/801
f 1331/2859/802 1285/2862/802 1284/2867/802 1332/2868/802
f 1332/2868/803 1284/2867/803 1288/2869/803 1333/2870/803
f 1334/2860/804 1290/2871/804 1289/2872/804 1335/2873/804
f 1335/2873/805 1289/2872/805 1292/2874/805 1336/2875/805
f 1290/2871/806 1189/2876/806 1191/2877/806 1291/2878/806
f 1178/2879/774 1169/2880/774 1290/2881/774 1291/2882/774
f 1149/2883/767 1143/2884/767 1285/2885/767 1286/2886/767
f 1203/2887/774 1198/2888/774 1297/2889/774 1293/2890/774
f 1314/2702/767 1130/2482/767 1168/2891/767 1333/2892/767
f 1316/2709/774 1202/2607/774 1296/2893/774 1336/2894/774
f 1123/2895/767 1131/2896/767 1191/2897/767 1189/2898/767
f 1150/2899/767 1149/2883/767 1286/2886/767 1287/2900/767
f 1190/2901/774 1203/2887/774 1293/2890/774 1294/2902/774
f 1129/2691/807 1123/2903/807 1189/2904/807 1183/2692/807
f 1201/2444/808 1190/2905/808 1294/2906/808 1295/2445/808
f 1299/2907/809 1298/2908/809 1301/2909/809 1300/2910/809
f 1303/2911/810 1302/2912/810 1301/2913/810
f 1304/2914/811 1300/2915/811 1301/2916/811 1302/2917/811
f 1298/2918/812 1303/2911/812 1301/2913/812
f 1337/2923/815 1339/2924/815 1306/2925/815 1310/2926/815
f 1337/2923/816 1310/2926/816 1309/2927/816 1338/2928/816
f 1340/2929/817 1339/2924/817 1305/2930/817 1342/2931/817 1386/2932/817 1387/2933/817
f 1306/2925/817 1339/2924/817 1340/2929/817 1307/2951/817
f 1390/2952/816 1308/2953/816 1337/2923/816 1338/2928/816 1389/2954/816 1391/2955/816
f 1308/2953/815 1305/2930/815 1339/2924/815 1337/2923/815
f 1175/2567/774 1316/2709/774 1336/2894/774 1292/2956/774
f 1146/2509/767 1314/2702/767 1333/2892/767 1288/2957/767
f 1295/2958/805 1335/2873/805 1336/2875/805 1296/2959/805
f 1294/2861/804 1334/2860/804 1335/2873/804 1295/2958/804
f 1183/2960/803 1332/2868/803 1333/2870/803 1168/2961/803
f 1189/2876/802 1331/2859/802 1332/2868/802 1183/2960/802
f 1189/2876/799 1290/2871/799 1334/2860/799 1331/2859/799
f 1193/2849/796 1317/2851/796 1329/2852/796 1274/2850/796
f 1274/2839/794 1329/2847/794 1330/2828/794 1275/2836/794
f 1392/2962/791 1327/2842/791 1328/2827/791 1382/2830/791
f 1281/2844/774 1275/2836/774 1330/2828/774 1328/2827/774
f 1233/2543/771 1322/2726/771 1324/2775/771 1247/2777/771
f 1247/2770/770 1324/2773/770 1325/2764/770 1248/2767/770
f 1326/2765/767 1325/2764/767 1380/2772/767 1393/2963/767
f 1394/2964/750 1323/2663/750 1326/2735/750 1393/2965/750
f 1159/2542/744 1319/2727/744 1322/2726/744 1233/2543/744
f 1313/2668/717 1327/2671/717 1392/2968/717 1397/2969/717
f 1395/2970/713 1320/2662/713 1323/2663/713 1394/2964/713
f 1392/2989/705 1382/2990/705 1381/2991/705 1385/2992/705 1121/2993/705 1391/2994/705 1389/2995/705 1388/2996/705 1398/2997/705 1397/2998/705
f 1383/2999/815 1374/3000/815 1364/3001/815 1363/3002/815 1362/3003/815 1361/3004/815 1359/3005/815 1121/3006/815 1385/3007/815 1384/3008/815
f 1378/3023/705 1377/3024/705 1376/3025/705 1375/3026/705 1387/3027/705 1386/3028/705 1128/3029/705 1396/3030/705 1395/3031/705 1394/3032/705 1393/3033/705 1380/3034/705 1379/3035/705
f 1396/3036/815 1128/3037/815 1344/3038/815 1345/3039/815 1346/3040/815 1350/3041/815 1348/3042/815 1347/3043/815 1349/3044/815
o tubes
v 2.062697 6.320376 -4.496312
v 2.285766 6.161777 -4.496312
v 2.323357 5.897722 -4.496312
v 2.163867 5.685278 -4.496312
v 1.697407 5.791086 -4.496312
v 1.645187 6.051552 -4.496312
v 1.793029 6.273545 -4.496312
v 1.908828 5.642036 -4.496312
v -0.384821 5.847226 -4.496312
v -0.663520 6.425620 -4.496313
v -0.747383 6.172431 -4.496313
v -0.628134 5.935050 -4.496313
v -0.150300 5.956382 -4.496312
v -0.052677 6.203443 -4.496312
v -0.158767 6.448153 -4.496312
v -0.415841 6.542106 -4.496313
v 0.415843 6.542106 -4.496312
v 0.663522 6.425620 -4.496312
v 0.747386 6.172431 -4.496312
v 0.628137 5.935050 -4.496312
v 0.150303 5.956382 -4.496312
v 0.052679 6.203443 -4.496312
v 0.158770 6.448153 -4.496312
v 0.384823 5.847226 -4.496312
v 1.151406 5.778648 -4.496312
v 0.979797 6.397326 -4.496312
v 0.852323 6.163043 -4.496312
v 0.927544 5.908266 -4.496312
v 1.401577 5.844442 -4.496312
v 1.541504 6.070253 -4.496312
v 1.480534 6.329907 -4.496312
v 1.244219 6.468000 -4.496312
v 1.531641 5.718791 -4.095847
v 1.637023 6.303071 -3.849925
v 1.593372 6.061054 -3.748061
v 1.549721 5.819037 -3.849925
v 1.549721 5.819037 -4.341769
v 1.593372 6.061054 -4.443633
v 1.637023 6.303071 -4.341769
v 1.655104 6.403317 -4.095847
v 0.000001 5.855812 -4.095848
v 0.000001 6.449519 -3.849926
v 0.000001 6.203598 -3.748062
v 0.000001 5.957675 -3.849926
v 0.000001 5.957675 -4.341769
v 0.000001 6.203598 -4.443634
v 0.000001 6.449519 -4.341769
v 0.000001 6.551383 -4.095848
v 2.009333 6.332317 -4.290126
v 1.865422 6.362885 -4.148491
v 1.772446 6.277600 -4.411827
v 1.722371 6.287263 -4.362188
v 1.638235 6.052845 -4.462237
v 1.626895 6.054942 -4.450705
v 1.677921 5.794925 -4.411827
v 1.630517 5.804072 -4.362188
v 1.859445 5.653086 -4.290126
v 1.726269 5.681375 -4.148490
v 2.083803 5.705357 -4.168426
v 1.862457 5.756714 -3.934793
v 2.228351 5.922623 -4.118016
v 1.964137 5.986084 -3.846277
v 1.967377 6.237236 -3.934793
v 2.201192 6.182987 -4.168426
v 1.298392 6.460544 -4.290126
v 1.443914 6.438910 -4.148491
v 1.066451 6.387653 -4.168426
v 1.304486 6.356798 -3.934793
v 0.950043 6.153183 -4.118016
v 1.219779 6.120338 -3.846277
v 1.009577 5.899109 -4.168426
v 1.234918 5.869899 -3.934793
v 1.201536 5.771748 -4.290126
v 1.336204 5.751728 -4.148491
v 1.421175 5.841232 -4.411827
v 1.468788 5.833242 -4.362188
v 1.548469 6.069036 -4.462236
v 1.559827 6.067039 -4.450705
v 1.551531 6.318076 -4.362188
v 1.501236 6.326516 -4.411827
v 1.908829 5.642036 -5.386233
v 1.793029 6.273545 -5.386233
v 1.645187 6.051552 -5.386233
v 1.697407 5.791086 -5.386233
v 2.163867 5.685278 -5.386233
v 2.323357 5.897722 -5.386233
v 2.285766 6.161777 -5.386233
v 2.062697 6.320376 -5.386233
v -2.062693 6.320376 -5.386235
v -1.793026 6.273545 -5.386235
v -1.645184 6.051551 -5.386234
v -1.697404 5.791086 -5.386234
v -2.163864 5.685278 -5.386235
v -2.323354 5.897722 -5.386235
v -2.285763 6.161777 -5.386235
v -1.908825 5.642036 -5.386235
v 0.576527 6.431482 -4.168427
v 0.336795 6.443368 -3.934794
v 0.361207 6.544385 -4.290127
v 0.214156 6.548924 -4.148491
v 0.137794 6.448490 -4.411827
v 0.086800 6.449111 -4.362189
v 0.045608 6.203481 -4.462237
v 0.034076 6.203533 -4.450705
v 0.130446 5.956701 -4.411827
v 0.082171 5.957289 -4.362189
v 0.334263 5.849335 -4.290127
v 0.198181 5.853536 -4.148491
v 0.545781 5.940600 -4.168427
v 0.318834 5.951852 -3.934793
v 0.378184 6.195628 -3.846277
v 0.649468 6.180072 -4.118016
v -0.334261 5.849335 -4.290127
v -0.198179 5.853536 -4.148491
v -0.130443 5.956701 -4.411827
v -0.082168 5.957289 -4.362189
v -0.045606 6.203481 -4.462237
v -0.034074 6.203533 -4.450705
v -0.137792 6.448490 -4.411827
v -0.086797 6.449111 -4.362189
v -0.361205 6.544385 -4.290127
v -0.214154 6.548924 -4.148491
v -0.576524 6.431482 -4.168427
v -0.336793 6.443368 -3.934794
v -0.649466 6.180072 -4.118017
v -0.378182 6.195628 -3.846277
v -0.318831 5.951852 -3.934794
v -0.545778 5.940600 -4.168427
v -1.151403 5.778647 -4.496313
v -1.480531 6.329907 -4.496313
v -1.541501 6.070252 -4.496313
v -1.401574 5.844442 -4.496313
v -0.927542 5.908266 -4.496313
v -0.852321 6.163043 -4.496313
v -0.979794 6.397326 -4.496313
v -1.244216 6.467999 -4.496313
v -1.908825 5.642036 -4.496313
v -2.285764 6.161777 -4.496313
v -2.323354 5.897722 -4.496313
v -2.163864 5.685278 -4.496313
v -1.697404 5.791086 -4.496313
v -1.645184 6.051551 -4.496313
v -1.793026 6.273545 -4.496313
v -2.062694 6.320376 -4.496313
v -1.531638 5.718791 -4.095848
v -1.637021 6.303071 -3.849926
v -1.593370 6.061054 -3.748062
v -1.549719 5.819037 -3.849926
v -1.549718 5.819037 -4.341770
v -1.593370 6.061054 -4.443634
v -1.637021 6.303071 -4.341770
v -1.655102 6.403317 -4.095848
v 1.156688 6.376697 -5.146822
v 1.394408 6.343497 -4.913189
v 1.175839 6.126254 -5.235339
v 1.444657 6.086588 -4.963600
v 1.095002 5.888737 -5.146822
v 1.320044 5.857307 -4.913189
v 0.966069 5.801562 -4.933125
v 1.101236 5.785253 -4.791489
v 0.859765 5.915240 -4.719428
v 0.907795 5.910353 -4.669789
v 0.833803 6.164789 -4.630911
v 0.845284 6.163711 -4.619380
v 0.908199 6.404693 -4.719428
v 0.958936 6.399530 -4.669789
v 1.190005 6.475137 -4.791489
v 1.043942 6.492761 -4.933125
v 0.830859 6.514293 -4.985769
v 0.821782 6.412834 -5.231691
v 0.799870 6.167890 -5.333555
v 0.777957 5.922946 -5.231691
v 0.777957 5.922946 -4.739847
v 0.799870 6.167890 -4.637983
v 0.821782 6.412834 -4.739847
v 0.768880 5.821487 -4.985769
v 1.244220 6.467999 -4.585304
v 1.480534 6.329907 -4.585304
v 1.541504 6.070252 -4.585304
v 1.401578 5.844442 -4.585304
v 0.927546 5.908266 -4.585304
v 0.852325 6.163043 -4.585304
v 0.979798 6.397326 -4.585304
v 1.151407 5.778647 -4.585304
v 0.384824 5.847226 -4.585304
v 0.158771 6.448152 -4.585304
v 0.052681 6.203443 -4.585304
v 0.150304 5.956381 -4.585304
v 0.628138 5.935050 -4.585304
v 0.747387 6.172430 -4.585304
v 0.663523 6.425620 -4.585304
v 0.415845 6.542106 -4.585304
v -1.468786 5.833242 -4.362189
v -1.421173 5.841232 -4.411828
v -1.548466 6.069036 -4.462238
v -1.559824 6.067039 -4.450706
v -1.501233 6.326517 -4.411828
v -1.551528 6.318076 -4.362189
v -1.298389 6.460545 -4.290127
v -1.443911 6.438910 -4.148492
v -1.066449 6.387653 -4.168427
v -1.304484 6.356798 -3.934794
v -0.950040 6.153183 -4.118017
v -1.219777 6.120338 -3.846278
v -1.009575 5.899109 -4.168427
v -1.234916 5.869899 -3.934794
v -1.201534 5.771748 -4.290127
v -1.336201 5.751728 -4.148491
v -1.862455 5.756714 -3.934794
v -2.083801 5.705357 -4.168427
v -2.228348 5.922622 -4.118017
v -1.964134 5.986084 -3.846278
v -2.201190 6.182987 -4.168427
v -1.967374 6.237236 -3.934794
v -2.009330 6.332316 -4.290128
v -1.865419 6.362885 -4.148492
v -1.772443 6.277600 -4.411828
v -1.722368 6.287262 -4.362189
v -1.638232 6.052845 -4.462238
v -1.626892 6.054942 -4.450706
v -1.677919 5.794925 -4.411828
v -1.630515 5.804071 -4.362189
v -1.859442 5.653086 -4.290127
v -1.726267 5.681374 -4.148492
v -0.384819 5.847227 -4.585305
v -0.663518 6.425620 -4.585305
v -0.747382 6.172431 -4.585305
v -0.628133 5.935051 -4.585305
v -0.150299 5.956382 -4.585305
v -0.052676 6.203443 -4.585304
v -0.158766 6.448153 -4.585305
v -0.415839 6.542107 -4.585305
v -1.151402 5.778648 -4.585305
v -1.480529 6.329907 -4.585305
v -1.541499 6.070253 -4.585305
v -1.401572 5.844443 -4.585305
v -0.927540 5.908266 -4.585305
v -0.852320 6.163043 -4.585305
v -0.979793 6.397326 -4.585305
v -1.244215 6.468000 -4.585305
v -0.768875 5.821488 -4.985769
v -0.821777 6.412835 -4.739848
v -0.799864 6.167891 -4.637983
v -0.777952 5.922947 -4.739847
v -0.777952 5.922947 -5.231691
v -0.799864 6.167891 -5.333555
v -0.821777 6.412835 -5.231691
v -0.830853 6.514294 -4.985769
v -0.571281 5.836880 -4.933126
v -0.435366 5.844821 -4.791490
v -0.232822 5.954571 -4.913190
v -0.459869 5.945556 -5.146823
v -0.150885 6.202330 -4.963600
v -0.422475 6.193650 -5.235339
v -0.245937 6.446240 -4.913190
v -0.485775 6.436718 -5.146823
v -0.470461 6.539508 -4.791490
v -0.617332 6.530926 -4.933126
v -0.684441 6.424087 -4.669790
v -0.735288 6.420162 -4.719428
v -0.754429 6.171839 -4.619380
v -0.765919 6.170863 -4.630912
v -0.647940 5.933599 -4.669790
v -0.696075 5.929884 -4.719428
v -1.320039 5.857308 -4.913190
v -1.094997 5.888738 -5.146823
v -1.444652 6.086589 -4.963601
v -1.175833 6.126255 -5.235340
v -1.394402 6.343498 -4.913190
v -1.156682 6.376698 -5.146823
v -1.189999 6.475138 -4.791490
v -1.043937 6.492762 -4.933126
v -0.958930 6.399531 -4.669790
v -0.908194 6.404694 -4.719429
v -0.845280 6.163712 -4.619380
v -0.833798 6.164791 -4.630912
v -0.907791 5.910353 -4.669790
v -0.859760 5.915240 -4.719429
v -0.966064 5.801562 -4.933126
v -1.101231 5.785253 -4.791490
v 0.735293 6.420161 -4.719428
v 0.684446 6.424087 -4.669789
v 0.470466 6.539507 -4.791490
v 0.617337 6.530925 -4.933125
v 0.245943 6.446239 -4.913190
v 0.485781 6.436717 -5.146823
v 0.150890 6.202329 -4.963600
v 0.422480 6.193650 -5.235339
v 0.232827 5.954570 -4.913190
v 0.459874 5.945556 -5.146823
v 0.435371 5.844821 -4.791490
v 0.571286 5.836879 -4.933125
v 0.647945 5.933599 -4.669789
v 0.696080 5.929883 -4.719428
v 0.754433 6.171839 -4.619379
v 0.765925 6.170862 -4.630912
vn 0.2989 0.3188 0.8995
vn 0.1579 -0.4112 0.8977
vn -0.0786 -0.9222 0.3787
vn -0.2696 -0.8835 -0.3830
vn -0.2775 -0.3265 -0.9036
vn -0.1350 0.4029 -0.9052
vn 0.0811 0.9211 -0.3809
vn 0.2712 0.8825 0.3842
vn -0.0794 0.9562 -0.2817
vn -0.1729 0.9801 -0.0979
vn -0.5678 0.4870 -0.6637
vn -0.8150 0.5387 -0.2136
vn -0.7220 -0.2388 -0.6494
vn -0.9599 -0.1902 -0.2058
vn -0.4670 -0.8400 -0.2765
vn -0.5733 -0.8139 -0.0942
vn 0.0797 -0.9571 0.2785
vn 0.1704 -0.9805 0.0984
vn 0.5588 -0.5112 0.6530
vn 0.7814 -0.5799 0.2306
vn 0.7203 0.2130 0.6602
vn 0.9616 0.1413 0.2353
vn 0.4663 0.8393 0.2796
vn 0.5744 0.8127 0.0979
vn 0.2673 0.3304 -0.9052
vn 0.1459 -0.4028 -0.9036
vn -0.0560 -0.9220 -0.3830
vn -0.2485 -0.8915 0.3787
vn -0.2916 -0.3302 0.8977
vn -0.1687 0.4031 0.8995
vn 0.0542 0.9216 0.3842
vn 0.2458 0.8914 -0.3809
vn -0.1437 0.9493 0.2796
vn -0.2543 0.9622 0.0979
vn -0.6005 0.4512 0.6602
vn -0.8516 0.4684 0.2353
vn -0.7022 -0.2838 0.6530
vn -0.9347 -0.2704 0.2306
vn -0.4091 -0.8690 0.2785
vn -0.5022 -0.8592 0.0984
vn 0.1441 -0.9502 -0.2765
vn 0.2529 -0.9629 -0.0942
vn 0.5930 -0.4760 -0.6494
vn 0.8330 -0.5136 -0.2058
vn 0.7021 0.2580 -0.6637
vn 0.9518 0.2200 -0.2136
vn 0.4085 0.8682 -0.2817
vn 0.5044 0.8579 -0.0979
vn 0.1672 -0.9859 -0.0000
vn -0.8323 0.5543 -0.0000
vn 0.9900 0.1409 -0.0000
vn -0.9805 -0.1966 -0.0000
vn -0.5762 -0.8173 -0.0000
vn -0.1711 0.9853 -0.0000
vn 0.5795 0.8150 -0.0000
vn 0.7997 -0.6004 -0.0000
vn 0.1711 0.9853 -0.0000
vn 0.5762 -0.8173 -0.0000
vn -0.9900 0.1409 -0.0000
vn 0.8323 0.5543 -0.0000
vn -0.1672 -0.9859 -0.0000
vn -0.7997 -0.6004 -0.0000
vn -0.5795 0.8150 -0.0000
vn 0.9805 -0.1966 -0.0000
vn -0.2582 0.9661 -0.0000
vn 0.3395 -0.9406 -0.0000
vn 0.2543 -0.9671 -0.0000
vn -0.3433 0.9392 -0.0000
vn -0.5011 -0.8654 -0.0000
vn -0.9175 0.3978 -0.0000
vn -0.9591 -0.2832 -0.0000
vn 0.8936 -0.4489 -0.0000
vn 0.5045 0.8634 -0.0000
vn 0.9735 0.2286 -0.0000
vn 0.9493 0.3144 -0.0000
vn 0.4256 0.9049 -0.0000
vn 0.8500 -0.5267 -0.0000
vn -0.9300 -0.3675 -0.0000
vn -0.8784 0.4779 -0.0000
vn -0.4220 -0.9066 -0.0000
vn 0.2284 -0.3767 0.8977
vn 0.0863 -0.9215 0.3787
vn -0.1085 -0.9174 -0.3830
vn -0.2151 -0.3705 -0.9036
vn -0.2044 0.3726 -0.9052
vn -0.0837 0.9208 -0.3809
vn 0.1102 0.9166 0.3842
vn 0.2376 0.3668 0.8995
vn 0.3099 0.9087 0.2796
vn 0.4210 0.9017 0.0979
vn -0.2479 0.9269 -0.2817
vn -0.3442 0.9338 -0.0979
vn -0.6452 0.3785 -0.6637
vn -0.8977 0.3854 -0.2136
vn -0.6681 -0.3631 -0.6494
vn -0.9109 -0.3576 -0.2058
vn -0.3105 -0.9095 -0.2765
vn -0.4198 -0.9027 -0.0942
vn 0.2484 -0.9278 0.2785
vn 0.3417 -0.9346 0.0984
vn 0.6407 -0.4039 0.6530
vn 0.8719 -0.4320 0.2306
vn 0.6710 0.3374 0.6602
vn 0.9212 0.3098 0.2353
vn -0.2284 -0.3767 0.8977
vn -0.2376 0.3668 0.8995
vn -0.1102 0.9166 0.3842
vn 0.0837 0.9208 -0.3809
vn 0.2044 0.3726 -0.9052
vn 0.2151 -0.3705 -0.9036
vn 0.1085 -0.9174 -0.3830
vn -0.0863 -0.9215 0.3787
vn 0.3105 -0.9095 -0.2765
vn 0.4198 -0.9027 -0.0942
vn 0.6681 -0.3631 -0.6494
vn 0.9109 -0.3576 -0.2058
vn 0.6452 0.3785 -0.6637
vn 0.8977 0.3854 -0.2136
vn 0.2479 0.9269 -0.2817
vn 0.3442 0.9338 -0.0979
vn -0.3099 0.9087 0.2796
vn -0.4210 0.9017 0.0979
vn -0.6710 0.3374 0.6602
vn -0.9212 0.3098 0.2353
vn -0.6407 -0.4039 0.6530
vn -0.8719 -0.4320 0.2306
vn -0.2484 -0.9278 0.2785
vn -0.3417 -0.9346 0.0984
vn 0.2368 0.3529 0.9052
vn 0.1812 -0.3882 0.9036
vn 0.0264 -0.9234 0.3830
vn -0.1681 -0.9101 -0.3787
vn -0.2610 -0.3549 -0.8977
vn -0.2039 0.3865 -0.8995
vn -0.0281 0.9228 -0.3842
vn 0.1654 0.9097 0.3809
vn 0.4997 0.8606 -0.0979
vn 0.3896 0.8775 -0.2796
vn 0.9452 0.2265 -0.2353
vn 0.6984 0.2763 -0.6602
vn 0.8299 -0.5080 -0.2306
vn 0.6021 -0.4594 -0.6530
vn 0.2570 -0.9614 -0.0984
vn 0.1647 -0.9462 -0.2785
vn -0.4985 -0.8617 0.0942
vn -0.3903 -0.8782 0.2765
vn -0.9392 -0.2750 0.2058
vn -0.6978 -0.3022 0.6494
vn -0.8598 0.4639 0.2136
vn -0.6089 0.4345 0.6637
vn -0.2596 0.9607 0.0979
vn -0.1643 0.9453 0.2817
vn 0.1915 0.9032 -0.3842
vn 0.2693 0.3442 -0.8995
vn 0.1939 -0.3955 -0.8977
vn 0.0038 -0.9255 -0.3787
vn -0.1898 -0.9040 0.3830
vn -0.2473 -0.3499 0.9036
vn -0.1704 0.3893 0.9052
vn -0.0013 0.9246 0.3809
vn 0.9591 -0.2832 -0.0000
vn -0.9493 0.3144 -0.0000
vn -0.9735 0.2286 -0.0000
vn -0.4256 0.9049 -0.0000
vn -0.5045 0.8634 -0.0000
vn 0.4220 -0.9066 -0.0000
vn 0.5011 -0.8654 -0.0000
vn -0.8936 -0.4489 -0.0000
vn -0.8500 -0.5267 -0.0000
vn 0.3433 0.9392 -0.0000
vn 0.2582 0.9661 -0.0000
vn -0.3395 -0.9406 -0.0000
vn 0.9175 0.3978 -0.0000
vn -0.2544 -0.9671 -0.0000
vn 0.8784 0.4779 -0.0000
vn 0.9300 -0.3675 -0.0000
vn -0.1459 -0.4028 -0.9036
vn -0.2673 0.3304 -0.9052
vn -0.2458 0.8914 -0.3809
vn -0.0542 0.9216 0.3842
vn 0.1687 0.4031 0.8995
vn 0.2916 -0.3302 0.8977
vn 0.2485 -0.8915 0.3787
vn 0.0560 -0.9220 -0.3830
vn -0.5931 -0.4760 -0.6494
vn -0.8330 -0.5136 -0.2058
vn -0.7021 0.2580 -0.6637
vn -0.9518 0.2200 -0.2136
vn -0.4085 0.8682 -0.2817
vn -0.5044 0.8579 -0.0979
vn 0.1437 0.9493 0.2796
vn 0.2543 0.9622 0.0979
vn 0.6005 0.4512 0.6602
vn 0.8516 0.4684 0.2353
vn 0.7022 -0.2838 0.6530
vn 0.9347 -0.2704 0.2306
vn 0.4091 -0.8690 0.2785
vn 0.5022 -0.8592 0.0984
vn -0.1441 -0.9502 -0.2765
vn -0.2529 -0.9629 -0.0942
vn -0.1579 -0.4112 0.8977
vn -0.2989 0.3188 0.8995
vn -0.2712 0.8825 0.3842
vn -0.0811 0.9211 -0.3809
vn 0.1350 0.4029 -0.9052
vn 0.2775 -0.3265 -0.9036
vn 0.2696 -0.8835 -0.3830
vn 0.0786 -0.9222 0.3787
vn -0.5588 -0.5112 0.6530
vn -0.7814 -0.5799 0.2306
vn -0.7203 0.2130 0.6602
vn -0.9616 0.1413 0.2353
vn -0.4663 0.8393 0.2796
vn -0.5744 0.8127 0.0979
vn 0.0794 0.9562 -0.2817
vn 0.1729 0.9801 -0.0979
vn 0.5678 0.4870 -0.6637
vn 0.8150 0.5387 -0.2136
vn 0.7220 -0.2388 -0.6494
vn 0.9599 -0.1902 -0.2058
vn 0.4670 -0.8400 -0.2765
vn 0.5733 -0.8139 -0.0942
vn -0.0797 -0.9571 0.2785
vn -0.1704 -0.9805 0.0984
vn 0.1681 -0.9101 -0.3787
vn 0.2610 -0.3549 -0.8977
vn 0.2039 0.3865 -0.8995
vn 0.0281 0.9228 -0.3842
vn -0.1654 0.9097 0.3809
vn -0.2368 0.3529 0.9052
vn -0.1813 -0.3882 0.9036
vn -0.0264 -0.9234 0.3830
vn 0.3300 -0.9020 -0.2785
vn 0.4236 -0.9005 -0.0984
vn 0.6741 -0.3452 -0.6530
vn 0.9069 -0.3526 -0.2306
vn 0.6383 0.3959 -0.6602
vn 0.8900 0.3906 -0.2353
vn 0.2277 0.9327 -0.2796
vn 0.3390 0.9357 -0.0979
vn -0.3295 0.9012 0.2817
vn -0.4260 0.8994 0.0979
vn -0.6764 0.3195 0.6637
vn -0.9284 0.3039 0.2136
vn -0.6331 -0.4212 0.6494
vn -0.8754 -0.4373 0.2058
vn -0.2282 -0.9335 0.2765
vn -0.3377 -0.9365 0.0942
vn 0.1898 -0.9040 0.3830
vn 0.2473 -0.3499 0.9036
vn 0.1704 0.3893 0.9052
vn 0.0013 0.9246 0.3809
vn -0.1915 0.9032 -0.3842
vn -0.2693 0.3442 -0.8995
vn -0.1939 -0.3955 -0.8977
vn -0.0038 -0.9255 -0.3787
vn -0.6021 -0.4594 -0.6530
vn -0.8299 -0.5080 -0.2306
vn -0.6984 0.2763 -0.6602
vn -0.9452 0.2265 -0.2353
vn -0.3896 0.8775 -0.2796
vn -0.4997 0.8606 -0.0979
vn 0.1643 0.9453 0.2817
vn 0.2596 0.9607 0.0979
vn 0.6089 0.4345 0.6637
vn 0.8598 0.4639 0.2136
vn 0.6978 -0.3022 0.6494
vn 0.9392 -0.2750 0.2058
vn 0.3903 -0.8782 0.2765
vn 0.4985 -0.8617 0.0942
vn -0.1647 -0.9462 -0.2785
vn -0.2570 -0.9614 -0.0984
vn 0.3295 0.9012 0.2817
vn 0.4260 0.8994 0.0979
vn -0.2277 0.9327 -0.2796
vn -0.3390 0.9357 -0.0979
vn -0.6383 0.3959 -0.6602
vn -0.8900 0.3906 -0.2353
vn -0.6741 -0.3452 -0.6530
vn -0.9069 -0.3526 -0.2306
vn -0.3300 -0.9020 -0.2785
vn -0.4236 -0.9005 -0.0984
vn 0.2282 -0.9335 0.2765
vn 0.3377 -0.9365 0.0942
vn 0.6331 -0.4212 0.6494
vn 0.8754 -0.4373 0.2058
vn 0.6764 0.3195 0.6637
vn 0.9284 0.3039 0.2136
vt 0.783527 0.398526
vt 0.814416 0.405599
vt 0.823755 0.469286
vt 0.791480 0.455308
vt 0.862038 0.406363
vt 0.869938 0.459977
vt 0.551742 0.106923
vt 0.507560 0.112156
vt 0.498097 0.078187
vt 0.536485 0.052386
vt 0.463448 0.106904
vt 0.459777 0.092791
vt 0.907368 0.384401
vt 0.913095 0.416204
vt 0.907240 0.415641
vt 0.893334 0.382744
vt 0.913533 0.463910
vt 0.898678 0.462250
vt 0.596019 0.076319
vt 0.551839 0.071079
vt 0.561302 0.034377
vt 0.599690 0.061413
vt 0.044162 0.107668
vt 0.000049 0.112926
vt 0.015306 0.055324
vt 0.053626 0.070966
vt 0.586738 0.009319
vt 0.608604 0.052674
vt 0.623756 0.000033
vt 0.623772 0.049082
vt 0.890924 0.458275
vt 0.905495 0.414733
vt 0.584879 0.904689
vt 0.551789 0.910423
vt 0.553265 0.894965
vt 0.585355 0.898479
vt 0.627987 0.923474
vt 0.584032 0.906957
vt 0.631591 0.913740
vt 0.632980 0.898302
vt 0.450863 0.084517
vt 0.472661 0.054994
vt 0.664492 0.932446
vt 0.668255 0.894741
vt 0.494527 0.013925
vt 0.435644 0.046400
vt 0.435659 0.000034
vt 0.890924 0.492888
vt 0.848557 0.508893
vt 0.818163 0.230385
vt 0.784278 0.218208
vt 0.783527 0.159194
vt 0.816920 0.162269
vt 0.877957 0.268080
vt 0.832277 0.280143
vt 0.865702 0.225300
vt 0.864632 0.166265
vt 0.057264 0.014703
vt 0.079062 0.045908
vt 0.116132 0.000033
vt 0.116080 0.036622
vt 0.919315 0.415641
vt 0.929437 0.462250
vt 0.922452 0.382744
vt 0.498121 0.146354
vt 0.459787 0.121054
vt 0.536524 0.162052
vt 0.823755 0.336084
vt 0.869938 0.347680
vt 0.791480 0.336685
vt 0.053601 0.144619
vt 0.015266 0.171156
vt 0.599679 0.091265
vt 0.561277 0.108031
vt 0.079020 0.170135
vt 0.057197 0.212985
vt 0.116031 0.179640
vt 0.116054 0.228234
vt 0.812567 0.287421
vt 0.848557 0.280143
vt 0.927011 0.382744
vt 0.892360 0.367943
vt 0.890924 0.310742
vt 0.925681 0.316736
vt 0.890924 0.300657
vt 0.974365 0.377220
vt 0.973228 0.319957
vt 0.494593 0.201653
vt 0.472702 0.169968
vt 0.435735 0.216090
vt 0.435691 0.178764
vt 0.450879 0.129385
vt 0.435713 0.132813
vt 0.443977 0.100107
vt 0.441908 0.102093
vt 0.915302 0.254365
vt 0.878815 0.265472
vt 0.878952 0.250240
vt 0.915318 0.248225
vt 0.921657 0.414733
vt 0.939754 0.458275
vt 0.962739 0.260458
vt 0.962937 0.245220
vt 0.608588 0.100065
vt 0.586696 0.133546
vt 0.623753 0.103686
vt 0.623707 0.143051
vt 0.275888 0.046365
vt 0.275903 0.000000
vt 0.551789 0.736136
vt 0.583880 0.739651
vt 0.830245 0.003075
vt 0.877957 0.007071
vt 0.631504 0.739474
vt 0.666780 0.735912
vt 0.783512 0.000000
vt 0.783527 0.049048
vt 0.275888 0.000000
vt 0.275836 0.036589
vt 0.796852 -0.000000
vt 0.623756 0.735913
vt 0.623772 0.688755
vt 0.783527 0.688722
vt 0.783512 0.735879
vt 0.435695 0.686701
vt 0.435644 0.727414
vt 0.275888 0.727380
vt 0.275939 0.686667
vt 0.712518 0.896717
vt 0.668255 0.894748
vt 0.668298 0.735912
vt 0.712562 0.737881
vt 0.550210 0.931845
vt 0.506901 0.931969
vt 0.507065 0.772219
vt 0.550374 0.772095
vt 0.435659 0.772040
vt 0.275903 0.772005
vt 0.756549 0.894765
vt 0.756593 0.735930
vt 0.116132 0.815494
vt 0.116080 0.772501
vt 0.275836 0.772468
vt 0.275888 0.815461
vt 0.462021 0.931790
vt 0.462184 0.772040
vt 0.132006 0.179637
vt 0.132030 0.228231
vt 0.435745 0.268961
vt 0.435714 0.314132
vt 0.419739 0.314128
vt 0.419769 0.268958
vt 0.419715 0.178761
vt 0.419738 0.132810
vt 0.623714 0.337072
vt 0.623683 0.289319
vt 0.639658 0.289316
vt 0.639689 0.337069
vt 0.419760 0.216086
vt 0.920811 0.877372
vt 0.882847 0.878785
vt 0.880946 0.863015
vt 0.918910 0.861602
vt 0.926818 0.300894
vt 0.974365 0.304114
vt 0.129825 0.851112
vt 0.091004 0.847174
vt 0.092524 0.831271
vt 0.131345 0.835209
vt 0.639728 0.103682
vt 0.639683 0.143048
vt 0.914323 0.232281
vt 0.961941 0.229276
vt 0.176783 0.855532
vt 0.178303 0.839630
vt 0.116006 0.325908
vt 0.116045 0.284079
vt 0.132021 0.284076
vt 0.131982 0.325905
vt 0.877957 0.234296
vt 0.967701 0.871067
vt 0.965799 0.855298
vt 0.892060 0.294899
vt 0.435752 0.353771
vt 0.419776 0.353767
vt 0.816854 0.868425
vt 0.864306 0.863175
vt 0.877916 0.913376
vt 0.833000 0.928101
vt 0.551789 0.380581
vt 0.507607 0.382621
vt 0.498156 0.347313
vt 0.536552 0.323820
vt 0.463495 0.380562
vt 0.459830 0.365911
vt 0.192284 0.918848
vt 0.197276 0.952413
vt 0.191674 0.951360
vt 0.178925 0.916039
vt 0.193088 1.000000
vt 0.178925 0.997113
vt 0.595970 0.365372
vt 0.551789 0.363324
vt 0.561241 0.325171
vt 0.599636 0.349896
vt 0.044113 0.399913
vt -0.000000 0.401979
vt 0.015237 0.342023
vt 0.053564 0.361760
vt 0.783667 0.862889
vt 0.797709 0.916171
vt 0.057182 0.299491
vt 0.078992 0.335616
vt 0.586668 0.299027
vt 0.608547 0.340810
vt 0.920992 0.885898
vt 0.882538 0.904281
vt 0.883717 0.894261
vt 0.921237 0.883579
vt 0.967561 0.896472
vt 0.968621 0.886516
vt 0.450918 0.357310
vt 0.472729 0.323117
vt 0.494607 0.283553
vt 0.132535 0.968053
vt 0.092520 0.948126
vt 0.088551 0.905947
vt 0.127290 0.918945
vt 0.178925 0.956518
vt 0.174508 0.914315
vt 0.817075 0.798359
vt 0.864490 0.803995
vt 0.783527 0.800629
vt 0.053564 0.438161
vt 0.015237 0.462176
vt 0.599636 0.380862
vt 0.561241 0.401572
vt 0.203515 0.952471
vt 0.209090 0.999942
vt 0.207481 0.918717
vt 0.498156 0.418018
vt 0.459830 0.395227
vt 0.536552 0.437570
vt 0.472729 0.442372
vt 0.450918 0.403849
vt 0.435714 0.451425
vt 0.435752 0.407394
vt 0.926691 0.650514
vt 0.884759 0.667644
vt 0.885633 0.658630
vt 0.926918 0.648418
vt 0.885607 0.643428
vt 0.926898 0.642289
vt 0.206039 0.951857
vt 0.220186 0.997254
vt 0.973116 0.655896
vt 0.973116 0.640691
vt 0.608547 0.389969
vt 0.586668 0.427890
vt 0.623714 0.393714
vt 0.623683 0.437674
vt 0.078992 0.464478
vt 0.057182 0.505170
vt 0.116006 0.474263
vt 0.116045 0.520795
vt 0.796788 0.747146
vt 0.832941 0.737449
vt 0.219708 0.916039
vt 0.179666 0.903000
vt 0.178925 0.846063
vt 0.219117 0.850316
vt 0.877916 0.752705
vt 0.266294 0.907960
vt 0.265708 0.850940
vt 0.494607 0.478272
vt 0.435745 0.493062
vt 0.963000 0.430288
vt 0.957593 0.462451
vt 0.943422 0.465336
vt 0.957395 0.431365
vt 0.959286 0.382744
vt 0.945920 0.385558
vt 0.347840 0.246121
vt 0.392022 0.242470
vt 0.395690 0.256936
vt 0.357296 0.281061
vt 0.303728 0.242451
vt 0.318971 0.298740
vt 0.815852 0.610883
vt 0.783527 0.617858
vt 0.789002 0.564582
vt 0.821987 0.547627
vt 0.863593 0.610481
vt 0.869014 0.554050
vt 0.711557 0.215833
vt 0.755738 0.219491
vt 0.740495 0.278948
vt 0.702101 0.253587
vt 0.159768 0.256098
vt 0.203881 0.252422
vt 0.194425 0.290176
vt 0.156100 0.271379
vt 0.698585 0.118759
vt 0.676694 0.152567
vt 0.740515 0.160484
vt 0.702114 0.178260
vt 0.915522 0.164027
vt 0.962937 0.170117
vt 0.821987 0.680715
vt 0.869014 0.672572
vt 0.884759 0.722470
vt 0.840018 0.737449
vt 0.878704 0.175159
vt 0.789002 0.676783
vt 0.804850 0.724422
vt 0.382704 0.187570
vt 0.360881 0.147083
vt 0.357284 0.211348
vt 0.318951 0.186586
vt 0.404594 0.219564
vt 0.395685 0.228032
vt 0.926817 0.294924
vt 0.974182 0.289342
vt 0.969240 0.430259
vt 0.974483 0.382889
vt 0.985099 0.385758
vt 0.971761 0.430934
vt 0.891807 0.280143
vt 0.973595 0.462517
vt 0.984683 0.465336
vt 0.169018 0.189156
vt 0.147196 0.231904
vt 0.194438 0.214849
vt 0.156105 0.240849
vt 0.043399 0.856106
vt 0.000138 0.855448
vt 0.000320 0.839474
vt 0.043581 0.840132
vt 0.179511 0.830190
vt 0.219703 0.834443
vt 0.922458 0.139139
vt 0.879933 0.138685
vt 0.879217 0.122818
vt 0.921742 0.123272
vt 0.131982 0.474259
vt 0.132021 0.520791
vt 0.623753 0.631875
vt 0.623707 0.586934
vt 0.639683 0.586930
vt 0.639728 0.631871
vt 0.419739 0.451422
vt 0.419776 0.407390
vt 0.435735 0.547011
vt 0.435691 0.589553
vt 0.419715 0.589549
vt 0.419760 0.547007
vt 0.266294 0.835067
vt 0.967830 0.135554
vt 0.967114 0.119687
vt 0.639689 0.393711
vt 0.639658 0.437670
vt 0.116031 0.623523
vt 0.116054 0.577782
vt 0.132030 0.577779
vt 0.132006 0.623519
vt 0.419769 0.493058
vt 0.926382 0.626322
vt 0.972599 0.624724
vt 0.435713 0.632856
vt 0.419738 0.632852
vt 0.088354 0.856482
vt 0.088535 0.840508
vt 0.885090 0.627461
vt 0.890743 0.907061
vt 0.896935 0.942428
vt 0.891536 0.941374
vt 0.877916 0.904281
vt 0.891532 0.989896
vt 0.877916 0.987028
vt 0.596019 0.660337
vt 0.551839 0.661547
vt 0.561277 0.623155
vt 0.599679 0.644783
vt 0.044162 0.698136
vt 0.000049 0.696944
vt 0.015266 0.636539
vt 0.053601 0.659744
vt 0.275964 0.896909
vt 0.311076 0.904435
vt 0.325405 0.961734
vt 0.288408 0.948098
vt 0.358553 0.899042
vt 0.370609 0.947214
vt 0.551742 0.659819
vt 0.507560 0.658601
vt 0.498121 0.623073
vt 0.536524 0.602636
vt 0.463448 0.659800
vt 0.459787 0.645076
vt 0.967936 0.160820
vt 0.922588 0.147639
vt 0.922641 0.145355
vt 0.968216 0.151012
vt 0.879984 0.164027
vt 0.880303 0.154165
vt 0.586696 0.596755
vt 0.608588 0.635639
vt 0.057197 0.593447
vt 0.079020 0.633344
vt 0.088551 0.956805
vt 0.044154 0.972263
vt 0.043446 0.923874
vt 0.088246 0.915215
vt 0.000263 0.955797
vt 0.000000 0.914187
vt 0.472702 0.598642
vt 0.494593 0.561841
vt 0.450879 0.636420
vt 0.311346 0.834749
vt 0.358757 0.840158
vt 0.275888 0.835010
vt 0.053626 0.736467
vt 0.015306 0.757198
vt 0.599690 0.675879
vt 0.561302 0.699878
vt 0.903139 0.942620
vt 0.907470 0.990200
vt 0.905894 0.907284
vt 0.498097 0.694071
vt 0.459777 0.674513
vt 0.536485 0.716857
vt 0.325410 0.772040
vt 0.370609 0.787290
vt 0.756593 0.951698
vt 0.712384 0.962346
vt 0.287609 0.779999
vt 0.668302 0.951591
vt 0.079062 0.762749
vt 0.057264 0.799992
vt 0.608604 0.685005
vt 0.586738 0.726160
vt 0.905758 0.942137
vt 0.918976 0.988079
vt 0.550374 0.947042
vt 0.506942 0.938096
vt 0.507014 0.940184
vt 0.462543 0.955968
vt 0.462174 0.946986
vt 0.472661 0.718391
vt 0.450863 0.683151
vt 0.494526 0.757366
vt 0.347840 0.520434
vt 0.303728 0.520002
vt 0.318971 0.462809
vt 0.357296 0.484879
vt 0.370672 0.838486
vt 0.404999 0.832250
vt 0.404587 0.902377
vt 0.370609 0.897707
vt 0.452618 0.836223
vt 0.452239 0.898540
vt 0.755738 0.512666
vt 0.711557 0.512246
vt 0.702101 0.473825
vt 0.740495 0.452252
vt 0.203881 0.548835
vt 0.159768 0.549273
vt 0.156100 0.533698
vt 0.194425 0.510414
vt 0.932516 0.986261
vt 0.939088 0.952135
vt 0.945284 0.951904
vt 0.948442 0.985790
vt 0.933763 0.904656
vt 0.948903 0.904281
vt 0.392022 0.520021
vt 0.395690 0.505277
vt 0.360915 0.422135
vt 0.382724 0.460479
vt 0.888029 0.526059
vt 0.930570 0.508893
vt 0.926565 0.558228
vt 0.885030 0.568452
vt 0.462021 0.951612
vt 0.415785 0.962813
vt 0.972643 0.565705
vt 0.676673 0.447458
vt 0.698551 0.409286
vt 0.147188 0.524551
vt 0.168996 0.484047
vt 0.947915 0.952420
vt 0.959997 0.987917
vt 0.179391 0.815494
vt 0.219712 0.828492
vt 0.959997 0.906468
vt 0.266210 0.820351
vt 0.404602 0.496617
vt 0.395685 0.534771
vt 0.357283 0.556013
vt 0.933717 0.953271
vt 0.921009 0.907579
vt 0.918976 0.989274
vt 0.194438 0.587281
vt 0.156105 0.564853
vt 0.740515 0.573139
vt 0.702114 0.550692
vt 0.415571 0.772040
vt 0.462021 0.782467
vt 0.379869 0.787825
vt 0.318951 0.577250
vt 0.922665 -0.000000
vt 0.968216 0.013380
vt 0.965781 0.059582
vt 0.920065 0.053874
vt 0.880636 0.016162
vt 0.877957 0.062621
vt 0.698585 0.616222
vt 0.676694 0.577108
vt 0.169018 0.613696
vt 0.147196 0.574010
vt 0.043498 0.831971
vt 0.088234 0.816533
vt 0.088551 0.825372
vt 0.043584 0.834025
vt 0.000049 0.815494
vt 0.000344 0.824337
vt 0.404594 0.543439
vt 0.382704 0.580458
vt 0.360881 0.618036
vt 0.168996 0.316206
vt 0.147187 0.280372
vt 0.698551 0.321546
vt 0.676673 0.279617
vt 0.840018 0.508893
vt 0.884759 0.519584
vt 0.877916 0.802807
vt 0.915126 0.792211
vt 0.922179 0.737449
vt 0.968621 0.748248
vt 0.962557 0.795202
vt 0.382724 0.305152
vt 0.360915 0.339070
vt 0.404602 0.265450
vt 0.955907 0.432415
vt 0.939754 0.389994
vt 0.093189 0.816129
vt 0.131637 0.829103
vt 0.131359 0.827013
vt 0.177741 0.815494
vt 0.178925 0.824484
s 0
usemtl Copper
f 1432/3045/818 1433/3046/818 1460/3047/818 1461/3048/818
f 1433/3046/819 1434/3049/819 1458/3050/819 1460/3047/819
f 1434/3051/820 1431/3052/820 1456/3053/820 1458/3054/820
f 1431/3052/821 1435/3055/821 1454/3056/821 1456/3053/821
f 1435/3057/822 1436/3058/822 1452/3059/822 1454/3060/822
f 1436/3058/823 1437/3061/823 1450/3062/823 1452/3059/823
f 1437/3063/824 1438/3064/824 1448/3065/824 1450/3066/824
f 1438/3067/825 1432/3068/825 1461/3069/825 1448/3070/825
f 1450/3066/826 1448/3065/826 1447/3071/826 1449/3072/826
f 1449/3072/827 1447/3071/827 1399/3073/827 1405/3074/827
f 1452/3059/828 1450/3062/828 1449/3075/828 1451/3076/828
f 1451/3077/829 1449/3078/829 1405/3079/829 1404/3080/829
f 1454/3081/830 1452/3082/830 1451/3077/830 1453/3083/830
f 1453/3083/831 1451/3077/831 1404/3080/831 1403/3084/831
f 1456/3053/832 1454/3056/832 1453/3085/832 1455/3086/832
f 1455/3087/833 1453/3083/833 1403/3084/833 1406/3088/833
f 1458/3054/834 1456/3053/834 1455/3086/834 1457/3089/834
f 1457/3089/835 1455/3086/835 1406/3090/835 1402/3091/835
f 1460/3047/836 1458/3050/836 1457/3092/836 1459/3093/836
f 1459/3094/837 1457/3095/837 1402/3096/837 1401/3097/837
f 1461/3098/838 1460/3099/838 1459/3094/838 1462/3100/838
f 1462/3100/839 1459/3094/839 1401/3097/839 1400/3101/839
f 1448/3070/840 1461/3069/840 1462/3102/840 1447/3103/840
f 1447/3103/841 1462/3102/841 1400/3104/841 1399/3105/841
f 1437/3061/842 1436/3058/842 1476/3106/842 1477/3107/842
f 1436/3058/843 1435/3057/843 1474/3108/843 1476/3106/843
f 1435/3055/844 1431/3052/844 1472/3109/844 1474/3110/844
f 1431/3052/845 1434/3051/845 1470/3111/845 1472/3109/845
f 1434/3049/846 1433/3046/846 1468/3112/846 1470/3113/846
f 1433/3046/847 1432/3045/847 1466/3114/847 1468/3112/847
f 1432/3068/848 1438/3067/848 1464/3115/848 1466/3116/848
f 1438/3064/849 1437/3063/849 1477/3117/849 1464/3118/849
f 1466/3116/850 1464/3115/850 1463/3119/850 1465/3120/850
f 1465/3120/851 1463/3119/851 1430/3121/851 1424/3122/851
f 1468/3112/852 1466/3114/852 1465/3123/852 1467/3124/852
f 1467/3125/853 1465/3126/853 1424/3127/853 1425/3128/853
f 1470/3113/854 1468/3112/854 1467/3124/854 1469/3129/854
f 1469/3130/855 1467/3125/855 1425/3128/855 1426/3131/855
f 1472/3109/856 1470/3111/856 1469/3132/856 1471/3133/856
f 1471/3133/857 1469/3132/857 1426/3134/857 1423/3135/857
f 1474/3110/858 1472/3109/858 1471/3133/858 1473/3136/858
f 1473/3136/859 1471/3133/859 1423/3135/859 1427/3137/859
f 1476/3138/860 1474/3110/860 1473/3136/860 1475/3139/860
f 1475/3140/861 1473/3141/861 1427/3142/861 1428/3143/861
f 1477/3107/862 1476/3106/862 1475/3144/862 1478/3145/862
f 1478/3146/863 1475/3140/863 1428/3143/863 1429/3147/863
f 1464/3118/864 1477/3117/864 1478/3148/864 1463/3149/864
f 1463/3149/865 1478/3148/865 1429/3150/865 1430/3151/865
f 1402/3091/866 1406/3090/866 1479/3152/866 1483/3153/866
f 1404/3080/867 1405/3079/867 1480/3154/867 1481/3155/867
f 1400/3101/868 1401/3097/868 1484/3156/868 1485/3157/868
f 1403/3084/869 1404/3080/869 1481/3155/869 1482/3158/869
f 1406/3088/870 1403/3084/870 1482/3158/870 1479/3159/870
f 1405/3074/871 1399/3073/871 1486/3160/871 1480/3161/871
f 1399/3105/872 1400/3104/872 1485/3162/872 1486/3163/872
f 1401/3097/873 1402/3096/873 1483/3164/873 1484/3156/873
f 1542/3165/874 1541/3166/874 1488/3167/874 1487/3168/874
f 1539/3169/875 1535/3170/875 1494/3171/875 1490/3172/875
f 1537/3173/876 1536/3174/876 1493/3175/876 1492/3176/876
f 1541/3177/877 1540/3178/877 1489/3179/877 1488/3180/877
f 1535/3170/878 1538/3181/878 1491/3182/878 1494/3171/878
f 1538/3183/879 1537/3173/879 1492/3176/879 1491/3184/879
f 1536/3185/880 1542/3186/880 1487/3187/880 1493/3188/880
f 1540/3178/881 1539/3189/881 1490/3190/881 1489/3179/881
f 1424/3122/882 1430/3121/882 1575/3191/882 1581/3192/882
f 1418/3193/883 1422/3194/883 1583/3195/883 1587/3196/883
f 1427/3137/884 1423/3135/884 1582/3197/884 1578/3198/884
f 1421/3199/885 1415/3200/885 1590/3201/885 1584/3202/885
f 1423/3135/886 1426/3134/886 1579/3203/886 1582/3197/886
f 1420/3204/887 1421/3205/887 1584/3206/887 1585/3207/887
f 1426/3131/888 1425/3128/888 1580/3208/888 1579/3209/888
f 1417/3210/889 1418/3211/889 1587/3212/889 1588/3213/889
f 1430/3151/890 1429/3150/890 1576/3214/890 1575/3215/890
f 1429/3147/891 1428/3143/891 1577/3216/891 1576/3217/891
f 1416/3218/892 1417/3210/892 1588/3213/892 1589/3219/892
f 1415/3220/893 1416/3221/893 1589/3222/893 1590/3223/893
f 1428/3143/894 1427/3142/894 1578/3224/894 1577/3216/894
f 1419/3225/895 1420/3204/895 1585/3207/895 1586/3226/895
f 1425/3128/896 1424/3127/896 1581/3227/896 1580/3208/896
f 1422/3194/897 1419/3228/897 1586/3229/897 1583/3195/897
f 1441/3230/898 1442/3231/898 1508/3232/898 1509/3233/898
f 1442/3234/899 1439/3235/899 1506/3236/899 1508/3237/899
f 1439/3235/900 1443/3238/900 1504/3239/900 1506/3236/900
f 1443/3240/901 1444/3241/901 1502/3242/901 1504/3243/901
f 1444/3241/902 1445/3244/902 1500/3245/902 1502/3242/902
f 1445/3246/903 1446/3247/903 1498/3248/903 1500/3249/903
f 1446/3250/904 1440/3251/904 1496/3252/904 1498/3253/904
f 1440/3254/905 1441/3230/905 1509/3233/905 1496/3255/905
f 1498/3253/906 1496/3252/906 1495/3256/906 1497/3257/906
f 1497/3257/907 1495/3256/907 1416/3221/907 1415/3220/907
f 1500/3249/908 1498/3248/908 1497/3258/908 1499/3259/908
f 1499/3259/909 1497/3258/909 1415/3200/909 1421/3199/909
f 1502/3260/910 1500/3261/910 1499/3262/910 1501/3263/910
f 1501/3263/911 1499/3262/911 1421/3205/911 1420/3204/911
f 1504/3264/912 1502/3260/912 1501/3263/912 1503/3265/912
f 1503/3265/913 1501/3263/913 1420/3204/913 1419/3225/913
f 1506/3236/914 1504/3239/914 1503/3266/914 1505/3267/914
f 1505/3267/915 1503/3266/915 1419/3228/915 1422/3194/915
f 1508/3237/916 1506/3236/916 1505/3267/916 1507/3268/916
f 1507/3268/917 1505/3267/917 1422/3194/917 1418/3193/917
f 1509/3269/918 1508/3270/918 1507/3271/918 1510/3272/918
f 1510/3272/919 1507/3271/919 1418/3211/919 1417/3210/919
f 1496/3273/920 1509/3269/920 1510/3272/920 1495/3274/920
f 1495/3274/921 1510/3272/921 1417/3210/921 1416/3218/921
f 1442/3231/922 1441/3230/922 1524/3275/922 1525/3276/922
f 1441/3230/923 1440/3254/923 1522/3277/923 1524/3275/923
f 1440/3251/924 1446/3250/924 1520/3278/924 1522/3279/924
f 1446/3247/925 1445/3246/925 1518/3280/925 1520/3281/925
f 1445/3244/926 1444/3241/926 1516/3282/926 1518/3283/926
f 1444/3241/927 1443/3240/927 1514/3284/927 1516/3282/927
f 1443/3238/928 1439/3235/928 1512/3285/928 1514/3286/928
f 1439/3235/929 1442/3234/929 1525/3287/929 1512/3285/929
f 1514/3286/930 1512/3285/930 1511/3288/930 1513/3289/930
f 1513/3289/931 1511/3288/931 1407/3290/931 1411/3291/931
f 1516/3292/932 1514/3293/932 1513/3294/932 1515/3295/932
f 1515/3295/933 1513/3294/933 1411/3296/933 1412/3297/933
f 1518/3283/934 1516/3282/934 1515/3298/934 1517/3299/934
f 1517/3300/935 1515/3295/935 1412/3297/935 1413/3301/935
f 1520/3281/936 1518/3280/936 1517/3302/936 1519/3303/936
f 1519/3303/937 1517/3302/937 1413/3304/937 1414/3305/937
f 1522/3279/938 1520/3278/938 1519/3306/938 1521/3307/938
f 1521/3307/939 1519/3306/939 1414/3308/939 1408/3309/939
f 1524/3275/940 1522/3277/940 1521/3310/940 1523/3311/940
f 1523/3312/941 1521/3313/941 1408/3314/941 1409/3315/941
f 1525/3276/942 1524/3275/942 1523/3311/942 1526/3316/942
f 1526/3317/943 1523/3312/943 1409/3315/943 1410/3318/943
f 1512/3285/944 1525/3287/944 1526/3319/944 1511/3288/944
f 1511/3288/945 1526/3319/945 1410/3320/945 1407/3290/945
f 1572/3321/946 1573/3322/946 1679/3323/946 1694/3324/946
f 1571/3325/947 1572/3321/947 1694/3324/947 1692/3326/947
f 1574/3327/948 1571/3328/948 1692/3329/948 1690/3330/948
f 1570/3331/949 1574/3327/949 1690/3330/949 1688/3332/949
f 1569/3333/950 1570/3334/950 1688/3335/950 1686/3336/950
f 1568/3337/951 1569/3333/951 1686/3336/951 1684/3338/951
f 1567/3339/952 1568/3340/952 1684/3341/952 1682/3342/952
f 1573/3343/953 1567/3344/953 1682/3345/953 1679/3346/953
f 1552/3347/954 1565/3348/954 1575/3215/954 1576/3214/954
f 1551/3349/955 1566/3350/955 1565/3348/955 1552/3347/955
f 1554/3351/956 1552/3352/956 1576/3217/956 1577/3216/956
f 1553/3353/957 1551/3354/957 1552/3355/957 1554/3356/957
f 1556/3357/958 1554/3351/958 1577/3216/958 1578/3224/958
f 1555/3358/959 1553/3353/959 1554/3356/959 1556/3359/959
f 1558/3360/960 1556/3361/960 1578/3198/960 1582/3197/960
f 1557/3362/961 1555/3363/961 1556/3361/961 1558/3360/961
f 1560/3364/962 1558/3360/962 1582/3197/962 1579/3203/962
f 1559/3365/963 1557/3362/963 1558/3360/963 1560/3364/963
f 1562/3366/964 1560/3367/964 1579/3209/964 1580/3208/964
f 1561/3368/965 1559/3369/965 1560/3370/965 1562/3371/965
f 1564/3372/966 1562/3366/966 1580/3208/966 1581/3227/966
f 1563/3373/967 1561/3368/967 1562/3371/967 1564/3374/967
f 1565/3375/968 1564/3376/968 1581/3192/968 1575/3191/968
f 1566/3377/969 1563/3378/969 1564/3376/969 1565/3375/969
f 1568/3340/970 1567/3339/970 1566/3350/970 1551/3349/970
f 1569/3333/971 1568/3337/971 1551/3354/971 1553/3353/971
f 1570/3334/972 1569/3333/972 1553/3353/972 1555/3358/972
f 1574/3327/973 1570/3331/973 1555/3363/973 1557/3362/973
f 1571/3328/974 1574/3327/974 1557/3362/974 1559/3365/974
f 1572/3321/975 1571/3325/975 1559/3369/975 1561/3368/975
f 1573/3322/976 1572/3321/976 1561/3368/976 1563/3373/976
f 1567/3344/977 1573/3343/977 1563/3378/977 1566/3377/977
f 1532/3379/978 1531/3380/978 1635/3381/978 1636/3382/978
f 1409/3315/979 1408/3314/979 1624/3383/979 1625/3384/979
f 1529/3385/980 1528/3386/980 1632/3387/980 1633/3388/980
f 1408/3309/981 1414/3308/981 1630/3389/981 1624/3390/981
f 1528/3391/982 1534/3392/982 1638/3393/982 1632/3394/982
f 1411/3291/983 1407/3290/983 1623/3395/983 1627/3396/983
f 1531/3397/984 1527/3398/984 1631/3399/984 1635/3400/984
f 1410/3318/985 1409/3315/985 1625/3384/985 1626/3401/985
f 1530/3402/986 1529/3385/986 1633/3388/986 1634/3403/986
f 1414/3305/987 1413/3304/987 1629/3404/987 1630/3405/987
f 1534/3406/988 1533/3407/988 1637/3408/988 1638/3409/988
f 1407/3290/989 1410/3320/989 1626/3410/989 1623/3395/989
f 1413/3301/990 1412/3297/990 1628/3411/990 1629/3412/990
f 1527/3398/991 1530/3413/991 1634/3414/991 1631/3399/991
f 1533/3415/992 1532/3379/992 1636/3382/992 1637/3416/992
f 1412/3297/993 1411/3296/993 1627/3417/993 1628/3411/993
f 1547/3418/994 1548/3419/994 1594/3420/994 1591/3421/994
f 1548/3419/995 1549/3422/995 1596/3423/995 1594/3420/995
f 1549/3424/996 1550/3425/996 1598/3426/996 1596/3427/996
f 1550/3428/997 1544/3429/997 1600/3430/997 1598/3431/997
f 1544/3432/998 1545/3433/998 1602/3434/998 1600/3435/998
f 1545/3433/999 1546/3436/999 1604/3437/999 1602/3434/999
f 1546/3438/1000 1543/3439/1000 1606/3440/1000 1604/3441/1000
f 1543/3439/1001 1547/3442/1001 1591/3443/1001 1606/3440/1001
f 1591/3444/1002 1594/3445/1002 1593/3446/1002 1592/3447/1002
f 1592/3447/1003 1593/3446/1003 1529/3385/1003 1530/3402/1003
f 1594/3445/1004 1596/3448/1004 1595/3449/1004 1593/3446/1004
f 1593/3446/1005 1595/3449/1005 1528/3386/1005 1529/3385/1005
f 1596/3427/1006 1598/3426/1006 1597/3450/1006 1595/3451/1006
f 1595/3451/1007 1597/3450/1007 1534/3392/1007 1528/3391/1007
f 1598/3431/1008 1600/3430/1008 1599/3452/1008 1597/3453/1008
f 1597/3453/1009 1599/3452/1009 1533/3407/1009 1534/3406/1009
f 1600/3454/1010 1602/3455/1010 1601/3456/1010 1599/3457/1010
f 1599/3457/1011 1601/3456/1011 1532/3379/1011 1533/3415/1011
f 1602/3455/1012 1604/3458/1012 1603/3459/1012 1601/3456/1012
f 1601/3456/1013 1603/3459/1013 1531/3380/1013 1532/3379/1013
f 1604/3441/1014 1606/3440/1014 1605/3460/1014 1603/3461/1014
f 1603/3461/1015 1605/3460/1015 1527/3398/1015 1531/3397/1015
f 1606/3440/1016 1591/3443/1016 1592/3462/1016 1605/3460/1016
f 1605/3460/1017 1592/3462/1017 1530/3413/1017 1527/3398/1017
f 1546/3436/1018 1545/3433/1018 1610/3463/1018 1607/3464/1018
f 1545/3433/1019 1544/3432/1019 1612/3465/1019 1610/3463/1019
f 1544/3429/1020 1550/3428/1020 1614/3466/1020 1612/3467/1020
f 1550/3425/1021 1549/3424/1021 1616/3468/1021 1614/3469/1021
f 1549/3422/1022 1548/3419/1022 1618/3470/1022 1616/3471/1022
f 1548/3419/1023 1547/3418/1023 1620/3472/1023 1618/3470/1023
f 1547/3442/1024 1543/3439/1024 1622/3473/1024 1620/3474/1024
f 1543/3439/1025 1546/3438/1025 1607/3475/1025 1622/3473/1025
f 1607/3464/1026 1610/3463/1026 1609/3476/1026 1608/3477/1026
f 1608/3478/1027 1609/3479/1027 1537/3173/1027 1538/3183/1027
f 1610/3463/1028 1612/3465/1028 1611/3480/1028 1609/3476/1028
f 1609/3479/1029 1611/3481/1029 1536/3174/1029 1537/3173/1029
f 1612/3467/1030 1614/3466/1030 1613/3482/1030 1611/3483/1030
f 1611/3483/1031 1613/3482/1031 1542/3186/1031 1536/3185/1031
f 1614/3469/1032 1616/3468/1032 1615/3484/1032 1613/3485/1032
f 1613/3485/1033 1615/3484/1033 1541/3166/1033 1542/3165/1033
f 1616/3471/1034 1618/3470/1034 1617/3486/1034 1615/3487/1034
f 1615/3488/1035 1617/3489/1035 1540/3178/1035 1541/3177/1035
f 1618/3490/1036 1620/3491/1036 1619/3492/1036 1617/3489/1036
f 1617/3489/1037 1619/3492/1037 1539/3189/1037 1540/3178/1037
f 1620/3474/1038 1622/3473/1038 1621/3493/1038 1619/3494/1038
f 1619/3494/1039 1621/3493/1039 1535/3170/1039 1539/3169/1039
f 1622/3473/1040 1607/3475/1040 1608/3495/1040 1621/3493/1040
f 1621/3493/1041 1608/3495/1041 1538/3181/1041 1535/3170/1041
f 1639/3496/1042 1643/3497/1042 1650/3498/1042 1647/3499/1042
f 1643/3500/1043 1644/3501/1043 1652/3502/1043 1650/3503/1043
f 1644/3501/1044 1645/3504/1044 1654/3505/1044 1652/3502/1044
f 1645/3506/1045 1646/3507/1045 1656/3508/1045 1654/3509/1045
f 1646/3510/1046 1640/3511/1046 1658/3512/1046 1656/3513/1046
f 1640/3514/1047 1641/3515/1047 1660/3516/1047 1658/3517/1047
f 1641/3515/1048 1642/3518/1048 1662/3519/1048 1660/3516/1048
f 1642/3520/1049 1639/3496/1049 1647/3499/1049 1662/3521/1049
f 1647/3499/1050 1650/3498/1050 1649/3522/1050 1648/3523/1050
f 1648/3523/1051 1649/3522/1051 1627/3396/1051 1623/3395/1051
f 1650/3524/1052 1652/3525/1052 1651/3526/1052 1649/3527/1052
f 1649/3527/1053 1651/3526/1053 1628/3411/1053 1627/3417/1053
f 1652/3502/1054 1654/3505/1054 1653/3528/1054 1651/3529/1054
f 1651/3526/1055 1653/3530/1055 1629/3412/1055 1628/3411/1055
f 1654/3509/1056 1656/3508/1056 1655/3531/1056 1653/3532/1056
f 1653/3532/1057 1655/3531/1057 1630/3405/1057 1629/3404/1057
f 1656/3513/1058 1658/3512/1058 1657/3533/1058 1655/3534/1058
f 1655/3534/1059 1657/3533/1059 1624/3390/1059 1630/3389/1059
f 1658/3517/1060 1660/3516/1060 1659/3535/1060 1657/3536/1060
f 1657/3537/1061 1659/3538/1061 1625/3384/1061 1624/3383/1061
f 1660/3516/1062 1662/3519/1062 1661/3539/1062 1659/3535/1062
f 1659/3538/1063 1661/3540/1063 1626/3401/1063 1625/3384/1063
f 1662/3521/1064 1647/3499/1064 1648/3523/1064 1661/3541/1064
f 1661/3541/1065 1648/3523/1065 1623/3395/1065 1626/3410/1065
f 1639/3496/1066 1642/3520/1066 1676/3542/1066 1677/3543/1066
f 1642/3518/1067 1641/3515/1067 1674/3544/1067 1676/3545/1067
f 1641/3515/1068 1640/3514/1068 1672/3546/1068 1674/3544/1068
f 1640/3511/1069 1646/3510/1069 1670/3547/1069 1672/3548/1069
f 1646/3507/1070 1645/3506/1070 1668/3549/1070 1670/3550/1070
f 1645/3504/1071 1644/3501/1071 1666/3551/1071 1668/3552/1071
f 1644/3501/1072 1643/3500/1072 1664/3553/1072 1666/3551/1072
f 1643/3497/1073 1639/3496/1073 1677/3543/1073 1664/3554/1073
f 1666/3555/1074 1664/3556/1074 1663/3557/1074 1665/3558/1074
f 1665/3558/1075 1663/3557/1075 1634/3403/1075 1633/3388/1075
f 1668/3559/1076 1666/3555/1076 1665/3558/1076 1667/3560/1076
f 1667/3560/1077 1665/3558/1077 1633/3388/1077 1632/3387/1077
f 1670/3550/1078 1668/3549/1078 1667/3561/1078 1669/3562/1078
f 1669/3562/1079 1667/3561/1079 1632/3394/1079 1638/3393/1079
f 1672/3548/1080 1670/3547/1080 1669/3563/1080 1671/3564/1080
f 1671/3564/1081 1669/3563/1081 1638/3409/1081 1637/3408/1081
f 1674/3565/1082 1672/3566/1082 1671/3567/1082 1673/3568/1082
f 1673/3568/1083 1671/3567/1083 1637/3416/1083 1636/3382/1083
f 1676/3569/1084 1674/3565/1084 1673/3568/1084 1675/3570/1084
f 1675/3570/1085 1673/3568/1085 1636/3382/1085 1635/3381/1085
f 1677/3543/1086 1676/3542/1086 1675/3571/1086 1678/3572/1086
f 1678/3572/1087 1675/3571/1087 1635/3400/1087 1631/3399/1087
f 1664/3554/1088 1677/3543/1088 1678/3572/1088 1663/3573/1088
f 1663/3573/1089 1678/3572/1089 1631/3399/1089 1634/3414/1089
f 1679/3346/1090 1682/3345/1090 1681/3574/1090 1680/3575/1090
f 1680/3575/1091 1681/3574/1091 1590/3223/1091 1589/3222/1091
f 1682/3342/1092 1684/3341/1092 1683/3576/1092 1681/3577/1092
f 1681/3577/1093 1683/3576/1093 1584/3202/1093 1590/3201/1093
f 1684/3338/1094 1686/3336/1094 1685/3578/1094 1683/3579/1094
f 1683/3580/1095 1685/3581/1095 1585/3207/1095 1584/3206/1095
f 1686/3582/1096 1688/3583/1096 1687/3584/1096 1685/3581/1096
f 1685/3581/1097 1687/3584/1097 1586/3226/1097 1585/3207/1097
f 1688/3332/1098 1690/3330/1098 1689/3585/1098 1687/3586/1098
f 1687/3586/1099 1689/3585/1099 1583/3195/1099 1586/3229/1099
f 1690/3330/1100 1692/3329/1100 1691/3587/1100 1689/3585/1100
f 1689/3585/1101 1691/3587/1101 1587/3196/1101 1583/3195/1101
f 1692/3326/1102 1694/3324/1102 1693/3588/1102 1691/3589/1102
f 1691/3590/1103 1693/3591/1103 1588/3213/1103 1587/3212/1103
f 1694/3592/1104 1679/3593/1104 1680/3594/1104 1693/3591/1104
f 1693/3591/1105 1680/3594/1105 1589/3219/1105 1588/3213/1105
o centre
v 0.000002 -0.295462 -10.720109
v 0.000002 -0.295462 -3.070106
v 0.344828 -0.361701 -10.792899
v 0.343075 -0.360998 -3.142896
v 0.638252 -0.551228 -11.000189
v 0.635359 -0.548426 -3.350185
v 0.835115 -0.836869 -11.310418
v 0.832696 -0.831206 -3.660416
v 0.903538 -1.174985 -11.676359
v 0.903538 -1.167839 -4.026357
v 0.832696 -1.511617 -12.042300
v 0.835115 -1.505954 -4.392298
v 0.635359 -1.794398 -12.352530
v 0.638252 -1.791595 -4.702528
v 0.343075 -1.981826 -12.559820
v 0.344828 -1.981123 -4.909817
v 0.000002 -2.047361 -12.632610
v 0.000002 -2.047362 -4.982607
v -0.343072 -1.981826 -12.559820
v -0.344825 -1.981123 -4.909817
v -0.635355 -1.794398 -12.352530
v -0.638249 -1.791595 -4.702528
v -0.832693 -1.511617 -12.042300
v -0.835112 -1.505954 -4.392298
v -0.903535 -1.174985 -11.676359
v -0.903535 -1.167839 -4.026357
v -0.835112 -0.836869 -11.310418
v -0.832693 -0.831206 -3.660416
v -0.638249 -0.551228 -11.000189
v -0.635355 -0.548426 -3.350185
v -0.344825 -0.361701 -10.792899
v -0.343072 -0.360998 -3.142896
v 0.000002 -0.343275 -10.720109
v 0.000002 -0.343275 -3.070106
v 0.329349 -0.406313 -10.792899
v 0.329349 -0.406313 -3.142896
v 0.608555 -0.585830 -11.000189
v 0.608555 -0.585831 -3.350185
v 0.795116 -0.854497 -11.310418
v 0.795116 -0.854498 -3.660416
v 0.860627 -1.171412 -11.676359
v 0.860627 -1.171412 -4.026357
v 0.795116 -1.488326 -12.042300
v 0.795116 -1.488326 -4.392298
v 0.608555 -1.756993 -12.352530
v 0.608555 -1.756993 -4.702528
v 0.329349 -1.936511 -12.559820
v 0.329349 -1.936511 -4.909817
v 0.000002 -1.999549 -12.632610
v 0.000002 -1.999549 -4.982607
v -0.329345 -1.936511 -12.559820
v -0.329345 -1.936511 -4.909817
v -0.608552 -1.756993 -12.352530
v -0.608552 -1.756993 -4.702528
v -0.795113 -1.488326 -12.042300
v -0.795113 -1.488326 -4.392298
v -0.860624 -1.171412 -11.676359
v -0.860624 -1.171412 -4.026357
v -0.795113 -0.854497 -11.310418
v -0.795113 -0.854498 -3.660416
v -0.608552 -0.585830 -11.000189
v -0.608552 -0.585831 -3.350185
v -0.329345 -0.406313 -10.792899
v -0.329345 -0.406313 -3.142896
vn 0.5412 0.8409 -0.0000
vn 0.8217 0.5699 -0.0000
vn 0.9794 0.2021 -0.0000
vn 0.9794 -0.2021 -0.0000
vn 0.8217 -0.5699 -0.0000
vn 0.5412 -0.8409 -0.0000
vn 0.1881 -0.9821 -0.0000
vn -0.1881 -0.9821 -0.0000
vn -0.5412 -0.8409 -0.0000
vn -0.8217 -0.5699 -0.0000
vn -0.9794 -0.2021 -0.0000
vn -0.9794 0.2021 -0.0000
vn -0.8217 0.5699 -0.0000
vn -0.5412 0.8409 -0.0000
vn -0.1881 0.9821 -0.0000
vn 0.1881 0.9821 -0.0000
vn -0.5408 -0.8411 -0.0000
vn -0.8214 -0.5704 -0.0000
vn -0.9793 -0.2024 -0.0000
vn -0.9793 0.2024 -0.0000
vn -0.8214 0.5704 -0.0000
vn -0.5408 0.8411 -0.0000
vn -0.1880 0.9822 -0.0000
vn 0.1880 0.9822 -0.0000
vn 0.5408 0.8411 -0.0000
vn 0.8214 0.5704 -0.0000
vn 0.9793 0.2024 -0.0000
vn 0.9793 -0.2024 -0.0000
vn 0.8214 -0.5704 -0.0000
vn 0.5408 -0.8411 -0.0000
vn 0.1880 -0.9822 -0.0000
vn -0.1880 -0.9822 -0.0000
vn -0.2047 0.0343 -0.9782
vn 0.2060 -0.0304 0.9781
vn -0.4521 0.2578 -0.8539
vn 0.4702 -0.2304 0.8520
vn -0.4063 0.5422 -0.7355
vn 0.4681 -0.4966 0.7310
vn -0.1234 0.7281 -0.6742
vn 0.2346 -0.7030 0.6714
vn 0.2346 0.7030 -0.6714
vn -0.1234 -0.7281 0.6742
vn 0.4681 0.4966 -0.7310
vn -0.4063 -0.5422 0.7355
vn 0.4702 0.2304 -0.8520
vn -0.4521 -0.2578 0.8539
vn 0.2060 0.0304 -0.9781
vn -0.2047 -0.0343 0.9782
vn -0.2060 0.0304 -0.9781
vn 0.2047 -0.0343 0.9782
vn -0.4702 0.2304 -0.8520
vn 0.4521 -0.2578 0.8539
vn -0.4681 0.4966 -0.7310
vn 0.4063 -0.5422 0.7355
vn -0.2346 0.7030 -0.6714
vn 0.1234 -0.7281 0.6742
vn 0.1234 0.7281 -0.6742
vn -0.2346 -0.7030 0.6714
vn 0.4063 0.5422 -0.7355
vn -0.4681 -0.4966 0.7310
vn 0.4521 0.2578 -0.8539
vn -0.4702 -0.2304 0.8520
vn 0.2047 0.0343 -0.9782
vn -0.2060 -0.0304 0.9781
vt 0.674074 0.004423
vt 0.716465 0.016935
vt 0.716467 0.477162
vt 0.673883 0.464651
vt 0.748346 0.035629
vt 0.748346 0.495857
vt 0.390381 -0.000000
vt 0.427828 0.022064
vt 0.428073 0.482292
vt 0.390381 0.460228
vt 0.469498 0.044133
vt 0.469638 0.504361
vt 0.508742 0.062847
vt 0.508561 0.523075
vt 0.000000 0.018524
vt 0.034654 0.031019
vt 0.034548 0.491247
vt 0.000000 0.478751
vt 0.078662 0.035430
vt 0.078340 0.495657
vt 0.125448 0.031083
vt 0.124880 0.491311
vt 0.168053 0.018642
vt 0.167292 0.478869
vt 0.199962 -0.000000
vt 0.199203 0.460227
vt 0.508742 0.062847
vt 0.546434 0.040783
vt 0.546189 0.501011
vt 0.508742 0.523075
vt 0.588000 0.018714
vt 0.587859 0.478942
vt 0.626922 0.000000
vt 0.627104 0.460228
vt 0.627104 0.512763
vt 0.661652 0.500267
vt 0.661758 0.960495
vt 0.627104 0.972991
vt 0.705443 0.495857
vt 0.705765 0.956085
vt 0.627541 -0.000000
vt 0.627104 0.460227
vt 0.070699 0.500036
vt 0.070699 0.960264
vt 0.030184 0.972735
vt 0.030184 0.512507
vt 0.000000 0.991399
vt -0.000000 0.531172
vt 0.859760 -0.000000
vt 0.859760 0.460228
vt 0.824445 0.482243
vt 0.824445 0.022015
vt 0.785321 0.504258
vt 0.785321 0.044031
vt 0.748346 0.522922
vt 0.748346 0.062694
vt 0.390381 0.018664
vt 0.390381 0.478891
vt 0.357380 0.491363
vt 0.357380 0.031135
vt 0.315340 0.495742
vt 0.315340 0.035514
vt 0.270662 0.491363
vt 0.270662 0.031135
vt 0.230147 0.478892
vt 0.230147 0.018664
vt 0.199962 0.460228
vt 0.199962 -0.000000
vt 0.971174 0.062694
vt 0.971174 0.522922
vt 0.935859 0.500906
vt 0.935859 0.040679
vt 0.896736 0.478891
vt 0.896736 0.018663
vt 0.859760 0.460228
vt 0.859760 -0.000000
vt 0.823386 0.539772
vt 0.823386 1.000000
vt 0.790385 0.987529
vt 0.790385 0.527301
vt 0.748346 0.983149
vt 0.115378 0.495657
vt 0.115378 0.955885
vt 0.390381 0.592522
vt 0.390381 0.639454
vt 0.384880 0.638397
vt 0.384901 0.593568
vt 0.390381 0.666698
vt 0.390418 0.620011
vt 0.395897 0.621057
vt 0.395918 0.665886
vt 0.373021 0.682703
vt 0.368312 0.679560
vt 0.407528 0.709751
vt 0.412487 0.707049
vt 0.340741 0.715658
vt 0.337718 0.710790
vt 0.439469 0.742705
vt 0.443080 0.738279
vt 0.298423 0.733046
vt 0.297757 0.727333
vt 0.481556 0.760379
vt 0.483041 0.754822
vt 0.252785 0.732115
vt 0.254512 0.726670
vt 0.527304 0.759798
vt 0.526286 0.754159
vt 0.210952 0.713240
vt 0.214568 0.708902
vt 0.569452 0.741048
vt 0.566231 0.736391
vt 0.179154 0.679528
vt 0.184004 0.676734
vt 0.601520 0.707232
vt 0.596795 0.704223
vt 0.161995 0.636110
vt 0.167474 0.635064
vt 0.618804 0.663599
vt 0.613324 0.662553
vt 0.161958 0.589423
vt 0.167495 0.590235
vt 0.618804 0.616667
vt 0.613303 0.617724
vt 0.179105 0.546370
vt 0.184064 0.549072
vt 0.601444 0.573418
vt 0.596734 0.576561
vt 0.211046 0.513416
vt 0.214658 0.517842
vt 0.569164 0.540464
vt 0.566141 0.545331
vt 0.253134 0.495742
vt 0.254618 0.501299
vt 0.526846 0.523075
vt 0.526180 0.528788
vt 0.298881 0.496324
vt 0.297863 0.501962
vt 0.481208 0.524007
vt 0.482935 0.529451
vt 0.341029 0.515073
vt 0.337808 0.519730
vt 0.439375 0.542881
vt 0.442990 0.547219
vt 0.373097 0.548889
vt 0.368372 0.551898
vt 0.407577 0.576593
vt 0.412427 0.579387
s 0
usemtl Pipe_Metal
f 1698/3595/1106 1700/3596/1106 1699/3597/1106 1697/3598/1106
f 1700/3596/1107 1702/3599/1107 1701/3600/1107 1699/3597/1107
f 1702/3601/1108 1704/3602/1108 1703/3603/1108 1701/3604/1108
f 1704/3602/1109 1706/3605/1109 1705/3606/1109 1703/3603/1109
f 1706/3605/1110 1708/3607/1110 1707/3608/1110 1705/3606/1110
f 1708/3609/1111 1710/3610/1111 1709/3611/1111 1707/3612/1111
f 1710/3610/1112 1712/3613/1112 1711/3614/1112 1709/3611/1112
f 1712/3613/1113 1714/3615/1113 1713/3616/1113 1711/3614/1113
f 1714/3615/1114 1716/3617/1114 1715/3618/1114 1713/3616/1114
f 1716/3617/1115 1718/3619/1115 1717/3620/1115 1715/3618/1115
f 1718/3621/1116 1720/3622/1116 1719/3623/1116 1717/3624/1116
f 1720/3622/1117 1722/3625/1117 1721/3626/1117 1719/3623/1117
f 1722/3625/1118 1724/3627/1118 1723/3628/1118 1721/3626/1118
f 1724/3629/1119 1726/3630/1119 1725/3631/1119 1723/3632/1119
f 1726/3630/1120 1696/3633/1120 1695/3634/1120 1725/3631/1120
f 1696/3635/1121 1698/3595/1121 1697/3598/1121 1695/3636/1121
f 1730/3637/1122 1729/3638/1122 1731/3639/1122 1732/3640/1122
f 1732/3640/1123 1731/3639/1123 1733/3641/1123 1734/3642/1123
f 1734/3643/1124 1733/3644/1124 1735/3645/1124 1736/3646/1124
f 1736/3646/1125 1735/3645/1125 1737/3647/1125 1738/3648/1125
f 1738/3648/1126 1737/3647/1126 1739/3649/1126 1740/3650/1126
f 1740/3651/1127 1739/3652/1127 1741/3653/1127 1742/3654/1127
f 1742/3654/1128 1741/3653/1128 1743/3655/1128 1744/3656/1128
f 1744/3656/1129 1743/3655/1129 1745/3657/1129 1746/3658/1129
f 1746/3658/1130 1745/3657/1130 1747/3659/1130 1748/3660/1130
f 1748/3660/1131 1747/3659/1131 1749/3661/1131 1750/3662/1131
f 1750/3663/1132 1749/3664/1132 1751/3665/1132 1752/3666/1132
f 1752/3666/1133 1751/3665/1133 1753/3667/1133 1754/3668/1133
f 1754/3668/1134 1753/3667/1134 1755/3669/1134 1756/3670/1134
f 1756/3671/1135 1755/3672/1135 1757/3673/1135 1758/3674/1135
f 1758/3674/1136 1757/3673/1136 1727/3675/1136 1728/3649/1136
f 1728/3676/1137 1727/3677/1137 1729/3638/1137 1730/3637/1137
f 1695/3678/1138 1697/3679/1138 1729/3680/1138 1727/3681/1138
f 1698/3682/1139 1696/3683/1139 1728/3684/1139 1730/3685/1139
f 1697/3679/1140 1699/3686/1140 1731/3687/1140 1729/3680/1140
f 1700/3688/1141 1698/3682/1141 1730/3685/1141 1732/3689/1141
f 1699/3686/1142 1701/3690/1142 1733/3691/1142 1731/3687/1142
f 1702/3692/1143 1700/3688/1143 1732/3689/1143 1734/3693/1143
f 1701/3690/1144 1703/3694/1144 1735/3695/1144 1733/3691/1144
f 1704/3696/1145 1702/3692/1145 1734/3693/1145 1736/3697/1145
f 1703/3694/1146 1705/3698/1146 1737/3699/1146 1735/3695/1146
f 1706/3700/1147 1704/3696/1147 1736/3697/1147 1738/3701/1147
f 1705/3698/1148 1707/3702/1148 1739/3703/1148 1737/3699/1148
f 1708/3704/1149 1706/3700/1149 1738/3701/1149 1740/3705/1149
f 1707/3702/1150 1709/3706/1150 1741/3707/1150 1739/3703/1150
f 1710/3708/1151 1708/3704/1151 1740/3705/1151 1742/3709/1151
f 1709/3706/1152 1711/3710/1152 1743/3711/1152 1741/3707/1152
f 1712/3712/1153 1710/3708/1153 1742/3709/1153 1744/3713/1153
f 1711/3710/1154 1713/3714/1154 1745/3715/1154 1743/3711/1154
f 1714/3716/1155 1712/3712/1155 1744/3713/1155 1746/3717/1155
f 1713/3714/1156 1715/3718/1156 1747/3719/1156 1745/3715/1156
f 1716/3720/1157 1714/3716/1157 1746/3717/1157 1748/3721/1157
f 1715/3718/1158 1717/3722/1158 1749/3723/1158 1747/3719/1158
f 1718/3724/1159 1716/3720/1159 1748/3721/1159 1750/3725/1159
f 1717/3722/1160 1719/3726/1160 1751/3727/1160 1749/3723/1160
f 1720/3728/1161 1718/3724/1161 1750/3725/1161 1752/3729/1161
f 1719/3726/1162 1721/3730/1162 1753/3731/1162 1751/3727/1162
f 1722/3732/1163 1720/3728/1163 1752/3729/1163 1754/3733/1163
f 1721/3730/1164 1723/3734/1164 1755/3735/1164 1753/3731/1164
f 1724/3736/1165 1722/3732/1165 1754/3733/1165 1756/3737/1165
f 1723/3734/1166 1725/3738/1166 1757/3739/1166 1755/3735/1166
f 1726/3740/1167 1724/3736/1167 1756/3737/1167 1758/3741/1167
f 1725/3738/1168 1695/3678/1168 1727/3681/1168 1757/3739/1168
f 1696/3683/1169 1726/3740/1169 1758/3741/1169 1728/3684/1169
o side
v -1.799999 0.162104 -9.705853
v -1.799999 0.162104 -3.968350
v -1.583056 0.121152 -9.783058
v -1.584872 0.121870 -4.045555
v -1.396959 0.002777 -10.002921
v -1.400575 0.006241 -4.265419
v -1.270184 -0.179652 -10.331970
v -1.274067 -0.170618 -4.594467
v -1.226582 -0.399338 -10.720110
v -1.226582 -0.386337 -4.982606
v -1.274067 -0.615056 -11.108249
v -1.270184 -0.606023 -5.370746
v -1.400575 -0.791915 -11.437297
v -1.396959 -0.788451 -5.699795
v -1.584872 -0.907544 -11.657161
v -1.583056 -0.906827 -5.919658
v -1.799999 -0.947778 -11.734365
v -1.799999 -0.947778 -5.996863
v -2.015126 -0.907544 -11.657161
v -2.016942 -0.906827 -5.919658
v -2.199424 -0.791915 -11.437297
v -2.203039 -0.788451 -5.699795
v -2.325931 -0.615056 -11.108249
v -2.329814 -0.606023 -5.370746
v -2.373416 -0.399338 -10.720110
v -2.373416 -0.386337 -4.982606
v -2.329814 -0.179652 -10.331970
v -2.325931 -0.170618 -4.594467
v -2.203039 0.002777 -10.002921
v -2.199424 0.006241 -4.265419
v -2.016942 0.121152 -9.783058
v -2.015126 0.121870 -4.045555
v 1.800001 0.162103 -9.705853
v 1.800001 0.162103 -3.968349
v 1.583058 0.121152 -9.783058
v 1.584874 0.121869 -4.045555
v 1.396961 0.002776 -10.002922
v 1.400577 0.006240 -4.265419
v 1.270186 -0.179652 -10.331970
v 1.274069 -0.170619 -4.594467
v 1.226583 -0.399338 -10.720110
v 1.226583 -0.386337 -4.982606
v 1.274069 -0.615057 -11.108250
v 1.270186 -0.606023 -5.370746
v 1.400577 -0.791916 -11.437298
v 1.396961 -0.788452 -5.699795
v 1.584873 -0.907545 -11.657162
v 1.583058 -0.906827 -5.919658
v 1.800001 -0.947779 -11.734366
v 1.800001 -0.947779 -5.996863
v 2.015128 -0.907546 -11.657162
v 2.016943 -0.906828 -5.919658
v 2.199425 -0.791917 -11.437298
v 2.203041 -0.788453 -5.699795
v 2.325933 -0.615058 -11.108250
v 2.329816 -0.606024 -5.370746
v 2.373419 -0.399339 -10.720110
v 2.373419 -0.386338 -4.982606
v 2.329816 -0.179653 -10.331970
v 2.325933 -0.170619 -4.594467
v 2.203041 0.002776 -10.002922
v 2.199426 0.006240 -4.265419
v 2.016944 0.121151 -9.783058
v 2.015129 0.121869 -4.045555
v -1.799999 0.114291 -9.705853
v -1.799999 0.114291 -3.968350
v -1.594157 0.075688 -9.783058
v -1.594157 0.075688 -4.045555
v -1.419653 -0.034243 -10.002921
v -1.419653 -0.034243 -4.265419
v -1.303053 -0.198767 -10.331970
v -1.303053 -0.198768 -4.594467
v -1.262108 -0.392837 -10.720110
v -1.262108 -0.392837 -4.982606
v -1.303053 -0.586907 -11.108249
v -1.303053 -0.586907 -5.370746
v -1.419653 -0.751431 -11.437297
v -1.419653 -0.751431 -5.699795
v -1.594157 -0.861363 -11.657161
v -1.594157 -0.861363 -5.919658
v -1.799999 -0.899966 -11.734365
v -1.799999 -0.899966 -5.996863
v -2.005841 -0.861363 -11.657161
v -2.005841 -0.861363 -5.919658
v -2.180345 -0.751431 -11.437297
v -2.180345 -0.751431 -5.699795
v -2.296945 -0.586907 -11.108249
v -2.296945 -0.586907 -5.370746
v -2.337890 -0.392837 -10.720110
v -2.337890 -0.392837 -4.982606
v -2.296945 -0.198767 -10.331970
v -2.296945 -0.198768 -4.594467
v -2.180345 -0.034243 -10.002921
v -2.180345 -0.034243 -4.265419
v -2.005841 0.075688 -9.783058
v -2.005841 0.075688 -4.045555
v 1.800001 0.114290 -9.705853
v 1.800001 0.114290 -3.968349
v 1.594159 0.075688 -9.783058
v 1.594159 0.075688 -4.045555
v 1.419655 -0.034244 -10.002922
v 1.419655 -0.034244 -4.265419
v 1.303055 -0.198768 -10.331970
v 1.303055 -0.198768 -4.594467
v 1.262110 -0.392838 -10.720110
v 1.262110 -0.392838 -4.982606
v 1.303054 -0.586907 -11.108250
v 1.303054 -0.586908 -5.370746
v 1.419655 -0.751432 -11.437298
v 1.419655 -0.751432 -5.699795
v 1.594159 -0.861364 -11.657162
v 1.594159 -0.861364 -5.919658
v 1.800001 -0.899967 -11.734366
v 1.800001 -0.899967 -5.996863
v 2.005842 -0.861364 -11.657162
v 2.005842 -0.861364 -5.919658
v 2.180347 -0.751432 -11.437298
v 2.180347 -0.751432 -5.699795
v 2.296947 -0.586908 -11.108250
v 2.296947 -0.586908 -5.370746
v 2.337892 -0.392838 -10.720110
v 2.337892 -0.392839 -4.982606
v 2.296948 -0.198769 -10.331970
v 2.296948 -0.198769 -4.594467
v 2.180348 -0.034244 -10.002922
v 2.180348 -0.034244 -4.265419
v 2.005843 0.075687 -9.783058
v 2.005843 0.075687 -4.045555
vn 0.5341 0.8454 -0.0001
vn 0.8172 0.5763 -0.0001
vn 0.9788 0.2049 -0.0001
vn 0.9788 -0.2049 0.0001
vn 0.8172 -0.5763 0.0001
vn 0.5341 -0.8454 0.0001
vn 0.1847 -0.9828 -0.0000
vn -0.1847 -0.9828 -0.0000
vn -0.5341 -0.8454 0.0001
vn -0.8172 -0.5763 0.0001
vn -0.9788 -0.2049 0.0001
vn -0.9788 0.2049 -0.0001
vn -0.8172 0.5763 -0.0001
vn -0.5341 0.8454 -0.0001
vn -0.1847 0.9828 -0.0000
vn 0.1847 0.9828 -0.0000
vn -0.5330 -0.8461 -0.0000
vn -0.8159 -0.5782 -0.0000
vn -0.9785 -0.2064 -0.0000
vn -0.9785 0.2064 -0.0000
vn -0.8159 0.5782 -0.0000
vn -0.5330 0.8461 -0.0000
vn -0.1843 0.9829 -0.0000
vn 0.1843 0.9829 -0.0000
vn 0.5330 0.8461 -0.0000
vn 0.8159 0.5782 -0.0000
vn 0.9785 0.2064 -0.0000
vn 0.9785 -0.2064 -0.0000
vn 0.8159 -0.5782 -0.0000
vn 0.5330 -0.8461 -0.0000
vn 0.1843 -0.9829 -0.0000
vn -0.1843 -0.9829 -0.0000
vn -0.3361 0.0400 -0.9410
vn 0.3386 -0.0335 0.9403
vn -0.6690 0.2741 -0.6909
vn 0.6942 -0.2272 0.6830
vn -0.6003 0.5942 -0.5353
vn 0.7023 -0.4918 0.5146
vn -0.1593 0.8639 -0.4778
vn 0.4200 -0.7819 0.4606
vn 0.4200 0.7819 -0.4606
vn -0.1593 -0.8639 0.4778
vn 0.7023 0.4918 -0.5146
vn -0.6003 -0.5942 0.5353
vn 0.6942 0.2272 -0.6830
vn -0.6690 -0.2741 0.6909
vn 0.3386 0.0335 -0.9403
vn -0.3361 -0.0400 0.9410
vn -0.3386 0.0335 -0.9403
vn 0.3361 -0.0400 0.9410
vn -0.6942 0.2272 -0.6830
vn 0.6690 -0.2741 0.6909
vn -0.7023 0.4918 -0.5146
vn 0.6003 -0.5942 0.5353
vn -0.4200 0.7819 -0.4606
vn 0.1593 -0.8639 0.4778
vn 0.1593 0.8639 -0.4778
vn -0.4200 -0.7819 0.4606
vn 0.6003 0.5942 -0.5353
vn -0.7023 -0.4918 0.5146
vn 0.6690 0.2741 -0.6909
vn -0.6942 -0.2272 0.6830
vn 0.3361 0.0400 -0.9410
vn -0.3386 -0.0335 0.9403
vt 0.092755 0.004463
vt 0.123173 0.017270
vt 0.124288 0.352642
vt 0.093546 0.339836
vt 0.145741 0.036471
vt 0.146992 0.371843
vt 0.495608 0.371973
vt 0.518113 0.394720
vt 0.518713 0.730097
vt 0.495608 0.707348
vt 0.544620 0.417477
vt 0.544923 0.752853
vt 0.570164 0.436777
vt 0.569826 0.772151
vt 0.884515 0.000000
vt 0.911160 0.012892
vt 0.910930 0.348266
vt 0.884515 0.335374
vt 0.943902 0.017454
vt 0.943404 0.352827
vt -0.000000 0.408639
vt 0.034142 0.404049
vt 0.034603 0.739423
vt 0.000754 0.744012
vt 0.064837 0.391128
vt 0.064974 0.726503
vt 0.087469 0.371843
vt 0.087469 0.707218
vt 0.421052 0.436776
vt 0.444158 0.414027
vt 0.443557 0.749404
vt 0.421052 0.772151
vt 0.470367 0.391271
vt 0.470064 0.726647
vt 0.495270 0.371973
vt 0.495608 0.707347
vt 0.000000 0.017453
vt 0.026415 0.004562
vt 0.026645 0.339935
vt 0.000000 0.352827
vt 0.058889 0.000000
vt 0.059387 0.335373
vt 0.173407 0.004562
vt 0.173637 0.339935
vt 0.146992 0.352827
vt 0.146992 0.017453
vt 0.368202 0.371973
vt 0.368540 0.707347
vt 0.342996 0.726647
vt 0.343299 0.391271
vt 0.316489 0.749404
vt 0.317090 0.414027
vt 0.293984 0.772151
vt 0.293984 0.436776
vt 0.657633 -0.000000
vt 0.657633 0.335375
vt 0.635137 0.354660
vt 0.635001 0.019286
vt 0.604767 0.367580
vt 0.604306 0.032207
vt 0.570917 0.372169
vt 0.570164 0.036796
vt 0.918326 0.389427
vt 0.917828 0.724801
vt 0.885354 0.720239
vt 0.885584 0.384865
vt 0.858939 0.707348
vt 0.858939 0.371973
vt 0.211993 0.436646
vt 0.211655 0.772020
vt 0.186752 0.752722
vt 0.186449 0.417347
vt 0.160543 0.729966
vt 0.159942 0.394590
vt 0.137437 0.707218
vt 0.137437 0.371843
vt 0.292733 0.036471
vt 0.293984 0.371843
vt 0.271281 0.352642
vt 0.270166 0.017269
vt 0.240538 0.339836
vt 0.239747 0.004463
vt 0.206379 0.335373
vt 0.205881 0.000000
vt 0.343575 0.004513
vt 0.343575 0.339887
vt 0.314784 0.352739
vt 0.314784 0.017365
vt 0.293984 0.371973
vt 0.293984 0.036599
vt 0.791837 0.371973
vt 0.791837 0.707347
vt 0.771468 0.730035
vt 0.771468 0.394662
vt 0.747905 0.752723
vt 0.747905 0.417349
vt 0.724735 0.771957
vt 0.724735 0.436583
vt 1.000000 0.000000
vt 1.000000 0.335374
vt 0.974978 0.348226
vt 0.974978 0.012852
vt 0.943902 0.352739
vt 0.943902 0.017366
vt 0.293984 0.408442
vt 0.293984 0.743816
vt 0.261584 0.739303
vt 0.261584 0.403930
vt 0.232792 0.726451
vt 0.232792 0.391078
vt 0.211993 0.707217
vt 0.211993 0.371843
vt 0.858939 0.436583
vt 0.858939 0.771957
vt 0.838570 0.749268
vt 0.838570 0.413894
vt 0.815007 0.726580
vt 0.815007 0.391207
vt 0.791837 0.707347
vt 0.791837 0.371973
vt 0.432074 0.017366
vt 0.432074 0.352739
vt 0.407052 0.339887
vt 0.407052 0.004513
vt 0.375976 0.335374
vt 0.375976 0.000000
vt 0.545142 0.004513
vt 0.570164 0.017366
vt 0.570164 0.352740
vt 0.545142 0.339887
vt 0.657633 0.371973
vt 0.680803 0.391207
vt 0.680803 0.726580
vt 0.657633 0.707347
vt 0.704366 0.413894
vt 0.704366 0.749268
vt 0.724735 0.436583
vt 0.724735 0.771957
vt 0.657633 0.000000
vt 0.678432 0.019235
vt 0.678432 0.354608
vt 0.657633 0.335374
vt 0.707224 0.032087
vt 0.707224 0.367460
vt 0.739624 0.036599
vt 0.739624 0.371973
vt 0.918326 0.389339
vt 0.949402 0.384826
vt 0.949402 0.720199
vt 0.918326 0.724713
vt 0.974424 0.371973
vt 0.974424 0.707347
vt 0.570164 0.436779
vt 0.593334 0.417545
vt 0.593334 0.752919
vt 0.570164 0.772153
vt 0.616897 0.394858
vt 0.616897 0.730231
vt 0.637266 0.372169
vt 0.637266 0.707543
vt 0.432074 0.036599
vt 0.452873 0.017365
vt 0.452873 0.352739
vt 0.432074 0.371973
vt 0.481665 0.004513
vt 0.481665 0.339887
vt 0.514065 0.000000
vt 0.514065 0.335374
vt 0.884515 0.248190
vt 0.884515 0.282628
vt 0.879058 0.281687
vt 0.879065 0.248991
vt 0.802524 0.878606
vt 0.802561 0.844458
vt 0.808011 0.845260
vt 0.808018 0.877956
vt 0.873637 0.314513
vt 0.868855 0.311653
vt 0.813133 0.910169
vt 0.818220 0.907922
vt 0.853003 0.339047
vt 0.850011 0.334325
vt 0.833139 0.934568
vt 0.837065 0.930594
vt 0.825530 0.351812
vt 0.825393 0.346254
vt 0.860063 0.947863
vt 0.861683 0.942522
vt 0.796257 0.350539
vt 0.798749 0.345621
vt 0.889693 0.947252
vt 0.888327 0.941890
vt 0.769993 0.336130
vt 0.774136 0.332525
vt 0.916598 0.932895
vt 0.912939 0.928794
vt 0.750266 0.311156
vt 0.755301 0.308958
vt 0.936683 0.907692
vt 0.931774 0.905227
vt 0.739661 0.279310
vt 0.745112 0.278508
vt 0.947415 0.875579
vt 0.941964 0.874777
vt 0.739624 0.245162
vt 0.745119 0.245812
vt 0.947415 0.841141
vt 0.941957 0.842081
vt 0.750234 0.213599
vt 0.755321 0.215847
vt 0.936536 0.809255
vt 0.931755 0.812116
vt 0.770240 0.189200
vt 0.774166 0.193174
vt 0.915902 0.784722
vt 0.912910 0.789443
vt 0.797164 0.175906
vt 0.798784 0.181246
vt 0.888430 0.771957
vt 0.888292 0.777515
vt 0.826793 0.176516
vt 0.825427 0.181878
vt 0.859157 0.773229
vt 0.861649 0.778147
vt 0.853699 0.190873
vt 0.850040 0.194975
vt 0.832893 0.787639
vt 0.837036 0.791244
vt 0.873783 0.216077
vt 0.868875 0.218542
vt 0.813166 0.812612
vt 0.818201 0.814811
vt 0.873783 0.040171
vt 0.884515 0.072284
vt 0.879064 0.073085
vt 0.868875 0.042636
vt 0.657670 0.844459
vt 0.668275 0.812612
vt 0.673310 0.814811
vt 0.663120 0.845260
vt 0.853699 0.014968
vt 0.850040 0.019069
vt 0.688002 0.787639
vt 0.692145 0.791244
vt 0.826793 0.000611
vt 0.825427 0.005973
vt 0.714266 0.773229
vt 0.716758 0.778147
vt 0.797164 -0.000000
vt 0.798784 0.005340
vt 0.743539 0.771957
vt 0.743401 0.777515
vt 0.770239 0.013294
vt 0.774166 0.017268
vt 0.771012 0.784722
vt 0.768019 0.789443
vt 0.750234 0.037693
vt 0.755321 0.039941
vt 0.791646 0.809256
vt 0.786864 0.812116
vt 0.739624 0.069256
vt 0.745119 0.069906
vt 0.802524 0.841141
vt 0.797066 0.842081
vt 0.739661 0.103404
vt 0.745112 0.102603
vt 0.802524 0.875579
vt 0.797073 0.874777
vt 0.750266 0.135250
vt 0.755301 0.133052
vt 0.791792 0.907692
vt 0.786883 0.905227
vt 0.769993 0.160224
vt 0.774136 0.156619
vt 0.771707 0.932895
vt 0.768048 0.928794
vt 0.796257 0.174633
vt 0.798749 0.169715
vt 0.744802 0.947252
vt 0.743436 0.941890
vt 0.825530 0.175906
vt 0.825393 0.170348
vt 0.715172 0.947863
vt 0.716792 0.942523
vt 0.853003 0.163141
vt 0.850011 0.158420
vt 0.688248 0.934568
vt 0.692174 0.930594
vt 0.873637 0.138607
vt 0.868855 0.135747
vt 0.668242 0.910169
vt 0.673330 0.907922
vt 0.884515 0.106722
vt 0.879058 0.105782
vt 0.657633 0.878606
vt 0.663127 0.877956
s 0
usemtl Pipe_Metal
f 1762/3742/1170 1764/3743/1170 1763/3744/1170 1761/3745/1170
f 1764/3743/1171 1766/3746/1171 1765/3747/1171 1763/3744/1171
f 1766/3748/1172 1768/3749/1172 1767/3750/1172 1765/3751/1172
f 1768/3749/1173 1770/3752/1173 1769/3753/1173 1767/3750/1173
f 1770/3752/1174 1772/3754/1174 1771/3755/1174 1769/3753/1174
f 1772/3756/1175 1774/3757/1175 1773/3758/1175 1771/3759/1175
f 1774/3757/1176 1776/3760/1176 1775/3761/1176 1773/3758/1176
f 1776/3762/1177 1778/3763/1177 1777/3764/1177 1775/3765/1177
f 1778/3763/1178 1780/3766/1178 1779/3767/1178 1777/3764/1178
f 1780/3766/1179 1782/3768/1179 1781/3769/1179 1779/3767/1179
f 1782/3770/1180 1784/3771/1180 1783/3772/1180 1781/3773/1180
f 1784/3771/1181 1786/3774/1181 1785/3775/1181 1783/3772/1181
f 1786/3774/1182 1788/3776/1182 1787/3777/1182 1785/3775/1182
f 1788/3778/1183 1790/3779/1183 1789/3780/1183 1787/3781/1183
f 1790/3779/1184 1760/3782/1184 1759/3783/1184 1789/3780/1184
f 1760/3782/1185 1762/3742/1185 1761/3745/1185 1759/3783/1185
f 1794/3784/1183 1793/3785/1183 1795/3786/1183 1796/3787/1183
f 1796/3788/1182 1795/3789/1182 1797/3790/1182 1798/3791/1182
f 1798/3791/1181 1797/3790/1181 1799/3792/1181 1800/3793/1181
f 1800/3793/1180 1799/3792/1180 1801/3794/1180 1802/3795/1180
f 1802/3796/1179 1801/3797/1179 1803/3798/1179 1804/3799/1179
f 1804/3799/1178 1803/3798/1178 1805/3800/1178 1806/3801/1178
f 1806/3801/1177 1805/3800/1177 1807/3802/1177 1808/3803/1177
f 1808/3804/1176 1807/3805/1176 1809/3806/1176 1810/3807/1176
f 1810/3807/1175 1809/3806/1175 1811/3808/1175 1812/3809/1175
f 1812/3810/1174 1811/3811/1174 1813/3812/1174 1814/3813/1174
f 1814/3813/1173 1813/3812/1173 1815/3814/1173 1816/3815/1173
f 1816/3815/1172 1815/3814/1172 1817/3816/1172 1818/3817/1172
f 1818/3818/1171 1817/3819/1171 1819/3820/1171 1820/3821/1171
f 1820/3821/1170 1819/3820/1170 1821/3822/1170 1822/3823/1170
f 1822/3823/1185 1821/3822/1185 1791/3824/1185 1792/3825/1185
f 1792/3825/1184 1791/3824/1184 1793/3785/1184 1794/3784/1184
f 1826/3826/1186 1825/3827/1186 1827/3828/1186 1828/3829/1186
f 1828/3829/1187 1827/3828/1187 1829/3830/1187 1830/3831/1187
f 1830/3832/1188 1829/3833/1188 1831/3834/1188 1832/3835/1188
f 1832/3835/1189 1831/3834/1189 1833/3836/1189 1834/3837/1189
f 1834/3837/1190 1833/3836/1190 1835/3838/1190 1836/3839/1190
f 1836/3840/1191 1835/3841/1191 1837/3842/1191 1838/3843/1191
f 1838/3843/1192 1837/3842/1192 1839/3844/1192 1840/3845/1192
f 1840/3846/1193 1839/3847/1193 1841/3848/1193 1842/3849/1193
f 1842/3849/1194 1841/3848/1194 1843/3850/1194 1844/3851/1194
f 1844/3851/1195 1843/3850/1195 1845/3852/1195 1846/3853/1195
f 1846/3854/1196 1845/3855/1196 1847/3856/1196 1848/3857/1196
f 1848/3857/1197 1847/3856/1197 1849/3858/1197 1850/3859/1197
f 1850/3859/1198 1849/3858/1198 1851/3860/1198 1852/3861/1198
f 1852/3862/1199 1851/3863/1199 1853/3864/1199 1854/3865/1199
f 1854/3865/1200 1853/3864/1200 1823/3866/1200 1824/3867/1200
f 1824/3867/1201 1823/3866/1201 1825/3827/1201 1826/3826/1201
f 1858/3868/1199 1860/3869/1199 1859/3870/1199 1857/3871/1199
f 1860/3872/1198 1862/3873/1198 1861/3874/1198 1859/3875/1198
f 1862/3873/1197 1864/3876/1197 1863/3877/1197 1861/3874/1197
f 1864/3876/1196 1866/3878/1196 1865/3879/1196 1863/3877/1196
f 1866/3880/1195 1868/3881/1195 1867/3882/1195 1865/3883/1195
f 1868/3881/1194 1870/3884/1194 1869/3885/1194 1867/3882/1194
f 1870/3884/1193 1872/3886/1193 1871/3887/1193 1869/3885/1193
f 1872/3888/1192 1874/3889/1192 1873/3890/1192 1871/3891/1192
f 1874/3889/1191 1876/3892/1191 1875/3893/1191 1873/3890/1191
f 1876/3894/1190 1878/3895/1190 1877/3896/1190 1875/3897/1190
f 1878/3895/1189 1880/3898/1189 1879/3899/1189 1877/3896/1189
f 1880/3898/1188 1882/3900/1188 1881/3901/1188 1879/3899/1188
f 1882/3902/1187 1884/3903/1187 1883/3904/1187 1881/3905/1187
f 1884/3903/1186 1886/3906/1186 1885/3907/1186 1883/3904/1186
f 1886/3906/1201 1856/3908/1201 1855/3909/1201 1885/3907/1201
f 1856/3908/1200 1858/3868/1200 1857/3871/1200 1855/3909/1200
f 1759/3910/1202 1761/3911/1202 1825/3912/1202 1823/3913/1202
f 1762/3914/1203 1760/3915/1203 1824/3916/1203 1826/3917/1203
f 1761/3911/1204 1763/3918/1204 1827/3919/1204 1825/3912/1204
f 1764/3920/1205 1762/3914/1205 1826/3917/1205 1828/3921/1205
f 1763/3918/1206 1765/3922/1206 1829/3923/1206 1827/3919/1206
f 1766/3924/1207 1764/3920/1207 1828/3921/1207 1830/3925/1207
f 1765/3922/1208 1767/3926/1208 1831/3927/1208 1829/3923/1208
f 1768/3928/1209 1766/3924/1209 1830/3925/1209 1832/3929/1209
f 1767/3926/1210 1769/3930/1210 1833/3931/1210 1831/3927/1210
f 1770/3932/1211 1768/3928/1211 1832/3929/1211 1834/3933/1211
f 1769/3930/1212 1771/3934/1212 1835/3935/1212 1833/3931/1212
f 1772/3936/1213 1770/3932/1213 1834/3933/1213 1836/3937/1213
f 1771/3934/1214 1773/3938/1214 1837/3939/1214 1835/3935/1214
f 1774/3940/1215 1772/3936/1215 1836/3937/1215 1838/3941/1215
f 1773/3938/1216 1775/3942/1216 1839/3943/1216 1837/3939/1216
f 1776/3944/1217 1774/3940/1217 1838/3941/1217 1840/3945/1217
f 1775/3942/1218 1777/3946/1218 1841/3947/1218 1839/3943/1218
f 1778/3948/1219 1776/3944/1219 1840/3945/1219 1842/3949/1219
f 1777/3946/1220 1779/3950/1220 1843/3951/1220 1841/3947/1220
f 1780/3952/1221 1778/3948/1221 1842/3949/1221 1844/3953/1221
f 1779/3950/1222 1781/3954/1222 1845/3955/1222 1843/3951/1222
f 1782/3956/1223 1780/3952/1223 1844/3953/1223 1846/3957/1223
f 1781/3954/1224 1783/3958/1224 1847/3959/1224 1845/3955/1224
f 1784/3960/1225 1782/3956/1225 1846/3957/1225 1848/3961/1225
f 1783/3958/1226 1785/3962/1226 1849/3963/1226 1847/3959/1226
f 1786/3964/1227 1784/3960/1227 1848/3961/1227 1850/3965/1227
f 1785/3962/1228 1787/3966/1228 1851/3967/1228 1849/3963/1228
f 1788/3968/1229 1786/3964/1229 1850/3965/1229 1852/3969/1229
f 1787/3966/1230 1789/3970/1230 1853/3971/1230 1851/3967/1230
f 1790/3972/1231 1788/3968/1231 1852/3969/1231 1854/3973/1231
f 1789/3970/1232 1759/3910/1232 1823/3913/1232 1853/3971/1232
f 1760/3915/1233 1790/3972/1233 1854/3973/1233 1824/3916/1233
f 1793/3974/1232 1791/3975/1232 1855/3976/1232 1857/3977/1232
f 1792/3978/1233 1794/3979/1233 1858/3980/1233 1856/3981/1233
f 1795/3982/1230 1793/3974/1230 1857/3977/1230 1859/3983/1230
f 1794/3979/1231 1796/3984/1231 1860/3985/1231 1858/3980/1231
f 1797/3986/1228 1795/3982/1228 1859/3983/1228 1861/3987/1228
f 1796/3984/1229 1798/3988/1229 1862/3989/1229 1860/3985/1229
f 1799/3990/1226 1797/3986/1226 1861/3987/1226 1863/3991/1226
f 1798/3988/1227 1800/3992/1227 1864/3993/1227 1862/3989/1227
f 1801/3994/1224 1799/3990/1224 1863/3991/1224 1865/3995/1224
f 1800/3992/1225 1802/3996/1225 1866/3997/1225 1864/3993/1225
f 1803/3998/1222 1801/3994/1222 1865/3995/1222 1867/3999/1222
f 1802/3996/1223 1804/4000/1223 1868/4001/1223 1866/3997/1223
f 1805/4002/1220 1803/3998/1220 1867/3999/1220 1869/4003/1220
f 1804/4000/1221 1806/4004/1221 1870/4005/1221 1868/4001/1221
f 1807/4006/1218 1805/4002/1218 1869/4003/1218 1871/4007/1218
f 1806/4004/1219 1808/4008/1219 1872/4009/1219 1870/4005/1219
f 1809/4010/1216 1807/4006/1216 1871/4007/1216 1873/4011/1216
f 1808/4008/1217 1810/4012/1217 1874/4013/1217 1872/4009/1217
f 1811/4014/1214 1809/4010/1214 1873/4011/1214 1875/4015/1214
f 1810/4012/1215 1812/4016/1215 1876/4017/1215 1874/4013/1215
f 1813/4018/1212 1811/4014/1212 1875/4015/1212 1877/4019/1212
f 1812/4016/1213 1814/4020/1213 1878/4021/1213 1876/4017/1213
f 1815/4022/1210 1813/4018/1210 1877/4019/1210 1879/4023/1210
f 1814/4020/1211 1816/4024/1211 1880/4025/1211 1878/4021/1211
f 1817/4026/1208 1815/4022/1208 1879/4023/1208 1881/4027/1208
f 1816/4024/1209 1818/4028/1209 1882/4029/1209 1880/4025/1209
f 1819/4030/1206 1817/4026/1206 1881/4027/1206 1883/4031/1206
f 1818/4028/1207 1820/4032/1207 1884/4033/1207 1882/4029/1207
f 1821/4034/1204 1819/4030/1204 1883/4031/1204 1885/4035/1204
f 1820/4032/1205 1822/4036/1205 1886/4037/1205 1884/4033/1205
f 1791/3975/1202 1821/4034/1202 1885/4035/1202 1855/3976/1202
f 1822/4036/1203 1792/3978/1203 1856/3981/1203 1886/4037/1203
o centre_pipeholder
v 0.000002 -2.372585 -7.140420
v 0.000002 -2.372585 -9.542766
v 0.459671 -2.281151 -7.140420
v 0.459671 -2.281151 -9.542766
v 0.849359 -2.020769 -7.140420
v 0.849359 -2.020769 -9.542766
v 1.109741 -1.631081 -7.140420
v 1.109741 -1.631081 -9.542766
v 1.201174 -1.171412 -7.140420
v 1.201174 -1.171412 -9.542766
v 1.109741 -0.711743 -7.140420
v 1.109741 -0.711743 -9.542766
v 0.849359 -0.322054 -7.140420
v 0.849359 -0.322055 -9.542766
v 0.459671 -0.061673 -7.140420
v 0.459671 -0.061673 -9.542766
v 0.000002 0.029761 -7.140420
v 0.000002 0.029761 -9.542766
v -0.459667 -0.061673 -7.140420
v -0.459667 -0.061673 -9.542766
v -0.849356 -0.322054 -7.140420
v -0.849356 -0.322055 -9.542766
v -1.109737 -0.711743 -7.140420
v -1.109737 -0.711743 -9.542766
v -1.201171 -1.171412 -7.140420
v -1.201171 -1.171412 -9.542766
v -1.109737 -1.631081 -7.140420
v -1.109737 -1.631081 -9.542766
v -0.849356 -2.020769 -7.140420
v -0.849356 -2.020769 -9.542766
v -0.459667 -2.281151 -7.140420
v -0.459667 -2.281151 -9.542766
vn 0.5556 -0.8315 -0.0000
vn 0.8315 -0.5556 -0.0000
vn 0.9808 -0.1951 -0.0000
vn 0.9808 0.1951 -0.0000
vn 0.8315 0.5556 -0.0000
vn 0.5556 0.8315 -0.0000
vn 0.1951 0.9808 -0.0000
vn -0.1951 0.9808 -0.0000
vn -0.5556 0.8315 -0.0000
vn -0.8315 0.5556 -0.0000
vn -0.9808 0.1951 -0.0000
vn -0.9808 -0.1951 -0.0000
vn -0.8315 -0.5556 -0.0000
vn -0.5556 -0.8315 -0.0000
vn -0.1951 -0.9808 -0.0000
vn -0.0000 -0.0000 -1.0000
vn -0.0000 -0.0000 1.0000
vn 0.1951 -0.9808 -0.0000
vt 0.630986 0.000000
vt 0.707107 0.000000
vt 0.707107 0.422329
vt 0.630986 0.422329
vt 0.414214 0.422329
vt 0.472474 0.422329
vt 0.472474 0.844657
vt 0.414214 0.844657
vt 0.548594 0.422329
vt 0.548594 0.844657
vt 0.630986 0.844657
vt 0.707107 0.844657
vt 0.865619 0.422329
vt 0.923880 0.422329
vt 0.923880 0.844657
vt 0.865619 0.844657
vt 1.000000 0.422329
vt 1.000000 0.844657
vt 0.707107 0.422329
vt 0.789499 0.422329
vt 0.789499 0.844657
vt 0.707107 0.844657
vt 0.865619 0.422329
vt 0.865619 0.844657
vt 0.707107 0.000000
vt 0.765367 0.000000
vt 0.765367 0.422329
vt 0.707107 0.422329
vt 0.841487 0.000000
vt 0.841487 0.422329
vt 0.923880 0.000000
vt 0.923880 0.422329
vt 1.000000 0.000000
vt 1.000000 0.422329
vt 0.414214 0.000000
vt 0.472474 0.000000
vt 0.548594 0.000000
vt -0.000000 0.248303
vt -0.000000 0.165911
vt 0.031530 0.089790
vt 0.089790 0.031530
vt 0.165911 -0.000000
vt 0.248303 -0.000000
vt 0.324423 0.031530
vt 0.382683 0.089790
vt 0.414214 0.165911
vt 0.414214 0.248303
vt 0.382683 0.324423
vt 0.324423 0.382683
vt 0.248303 0.414214
vt 0.165911 0.414214
vt 0.089790 0.382683
vt 0.031530 0.324423
vt -0.000000 0.662516
vt -0.000000 0.580124
vt 0.031530 0.504004
vt 0.089790 0.445744
vt 0.165911 0.414213
vt 0.248303 0.414213
vt 0.324423 0.445744
vt 0.382683 0.504004
vt 0.414214 0.580124
vt 0.414214 0.662516
vt 0.382683 0.738637
vt 0.324423 0.796897
vt 0.248303 0.828427
vt 0.165911 0.828427
vt 0.089790 0.796897
vt 0.031530 0.738637
s 0
usemtl Pipe_Metal
f 1890/4038/1234 1892/4039/1234 1891/4040/1234 1889/4041/1234
f 1892/4042/1235 1894/4043/1235 1893/4044/1235 1891/4045/1235
f 1894/4043/1236 1896/4046/1236 1895/4047/1236 1893/4044/1236
f 1896/4046/1237 1898/4041/1237 1897/4048/1237 1895/4047/1237
f 1898/4041/1238 1900/4040/1238 1899/4049/1238 1897/4048/1238
f 1900/4050/1239 1902/4051/1239 1901/4052/1239 1899/4053/1239
f 1902/4051/1240 1904/4054/1240 1903/4055/1240 1901/4052/1240
f 1904/4056/1241 1906/4057/1241 1905/4058/1241 1903/4059/1241
f 1906/4057/1242 1908/4060/1242 1907/4061/1242 1905/4058/1242
f 1908/4062/1243 1910/4063/1243 1909/4064/1243 1907/4065/1243
f 1910/4063/1244 1912/4066/1244 1911/4067/1244 1909/4064/1244
f 1912/4066/1245 1914/4068/1245 1913/4069/1245 1911/4067/1245
f 1914/4068/1246 1916/4070/1246 1915/4071/1246 1913/4069/1246
f 1916/4072/1247 1918/4073/1247 1917/4043/1247 1915/4042/1247
f 1918/4073/1248 1888/4074/1248 1887/4046/1248 1917/4043/1248
f 1888/4075/1249 1918/4076/1249 1916/4077/1249 1914/4078/1249 1912/4079/1249 1910/4080/1249 1908/4081/1249 1906/4082/1249 1904/4083/1249 1902/4084/1249 1900/4085/1249 1898/4086/1249 1896/4087/1249 1894/4088/1249 1892/4089/1249 1890/4090/1249
f 1887/4091/1250 1889/4092/1250 1891/4093/1250 1893/4094/1250 1895/4095/1250 1897/4096/1250 1899/4097/1250 1901/4098/1250 1903/4099/1250 1905/4100/1250 1907/4101/1250 1909/4102/1250 1911/4103/1250 1913/4104/1250 1915/4105/1250 1917/4106/1250
f 1888/4074/1251 1890/4038/1251 1889/4041/1251 1887/4046/1251
o side_pipeholder
v -1.799999 -1.113541 -7.625481
v -1.799999 -1.113541 -9.427240
v -1.524198 -1.058680 -7.625481
v -1.524198 -1.058681 -9.427240
v -1.290385 -0.902452 -7.625481
v -1.290385 -0.902452 -9.427240
v -1.134156 -0.668638 -7.625481
v -1.134156 -0.668638 -9.427240
v -1.079296 -0.392837 -7.625481
v -1.079296 -0.392837 -9.427240
v -1.134156 -0.117036 -7.625481
v -1.134156 -0.117036 -9.427240
v -1.290385 0.116778 -7.625481
v -1.290385 0.116777 -9.427240
v -1.524198 0.273006 -7.625481
v -1.524198 0.273006 -9.427240
v -1.799999 0.327867 -7.625481
v -1.799999 0.327867 -9.427240
v -2.075801 0.273006 -7.625481
v -2.075801 0.273006 -9.427240
v -2.309614 0.116778 -7.625481
v -2.309614 0.116777 -9.427240
v -2.465843 -0.117036 -7.625481
v -2.465843 -0.117036 -9.427240
v -2.520703 -0.392837 -7.625481
v -2.520703 -0.392837 -9.427240
v -2.465843 -0.668638 -7.625481
v -2.465843 -0.668638 -9.427240
v -2.309614 -0.902452 -7.625481
v -2.309614 -0.902452 -9.427240
v -2.075801 -1.058680 -7.625481
v -2.075801 -1.058681 -9.427240
v 1.800001 -1.113542 -7.625481
v 1.800001 -1.113542 -9.427240
v 1.524199 -1.058681 -7.625481
v 1.524199 -1.058682 -9.427240
v 1.290386 -0.902452 -7.625481
v 1.290386 -0.902453 -9.427240
v 1.134158 -0.668639 -7.625481
v 1.134158 -0.668639 -9.427240
v 1.079297 -0.392838 -7.625481
v 1.079297 -0.392838 -9.427240
v 1.134158 -0.117036 -7.625481
v 1.134158 -0.117036 -9.427240
v 1.290387 0.116777 -7.625481
v 1.290387 0.116776 -9.427240
v 1.524200 0.273005 -7.625481
v 1.524200 0.273005 -9.427240
v 1.800002 0.327866 -7.625481
v 1.800002 0.327865 -9.427240
v 2.075803 0.273005 -7.625481
v 2.075803 0.273005 -9.427240
v 2.309616 0.116776 -7.625481
v 2.309616 0.116776 -9.427240
v 2.465845 -0.117037 -7.625481
v 2.465845 -0.117037 -9.427240
v 2.520705 -0.392839 -7.625481
v 2.520705 -0.392839 -9.427240
v 2.465844 -0.668640 -7.625481
v 2.465844 -0.668640 -9.427240
v 2.309615 -0.902453 -7.625481
v 2.309615 -0.902453 -9.427240
v 2.075802 -1.058682 -7.625481
v 2.075802 -1.058682 -9.427240
vn 0.5556 -0.8315 -0.0000
vn 0.8315 -0.5556 -0.0000
vn 0.9808 -0.1951 -0.0000
vn 0.9808 0.1951 -0.0000
vn 0.8315 0.5556 -0.0000
vn 0.5556 0.8315 -0.0000
vn 0.1951 0.9808 -0.0000
vn -0.1951 0.9808 -0.0000
vn -0.5556 0.8315 -0.0000
vn -0.8315 0.5556 -0.0000
vn -0.9808 0.1951 -0.0000
vn -0.9808 -0.1951 -0.0000
vn -0.8315 -0.5556 -0.0000
vn -0.5556 -0.8315 -0.0000
vn -0.1951 -0.9808 -0.0000
vn -0.0000 -0.0000 -1.0000
vn -0.0000 -0.0000 1.0000
vn 0.1951 -0.9808 -0.0000
vt 0.739068 0.000000
vt 0.792893 0.000000
vt 0.792893 0.298631
vt 0.739068 0.298631
vt 0.585786 0.597263
vt 0.626983 0.597263
vt 0.626983 0.895894
vt 0.585786 0.895894
vt 0.680808 0.597263
vt 0.680808 0.895894
vt 0.739068 0.597263
vt 0.739068 0.895894
vt 0.792893 0.597263
vt 0.792893 0.895894
vt 0.834089 0.597263
vt 0.834089 0.895894
vt 0.887915 0.597263
vt 0.887915 0.895894
vt 0.792893 0.298631
vt 0.851153 0.298631
vt 0.851153 0.597263
vt 0.904979 0.298631
vt 0.904979 0.597263
vt 0.000000 0.585786
vt 0.041196 0.585786
vt 0.041196 0.884418
vt 0.000000 0.884418
vt 0.095021 0.585786
vt 0.095021 0.884418
vt 0.153282 0.585786
vt 0.153282 0.884418
vt 0.207107 0.585786
vt 0.207107 0.884418
vt 0.585786 0.000000
vt 0.626983 0.000000
vt 0.626983 0.298631
vt 0.585786 0.298631
vt 0.680808 0.000000
vt 0.680808 0.298631
vt 0.022295 0.229402
vt -0.000000 0.175577
vt -0.000000 0.117317
vt 0.022295 0.063491
vt 0.063491 0.022295
vt 0.117317 -0.000000
vt 0.175577 -0.000000
vt 0.229402 0.022295
vt 0.270598 0.063491
vt 0.292893 0.117317
vt 0.292893 0.175577
vt 0.270598 0.229402
vt 0.229402 0.270598
vt 0.175577 0.292893
vt 0.117317 0.292893
vt 0.063491 0.270598
vt 0.585786 0.468470
vt 0.563491 0.522295
vt 0.522295 0.563491
vt 0.468470 0.585787
vt 0.410210 0.585787
vt 0.356384 0.563491
vt 0.315188 0.522295
vt 0.292893 0.468470
vt 0.292893 0.410210
vt 0.315188 0.356385
vt 0.356384 0.315188
vt 0.410210 0.292893
vt 0.468470 0.292893
vt 0.522295 0.315188
vt 0.563491 0.356385
vt 0.585786 0.410210
vt 0.751697 0.597263
vt 0.751697 0.298631
vt 0.697872 0.597263
vt 0.697872 0.298631
vt 0.639612 0.597263
vt 0.639612 0.298631
vt 0.585786 0.597263
vt 0.585786 0.298631
vt 0.567495 0.585786
vt 0.567495 0.884418
vt 0.526299 0.884418
vt 0.526299 0.585786
vt 0.472474 0.884418
vt 0.472474 0.585786
vt 0.414214 0.884418
vt 0.414214 0.585786
vt 0.941740 0.597263
vt 0.941740 0.895894
vt 0.887915 0.895894
vt 0.887915 0.597263
vt 1.000000 0.000000
vt 1.000000 0.298631
vt 0.958804 0.298631
vt 0.958804 0.000000
vt 0.904979 0.298631
vt 0.904979 0.000000
vt 0.846719 0.298631
vt 0.846719 0.000000
vt 0.792893 0.298631
vt 0.792893 0.000000
vt 0.414214 0.585786
vt 0.414214 0.884418
vt 0.373017 0.884418
vt 0.373017 0.585786
vt 0.319192 0.884418
vt 0.319192 0.585786
vt 0.260932 0.884418
vt 0.260932 0.585786
vt 0.468470 0.292893
vt 0.410210 0.292893
vt 0.356385 0.270598
vt 0.315188 0.229402
vt 0.292893 0.175577
vt 0.292893 0.117317
vt 0.315188 0.063491
vt 0.356384 0.022295
vt 0.410210 0.000000
vt 0.468470 0.000000
vt 0.522295 0.022295
vt 0.563491 0.063491
vt 0.585786 0.117317
vt 0.585786 0.175577
vt 0.563491 0.229402
vt 0.522295 0.270598
vt 0.117316 0.585787
vt 0.063491 0.563491
vt 0.022295 0.522295
vt -0.000000 0.468470
vt -0.000000 0.410210
vt 0.022295 0.356385
vt 0.063491 0.315188
vt 0.117317 0.292893
vt 0.175577 0.292893
vt 0.229402 0.315188
vt 0.270598 0.356385
vt 0.292893 0.410210
vt 0.292893 0.468470
vt 0.270598 0.522295
vt 0.229402 0.563491
vt 0.175577 0.585787
vt 0.207107 0.884418
vt 0.207107 0.585786
s 0
usemtl Pipe_Metal
f 1922/4107/1252 1924/4108/1252 1923/4109/1252 1921/4110/1252
f 1924/4111/1253 1926/4112/1253 1925/4113/1253 1923/4114/1253
f 1926/4112/1254 1928/4115/1254 1927/4116/1254 1925/4113/1254
f 1928/4115/1255 1930/4117/1255 1929/4118/1255 1927/4116/1255
f 1930/4117/1256 1932/4119/1256 1931/4120/1256 1929/4118/1256
f 1932/4119/1257 1934/4121/1257 1933/4122/1257 1931/4120/1257
f 1934/4121/1258 1936/4123/1258 1935/4124/1258 1933/4122/1258
f 1936/4125/1259 1938/4126/1259 1937/4127/1259 1935/4119/1259
f 1938/4126/1260 1940/4128/1260 1939/4129/1260 1937/4127/1260
f 1940/4130/1261 1942/4131/1261 1941/4132/1261 1939/4133/1261
f 1942/4131/1262 1944/4134/1262 1943/4135/1262 1941/4132/1262
f 1944/4134/1263 1946/4136/1263 1945/4137/1263 1943/4135/1263
f 1946/4136/1264 1948/4138/1264 1947/4139/1264 1945/4137/1264
f 1948/4140/1265 1950/4141/1265 1949/4142/1265 1947/4143/1265
f 1950/4141/1266 1920/4144/1266 1919/4145/1266 1949/4142/1266
f 1920/4146/1267 1950/4147/1267 1948/4148/1267 1946/4149/1267 1944/4150/1267 1942/4151/1267 1940/4152/1267 1938/4153/1267 1936/4154/1267 1934/4155/1267 1932/4156/1267 1930/4157/1267 1928/4158/1267 1926/4159/1267 1924/4160/1267 1922/4161/1267
f 1919/4162/1268 1921/4163/1268 1923/4164/1268 1925/4165/1268 1927/4166/1268 1929/4167/1268 1931/4168/1268 1933/4169/1268 1935/4170/1268 1937/4171/1268 1939/4172/1268 1941/4173/1268 1943/4174/1268 1945/4175/1268 1947/4176/1268 1949/4177/1268
f 1920/4144/1269 1922/4107/1269 1921/4110/1269 1919/4145/1269
f 1954/4125/1265 1953/4119/1265 1955/4178/1265 1956/4179/1265
f 1956/4179/1264 1955/4178/1264 1957/4180/1264 1958/4181/1264
f 1958/4181/1263 1957/4180/1263 1959/4182/1263 1960/4183/1263
f 1960/4183/1262 1959/4182/1262 1961/4184/1262 1962/4185/1262
f 1962/4186/1261 1961/4187/1261 1963/4188/1261 1964/4189/1261
f 1964/4189/1260 1963/4188/1260 1965/4190/1260 1966/4191/1260
f 1966/4191/1259 1965/4190/1259 1967/4192/1259 1968/4193/1259
f 1968/4194/1258 1967/4195/1258 1969/4196/1258 1970/4197/1258
f 1970/4198/1257 1969/4199/1257 1971/4200/1257 1972/4201/1257
f 1972/4201/1256 1971/4200/1256 1973/4202/1256 1974/4203/1256
f 1974/4203/1255 1973/4202/1255 1975/4204/1255 1976/4205/1255
f 1976/4205/1254 1975/4204/1254 1977/4206/1254 1978/4207/1254
f 1978/4208/1253 1977/4209/1253 1979/4210/1253 1980/4211/1253
f 1980/4211/1252 1979/4210/1252 1981/4212/1252 1982/4213/1252
f 1982/4213/1269 1981/4212/1269 1951/4214/1269 1952/4215/1269
f 1952/4216/1267 1954/4217/1267 1956/4218/1267 1958/4219/1267 1960/4220/1267 1962/4221/1267 1964/4222/1267 1966/4223/1267 1968/4224/1267 1970/4225/1267 1972/4226/1267 1974/4227/1267 1976/4228/1267 1978/4229/1267 1980/4230/1267 1982/4231/1267
f 1951/4232/1268 1981/4233/1268 1979/4234/1268 1977/4235/1268 1975/4236/1268 1973/4237/1268 1971/4238/1268 1969/4239/1268 1967/4240/1268 1965/4241/1268 1963/4242/1268 1961/4243/1268 1959/4244/1268 1957/4245/1268 1955/4246/1268 1953/4247/1268
f 1952/4215/1266 1951/4214/1266 1953/4248/1266 1954/4249/1266
o Cube
v -2.875133 1.804149 0.652251
v -2.875133 3.053027 0.652251
v -3.374999 1.528588 -3.801360
v -3.374999 3.328588 -3.801360
v 2.875136 1.804149 0.652251
v 2.875136 3.053027 0.652251
v 3.375002 1.528588 -3.801360
v 3.375002 3.328588 -3.801360
v -3.374999 1.528588 0.698641
v -3.374999 3.328588 0.698641
v 3.375002 3.328588 0.698641
v 3.375002 1.528588 0.698641
v -2.875133 1.804149 0.535495
v -2.875133 3.053027 0.535495
v 2.875136 3.053027 0.535495
v 2.875136 1.804149 0.535495
v -3.374999 1.528588 -2.676360
v -3.374999 1.528588 -1.551359
v -3.374999 1.528588 -0.426359
v -3.374999 3.328588 -0.426359
v -3.374999 3.328588 -1.551359
v -3.374999 3.328588 -2.676360
v 3.375002 1.528588 -0.426359
v 3.375002 1.528588 -1.551359
v 3.375002 1.528588 -2.676360
v 3.375002 3.328588 -2.676360
v 3.375002 3.328588 -1.551359
v 3.375002 3.328588 -0.426359
v -3.374999 2.428588 0.698641
v -3.374999 2.428588 -3.801360
v 3.375002 2.428588 -3.801360
v 3.375002 2.428588 0.698641
v -2.875133 2.428588 0.652251
v 2.875136 2.428588 0.652251
v -2.875133 2.428588 0.520031
v 2.875136 2.428588 0.520031
v 3.375002 2.428588 -2.676360
v 3.375002 2.428588 -1.551359
v 3.375002 2.428588 -0.426359
v -3.374999 2.428588 -0.426359
v -3.374999 2.428588 -1.551359
v -3.374999 2.428588 -2.676360
v 2.250002 1.528588 -3.801360
v 1.125002 1.528588 -3.801360
v -1.124999 1.528588 -3.801360
v -2.249999 1.528588 -3.801360
v -2.249999 3.328588 -3.801360
v -1.124999 3.328588 -3.801360
v 1.125002 3.328588 -3.801360
v 2.250002 3.328588 -3.801360
v -2.249999 1.528588 0.698641
v -1.124999 1.528588 0.698641
v 0.000002 1.528588 0.698641
v 1.125002 1.528588 0.698641
v 2.250002 1.528588 0.698641
v 2.250002 3.328588 0.698641
v 1.125002 3.328588 0.698641
v 0.000002 3.328588 0.698641
v -1.124999 3.328588 0.698641
v -2.249999 3.328588 0.698641
v -2.071389 1.692812 0.652251
v -1.035694 1.692812 0.652251
v 0.000002 1.692812 0.652251
v 1.035697 1.692812 0.652251
v 2.071392 1.692812 0.652251
v 2.071392 3.164363 0.652251
v 1.035697 3.164363 0.652251
v 0.000001 3.164363 0.652251
v -1.035694 3.164363 0.652251
v -2.071389 3.164363 0.652251
v -2.024999 1.692812 0.520031
v -1.012499 1.692812 0.520031
v 0.000002 1.692812 0.520031
v 1.012502 1.692812 0.520031
v 2.025002 1.692812 0.520031
v 2.025002 3.164363 0.520031
v 1.012502 3.164363 0.520031
v 0.000001 3.164363 0.520031
v -1.012499 3.164363 0.520031
v -2.024999 3.164363 0.520031
v -2.249999 3.328588 -2.676360
v -1.124999 3.328588 -2.676360
v 1.125002 3.328588 -2.676360
v 2.250002 3.328588 -2.676360
v -2.249999 3.328588 -1.551359
v -1.124999 3.328588 -1.551359
v 1.125002 3.328588 -1.551359
v 2.250002 3.328588 -1.551359
v -2.249999 3.328588 -0.426359
v -1.124999 3.328588 -0.426359
v 1.125002 3.328588 -0.426359
v 2.250002 3.328588 -0.426359
v 2.250002 1.528588 -2.676360
v 1.125002 1.528588 -2.676360
v -1.124999 1.528588 -2.676360
v -2.249999 1.528588 -2.676360
v 2.250002 1.528588 -1.551359
v 1.125002 1.528588 -1.551359
v -1.124999 1.528588 -1.551359
v -2.249999 1.528588 -1.551359
v 2.250002 1.528588 -0.426359
v 1.125002 1.528588 -0.426359
v -1.124999 1.528588 -0.426359
v -2.249999 1.528588 -0.426359
v 2.025002 2.428588 0.473641
v 1.012502 2.428588 0.473641
v 0.000002 2.428588 0.473641
v -1.012499 2.428588 0.473641
v -2.024999 2.428588 0.473641
v -2.249999 2.428588 -3.801360
v -1.124999 2.428588 -3.801360
v 1.125002 2.428588 -3.801360
v 2.250002 2.428588 -3.801360
v 1.125002 1.303588 -3.801360
v 0.000002 1.303588 -3.801360
v -1.124999 1.303588 -3.801360
v -1.124999 3.553588 -3.801360
v 0.000002 3.553588 -3.801360
v 1.125002 3.553588 -3.801360
v -1.124999 1.303588 0.698641
v 0.000002 1.303588 0.698641
v 1.125002 1.303588 0.698641
v 1.125002 3.553588 0.698641
v 0.000002 3.553588 0.698641
v -1.124999 3.553588 0.698641
v -1.124999 3.553588 -2.676360
v 0.000002 3.553588 -2.676360
v 1.125002 3.553588 -2.676360
v -1.124999 3.553588 -1.551359
v 0.000002 3.553588 -1.551359
v 1.125002 3.553588 -1.551359
v -1.124999 3.553588 -0.426359
v 0.000002 3.553588 -0.426359
v 1.125002 3.553588 -0.426359
v 1.125002 1.303588 -2.676360
v 0.000002 1.303588 -2.676360
v -1.124999 1.303588 -2.676360
v 1.125002 1.303588 -1.551359
v 0.000002 1.303588 -1.551359
v -1.124999 1.303588 -1.551359
v 1.125002 1.303588 -0.426359
v 0.000002 1.303588 -0.426359
v -1.124999 1.303588 -0.426359
v 0.000002 2.428588 -3.801360
vn -1.0000 -0.0000 -0.0000
vn -0.0000 -0.0000 -1.0000
vn 1.0000 -0.0000 -0.0000
vn -0.1336 0.9907 0.0249
vn -0.0000 -1.0000 -0.0000
vn -0.0000 1.0000 -0.0000
vn 0.0924 -0.0000 0.9957
vn -0.0924 -0.0000 0.9957
vn 0.0110 0.1902 0.9817
vn -0.0110 -0.1902 0.9817
vn 0.0393 -0.0454 0.9982
vn 0.1336 -0.9907 0.0249
vn 0.0393 0.0454 0.9982
vn -0.0000 -0.0000 1.0000
vn -0.0393 0.0454 0.9982
vn -0.0000 0.0629 0.9980
vn -0.1336 -0.9907 0.0249
vn -0.0393 -0.0454 0.9982
vn -0.0000 -0.0629 0.9980
vn 0.0110 -0.1902 0.9817
vn -0.0000 -0.2718 0.9623
vn -0.0110 0.1902 0.9817
vn -0.0000 0.2718 0.9623
vn 0.1336 0.9907 0.0249
vt 0.153846 0.461539
vt 0.000000 0.461538
vt 0.000000 0.384615
vt 0.153846 0.384615
vt 0.256410 0.192308
vt 0.256410 0.038462
vt 0.307692 0.038462
vt 0.307692 0.192308
vt 0.461538 0.461538
vt 0.307692 0.461538
vt 0.307692 0.384615
vt 0.461538 0.384615
vt 0.666667 0.728946
vt 0.666738 0.692308
vt 0.674722 0.692308
vt 0.675707 0.731060
vt 0.666667 0.339043
vt 0.615385 0.339043
vt 0.615385 0.262120
vt 0.666667 0.262121
vt 0.153846 0.923075
vt 0.205128 0.923075
vt 0.205128 0.999998
vt 0.153846 0.999998
vt 0.592599 0.192308
vt 0.592599 0.085566
vt 0.615385 0.038462
vt 0.615385 0.192308
vt 0.330478 0.192308
vt 0.330478 0.299049
vt 0.307692 0.346154
vt 0.555961 0.318081
vt 0.592599 0.299049
vt 0.615385 0.346154
vt 0.564103 0.346154
vt 0.367116 0.066534
vt 0.330478 0.085566
vt 0.358974 0.038462
vt 0.741158 0.038753
vt 0.615385 0.038753
vt 0.634417 0.000000
vt 0.741158 0.000000
vt 0.693789 0.799049
vt 0.693789 0.905791
vt 0.685805 0.905791
vt 0.684748 0.799049
vt 0.684748 0.917790
vt 0.684676 0.954428
vt 0.676693 0.954428
vt 0.675707 0.915676
vt 0.693789 0.799049
vt 0.693789 0.692308
vt 0.701772 0.692308
vt 0.702829 0.799049
vt 0.153846 0.692308
vt 0.205128 0.692308
vt 0.205128 0.769230
vt 0.153846 0.769230
vt 0.205128 0.846153
vt 0.153846 0.846153
vt 0.666667 0.569811
vt 0.615385 0.569811
vt 0.615385 0.492888
vt 0.666667 0.492888
vt 0.615385 0.415966
vt 0.666667 0.415966
vt 0.461538 0.692308
vt 0.307692 0.692308
vt 0.307692 0.615385
vt 0.461538 0.615385
vt 0.307692 0.538462
vt 0.461538 0.538462
vt 0.153846 0.692308
vt -0.000000 0.692308
vt -0.000000 0.615385
vt 0.153846 0.615385
vt -0.000000 0.538462
vt 0.153846 0.538462
vt 0.307692 0.538462
vt 0.307692 0.461539
vt 0.307692 0.615385
vt 0.307692 0.692308
vt 0.615385 0.538462
vt 0.615385 0.461538
vt 0.615385 0.615385
vt 0.615385 0.692308
vt 0.693789 0.905791
vt 0.701772 0.905791
vt 0.693789 0.692308
vt 0.685805 0.692308
vt 0.866932 0.038753
vt 0.847900 0.000000
vt 0.615385 0.384615
vt 0.256410 0.346154
vt 0.307692 0.384615
vt 0.000000 0.346154
vt 0.000000 0.192308
vt 0.051282 0.192308
vt 0.051282 0.346154
vt 0.102564 0.192308
vt 0.102564 0.346154
vt 0.512821 0.923077
vt 0.512821 0.846154
vt 0.551282 0.846154
vt 0.551282 0.923077
vt 0.461538 0.038462
vt 0.410256 0.038462
vt 0.410256 0.000000
vt 0.461538 0.000000
vt 0.205128 0.346154
vt 0.205128 0.192308
vt 0.847900 0.262120
vt 0.741158 0.262120
vt 0.741158 0.223368
vt 0.866932 0.223368
vt 0.741158 0.177214
vt 0.866932 0.177214
vt 0.741158 0.131060
vt 0.866932 0.131060
vt 0.741158 0.084906
vt 0.866932 0.084906
vt 0.410257 0.846153
vt 0.358974 0.846153
vt 0.358974 0.769230
vt 0.410257 0.769230
vt 0.307692 0.846153
vt 0.307692 0.769230
vt 0.628205 0.769231
vt 0.628205 0.846154
vt 0.589744 0.846154
vt 0.589744 0.769231
vt 0.628205 0.923077
vt 0.628205 0.846154
vt 0.666667 0.846154
vt 0.666667 0.923077
vt 0.717949 0.415966
vt 0.717949 0.339043
vt 0.410257 0.923075
vt 0.358974 0.923075
vt 0.307692 0.923075
vt 0.717949 0.492888
vt 0.410256 0.999998
vt 0.358974 0.999998
vt 0.307692 0.999998
vt 0.589744 0.692308
vt 0.589744 0.769231
vt 0.551282 0.769231
vt 0.551282 0.692308
vt 0.589744 0.846154
vt 0.589744 0.923077
vt 0.551282 0.923077
vt 0.551282 0.846154
vt 0.717949 0.569811
vt 0.410256 0.846153
vt 0.461539 0.846153
vt 0.461539 0.923075
vt 0.410256 0.923075
vt 0.512821 0.846153
vt 0.512821 0.923075
vt 0.628205 0.769231
vt 0.628205 0.692308
vt 0.666667 0.692308
vt 0.666667 0.769231
vt 0.512821 0.769231
vt 0.551282 0.769231
vt 0.102564 0.846153
vt 0.102564 0.923075
vt 0.410256 0.769230
vt 0.461539 0.769230
vt 0.512821 0.769230
vt 0.102564 0.769230
vt 0.410256 0.692308
vt 0.461539 0.692308
vt 0.512821 0.692308
vt 0.628205 1.000000
vt 0.666667 1.000000
vt 0.410256 0.346154
vt 0.461538 0.346154
vt 0.461538 0.384615
vt 0.410256 0.384615
vt 0.102564 0.692308
vt 0.684676 0.692308
vt 0.684748 0.728946
vt 0.675707 0.731060
vt 0.676693 0.692308
vt 0.684748 0.776157
vt 0.675707 0.777214
vt 0.684748 0.823368
vt 0.675707 0.823368
vt 0.684748 0.870579
vt 0.675707 0.869522
vt 0.634417 0.262120
vt 0.615385 0.223368
vt 0.615385 0.177214
vt 0.615385 0.131060
vt 0.615385 0.084906
vt 0.555961 0.066534
vt 0.564103 0.038462
vt 0.508750 0.066534
vt 0.512821 0.038462
vt 0.461538 0.066534
vt 0.414327 0.066534
vt 0.367116 0.318081
vt 0.358974 0.346154
vt 0.414327 0.318081
vt 0.461538 0.318081
vt 0.508750 0.318081
vt 0.512821 0.346154
vt 0.461539 0.999998
vt 0.410256 0.999998
vt 0.512821 0.999998
vt 0.512821 1.000000
vt 0.551282 1.000000
vt 0.589744 1.000000
vt 0.551282 1.000000
vt 0.102564 0.999998
vt 0.358974 0.692308
vt 0.410257 0.692308
vt 0.307692 0.692308
vt 0.512821 0.692308
vt 0.551282 0.692308
vt 0.512821 0.384615
vt 0.717949 0.262121
vt 0.666738 0.954428
vt 0.666667 0.917790
vt 0.674722 0.954428
vt 0.666667 0.870579
vt 0.675707 0.869522
vt 0.666667 0.823368
vt 0.666667 0.776157
vt 0.000000 0.038462
vt 0.051282 0.038462
vt 0.102564 0.038462
vt 0.628205 0.923077
vt 0.589744 0.923077
vt 0.205128 0.038462
vt 0.102564 0.384615
vt 0.153846 0.192308
vt 0.153846 0.384615
vt 0.205128 0.384615
vt 0.102564 0.846153
vt 0.051282 0.846153
vt 0.051282 0.769230
vt 0.102564 0.769230
vt 0.000000 0.846153
vt 0.000000 0.769230
vt 0.102564 0.923075
vt 0.051282 0.923075
vt 0.000000 0.923075
vt 0.102564 0.999998
vt 0.051282 0.999998
vt -0.000000 0.999998
vt 0.205128 0.846153
vt 0.256410 0.846153
vt 0.256410 0.923075
vt 0.205128 0.923075
vt 0.307692 0.846153
vt 0.307692 0.923075
vt 0.205128 0.769230
vt 0.256410 0.769230
vt 0.307692 0.769230
vt 0.205128 0.692308
vt 0.256410 0.692308
vt 0.307692 0.692308
vt 0.256410 0.999998
vt 0.205128 0.999998
vt 0.307692 0.999998
vt 0.051282 0.692308
vt 0.102564 0.692308
vt 0.000000 0.692308
vt 0.102564 0.000000
vt 0.153846 0.000000
vt 0.205128 0.000000
vt 0.628205 1.000000
vt 0.589744 1.000000
vt 0.512821 0.000000
s 0
usemtl Dirty_Metal
f 2024/4250/1270 2004/4251/1270 1986/4252/1270 2012/4253/1270
f 2095/4254/1271 2032/4255/1271 1990/4256/1271 2013/4257/1271
f 2021/4258/1272 2010/4259/1272 1993/4260/1272 2014/4261/1272
f 2047/4262/1273 1987/4263/1273 1998/4264/1273 2057/4265/1273
f 2083/4266/1274 2005/4267/1274 1994/4268/1274 2037/4269/1274
f 2071/4270/1275 2002/4271/1275 1992/4272/1275 2042/4273/1275
f 2015/4274/1276 1984/4275/1276 1992/4276/1276 2011/4277/1276
f 2016/4278/1277 1987/4279/1277 1994/4280/1277 2014/4257/1277
f 2043/4281/1278 1983/4282/1278 1991/4283/1278 2033/4284/1278
f 2048/4285/1279 1988/4286/1279 1993/4256/1279 2038/4287/1279
f 2015/4292/1272 1983/4293/1272 1995/4294/1272 2017/4295/1272
f 2052/4296/1281 1984/4297/1281 1996/4298/1281 2062/4299/1281
f 2016/4300/1270 1988/4301/1270 1997/4302/1270 2018/4303/1270
f 2029/4304/1275 1986/4305/1275 2004/4306/1275 2063/4307/1275
f 2063/4307/1275 2004/4306/1275 2003/4308/1275 2067/4309/1275
f 2067/4309/1275 2003/4308/1275 2002/4271/1275 2071/4270/1275
f 2025/4310/1274 1989/4311/1274 2007/4312/1274 2075/4313/1274
f 2075/4313/1274 2007/4312/1274 2006/4314/1274 2079/4315/1274
f 2079/4315/1274 2006/4314/1274 2005/4267/1274 2083/4266/1274
f 2013/4316/1272 1990/4317/1272 2008/4318/1272 2019/4319/1272
f 2019/4319/1272 2008/4318/1272 2009/4320/1272 2020/4321/1272
f 2020/4321/1272 2009/4320/1272 2010/4259/1272 2021/4258/1272
f 2011/4322/1270 1992/4323/1270 2002/4324/1270 2022/4325/1270
f 2022/4325/1270 2002/4324/1270 2003/4326/1270 2023/4327/1270
f 2023/4327/1270 2003/4326/1270 2004/4251/1270 2024/4250/1270
f 2000/4328/1270 2023/4327/1270 2024/4250/1270 1999/4329/1270
f 2001/4330/1270 2022/4325/1270 2023/4327/1270 2000/4328/1270
f 1991/4331/1270 2011/4322/1270 2022/4325/1270 2001/4330/1270
f 2006/4332/1272 2020/4321/1272 2021/4258/1272 2005/4333/1272
f 2007/4334/1272 2019/4319/1272 2020/4321/1272 2006/4332/1272
f 1989/4335/1272 2013/4316/1272 2019/4319/1272 2007/4334/1272
f 1987/4336/1270 2016/4300/1270 2018/4303/1270 1998/4337/1270
f 1984/4338/1272 2015/4292/1272 2017/4295/1272 1996/4339/1272
f 1988/4286/1277 2016/4278/1277 2014/4257/1277 1993/4256/1277
f 1983/4282/1276 2015/4274/1276 2011/4277/1276 1991/4283/1276
f 2005/4333/1272 2021/4258/1272 2014/4261/1272 1994/4342/1272
f 2025/4343/1271 2095/4254/1271 2013/4257/1271 1989/4280/1271
f 1999/4329/1270 2024/4250/1270 2012/4253/1270 1985/4344/1270
f 1985/4345/1271 2012/4346/1271 2092/4347/1271 2028/4348/1271
f 2028/4348/1271 2092/4347/1271 2093/4349/1271 2027/4350/1271
f 2085/4351/1270 2081/4352/1270 2122/4353/1270 2125/4354/1270
f 2040/4355/1283 2039/4356/1283 2105/4357/1283 2106/4358/1283
f 2026/4359/1271 2094/4360/1271 2095/4254/1271 2025/4343/1271
f 2000/4371/1274 2082/4372/1274 2086/4373/1274 2001/4374/1274
f 2082/4372/1274 2081/4375/1274 2085/4376/1274 2086/4373/1274
f 2064/4377/1270 2068/4378/1270 2111/4379/1270 2108/4380/1270
f 2076/4381/1272 2080/4382/1272 2120/4383/1272 2117/4384/1272
f 2080/4385/1274 2079/4315/1274 2083/4266/1274 2084/4386/1274
f 1999/4387/1274 2078/4388/1274 2082/4372/1274 2000/4371/1274
f 2078/4388/1274 2077/4389/1274 2081/4375/1274 2082/4372/1274
f 2076/4390/1274 2075/4313/1274 2079/4315/1274 2080/4385/1274
f 1985/4391/1274 2028/4392/1274 2078/4388/1274 1999/4387/1274
f 2028/4392/1274 2027/4393/1274 2077/4389/1274 2078/4388/1274
f 2039/4394/1272 2073/4395/1272 2116/4396/1272 2105/4397/1272
f 2069/4398/1272 2065/4399/1272 2110/4400/1272 2113/4401/1272
f 2026/4402/1274 2025/4310/1274 2075/4313/1274 2076/4390/1274
f 2009/4403/1275 2070/4404/1275 2074/4405/1275 2010/4406/1275
f 2070/4404/1275 2069/4407/1275 2073/4408/1275 2074/4405/1275
f 2084/4409/1272 2036/4410/1272 2104/4411/1272 2123/4412/1272
f 2081/4352/1270 2077/4413/1270 2119/4414/1270 2122/4353/1270
f 2068/4415/1275 2067/4309/1275 2071/4270/1275 2072/4416/1275
f 2008/4417/1275 2066/4418/1275 2070/4404/1275 2009/4403/1275
f 2066/4418/1275 2065/4419/1275 2069/4407/1275 2070/4404/1275
f 2030/4410/1270 2064/4377/1270 2108/4380/1270 2099/4394/1270
f 2064/4420/1275 2063/4307/1275 2067/4309/1275 2068/4415/1275
f 1990/4421/1275 2032/4422/1275 2066/4418/1275 2008/4417/1275
f 2032/4422/1275 2031/4423/1275 2065/4419/1275 2066/4418/1275
f 2026/4424/1272 2076/4381/1272 2117/4384/1272 2096/4425/1272
f 2036/4426/1283 2035/4427/1283 2103/4428/1283 2104/4429/1283
f 2030/4430/1275 2029/4304/1275 2063/4307/1275 2064/4420/1275
f 1988/4431/1286 2048/4432/1286 2058/4433/1286 1997/4434/1286
f 2048/4432/1274 2049/4435/1274 2059/4436/1274 2058/4433/1274
f 2049/4435/1274 2050/4437/1274 2060/4438/1274 2059/4436/1274
f 2050/4437/1274 2051/4439/1274 2061/4440/1274 2060/4438/1274
f 2051/4439/1274 2052/4296/1274 2062/4299/1274 2061/4440/1274
f 1984/4275/1289 2052/4446/1289 2042/4447/1289 1992/4276/1289
f 2052/4446/1290 2051/4448/1290 2041/4449/1290 2042/4447/1290
f 2051/4448/1290 2050/4450/1290 2040/4355/1290 2041/4449/1290
f 2050/4450/1290 2049/4451/1290 2039/4356/1290 2040/4355/1290
f 2049/4451/1290 2048/4285/1290 2038/4287/1290 2039/4356/1290
f 1987/4279/1291 2047/4452/1291 2037/4453/1291 1994/4280/1291
f 2047/4452/1292 2046/4454/1292 2036/4426/1292 2037/4453/1292
f 2046/4454/1292 2045/4455/1292 2035/4427/1292 2036/4426/1292
f 2045/4455/1292 2044/4456/1292 2034/4457/1292 2035/4427/1292
f 2044/4456/1292 2043/4281/1292 2033/4284/1292 2034/4457/1292
f 2010/4406/1275 2074/4405/1275 2038/4458/1275 1993/4459/1275
f 2074/4405/1275 2073/4408/1275 2039/4460/1275 2038/4458/1275
f 2034/4461/1270 2085/4351/1270 2125/4354/1270 2102/4462/1270
f 2065/4399/1272 2031/4463/1272 2101/4464/1272 2110/4400/1272
f 2072/4416/1275 2071/4270/1275 2042/4273/1275 2041/4465/1275
f 2001/4374/1274 2086/4373/1274 2033/4466/1274 1991/4467/1274
f 2086/4373/1274 2085/4376/1274 2034/4468/1274 2033/4466/1274
f 2077/4413/1270 2027/4469/1270 2098/4470/1270 2119/4414/1270
f 2035/4427/1283 2034/4457/1283 2102/4471/1283 2103/4428/1283
f 2084/4386/1274 2083/4266/1274 2037/4269/1274 2036/4472/1274
f 1983/4473/1293 2043/4474/1293 2053/4299/1293 1995/4475/1293
f 2043/4474/1275 2044/4476/1275 2054/4477/1275 2053/4299/1275
f 2044/4476/1275 2045/4478/1275 2055/4438/1275 2054/4477/1275
f 2045/4478/1275 2046/4479/1275 2056/4436/1275 2055/4438/1275
f 2046/4479/1275 2047/4262/1275 2057/4265/1275 2056/4436/1275
f 2012/4346/1271 1986/4480/1271 2029/4481/1271 2092/4347/1271
f 2092/4347/1271 2029/4481/1271 2030/4482/1271 2093/4349/1271
f 2068/4378/1270 2072/4483/1270 2114/4484/1270 2111/4379/1270
f 2080/4382/1272 2084/4409/1272 2123/4412/1272 2120/4383/1272
f 2094/4360/1271 2031/4485/1271 2032/4255/1271 2095/4254/1271
f 2098/4486/1271 2027/4350/1271 2093/4349/1271 2126/4487/1271 2097/4488/1271
f 2097/4488/1271 2126/4487/1271 2094/4360/1271 2026/4359/1271 2096/4489/1271
f 2122/4490/1274 2121/4491/1274 2124/4492/1274 2125/4493/1274
f 2121/4491/1274 2120/4494/1274 2123/4495/1274 2124/4492/1274
f 2119/4496/1274 2118/4497/1274 2121/4491/1274 2122/4490/1274
f 2118/4497/1274 2117/4498/1274 2120/4494/1274 2121/4491/1274
f 2098/4499/1274 2097/4500/1274 2118/4497/1274 2119/4496/1274
f 2097/4500/1274 2096/4501/1274 2117/4498/1274 2118/4497/1274
f 2113/4502/1275 2112/4503/1275 2115/4504/1275 2116/4505/1275
f 2112/4503/1275 2111/4506/1275 2114/4507/1275 2115/4504/1275
f 2110/4508/1275 2109/4509/1275 2112/4503/1275 2113/4502/1275
f 2109/4509/1275 2108/4510/1275 2111/4506/1275 2112/4503/1275
f 2101/4511/1275 2100/4512/1275 2109/4509/1275 2110/4508/1275
f 2100/4512/1275 2099/4513/1275 2108/4510/1275 2109/4509/1275
f 2116/4505/1275 2115/4504/1275 2106/4514/1275 2105/4515/1275
f 2115/4504/1275 2114/4507/1275 2107/4516/1275 2106/4514/1275
f 2125/4493/1274 2124/4492/1274 2103/4517/1274 2102/4518/1274
f 2124/4492/1274 2123/4495/1274 2104/4519/1274 2103/4517/1274
f 2093/4349/1271 2030/4482/1271 2099/4520/1271 2100/4521/1271 2126/4487/1271
f 2126/4487/1271 2100/4521/1271 2101/4522/1271 2031/4485/1271 2094/4360/1271
f 2072/4483/1270 2041/4523/1270 2107/4524/1270 2114/4484/1270
f 2073/4395/1272 2069/4398/1272 2113/4401/1272 2116/4396/1272
f 2041/4449/1283 2040/4355/1283 2106/4358/1283 2107/4525/1283
usemtl Screen
f 2091/4288/1280 2062/4289/1280 1996/4290/1280 2017/4291/1280
f 2053/4340/1282 2091/4288/1282 2017/4291/1282 1995/4341/1282
f 1998/4361/1284 2018/4362/1284 2087/4363/1284 2057/4364/1284
f 2057/4364/1285 2087/4363/1285 2088/4365/1285 2056/4366/1285
f 2056/4366/1285 2088/4365/1285 2089/4367/1285 2055/4368/1285
f 2055/4368/1285 2089/4367/1285 2090/4369/1285 2054/4370/1285
f 2054/4370/1285 2090/4369/1285 2091/4288/1285 2053/4340/1285
f 2018/4362/1287 1997/4441/1287 2058/4442/1287 2087/4363/1287
f 2087/4363/1288 2058/4442/1288 2059/4443/1288 2088/4365/1288
f 2088/4365/1288 2059/4443/1288 2060/4444/1288 2089/4367/1288
f 2089/4367/1288 2060/4444/1288 2061/4445/1288 2090/4369/1288
f 2090/4369/1288 2061/4445/1288 2062/4289/1288 2091/4288/1288
o Arm_Base
v -4.499999 3.096082 -7.281947
v -4.170494 5.174811 -5.827441
v -3.891153 4.687073 -6.501830
v -3.704504 3.957120 -6.952441
v -3.638961 3.096082 -7.110675
v -3.704504 2.235044 -6.952441
v -3.891153 1.505092 -6.501830
v -4.170494 1.017353 -5.827441
v -3.891153 5.174811 -5.640792
v -3.374999 4.687073 -6.156946
v -3.030116 3.957120 -6.501830
v -2.909009 3.096082 -6.622936
v -3.030116 2.235044 -6.501830
v -3.374999 1.505092 -6.156946
v -3.891153 1.017353 -5.640792
v -4.499999 5.346083 -5.031946
v -3.704504 5.174811 -5.361451
v -3.030116 4.687073 -5.640792
v -2.579504 3.957120 -5.827441
v -2.421270 3.096082 -5.892983
v -2.579504 2.235044 -5.827441
v -3.030116 1.505092 -5.640792
v -3.704504 1.017353 -5.361451
v -3.638961 5.174811 -5.031946
v -2.909009 4.687073 -5.031946
v -2.421270 3.957120 -5.031946
v -2.249999 3.096082 -5.031946
v -2.421270 2.235044 -5.031946
v -2.909009 1.505092 -5.031946
v -3.638961 1.017353 -5.031946
v -3.704504 5.174811 -4.702441
v -3.030116 4.687073 -4.423100
v -2.579504 3.957120 -4.236451
v -2.421271 3.096082 -4.170908
v -2.579504 2.235044 -4.236451
v -3.030116 1.505092 -4.423100
v -3.704504 1.017353 -4.702441
v -3.891154 5.174811 -4.423100
v -3.374999 4.687073 -3.906946
v -3.030116 3.957120 -3.562063
v -2.909010 3.096082 -3.440956
v -3.030116 2.235044 -3.562063
v -3.374999 1.505092 -3.906946
v -3.891154 1.017353 -4.423100
v -4.170495 5.174811 -4.236451
v -3.891154 4.687073 -3.562063
v -3.704504 3.957120 -3.111451
v -3.638963 3.096082 -2.953218
v -3.704504 2.235044 -3.111451
v -3.891154 1.505092 -3.562063
v -4.170495 1.017353 -4.236451
v -4.499999 5.174811 -4.170908
v -4.499999 4.687073 -3.440956
v -4.499999 3.957120 -2.953217
v -4.500000 3.096082 -2.781947
v -4.499999 2.235044 -2.953217
v -4.499999 1.505092 -3.440956
v -4.499999 1.017353 -4.170908
v -4.829504 5.174811 -4.236451
v -5.108845 4.687073 -3.562063
v -5.295494 3.957120 -3.111451
v -5.361037 3.096082 -2.953218
v -5.295494 2.235044 -3.111451
v -5.108845 1.505092 -3.562063
v -4.829504 1.017353 -4.236451
v -5.108845 5.174811 -4.423100
v -5.625000 4.687073 -3.906946
v -5.108845 1.017353 -4.423100
v -4.499999 0.846082 -5.031946
v -5.295494 5.174811 -4.702441
v -5.361037 5.174811 -5.031946
v -5.295494 5.174811 -5.361451
v -5.586510 4.038164 -6.517350
v -5.349926 3.193995 -6.615345
v -5.270042 2.316088 -6.648435
v -5.108845 5.174811 -5.640791
v -5.624999 4.687073 -6.156946
v -5.108845 1.017353 -5.640791
v -4.829504 5.174811 -5.827441
v -5.349926 4.038164 -5.737440
v -5.108845 4.687073 -6.501829
v -5.098772 3.193995 -5.787397
v -5.295494 3.957120 -6.952441
v -5.013966 2.316088 -5.804265
v -5.361035 3.096082 -7.110673
v -5.098772 1.438182 -5.787397
v -5.295494 2.235044 -6.952441
v -5.108845 1.505092 -6.501829
v -4.829504 1.017353 -5.827441
v -4.499999 5.174811 -5.892983
v -4.499999 4.687073 -6.622936
v -4.499999 3.957120 -7.110674
v -4.499999 2.235044 -7.110674
v -4.499999 1.505092 -6.622936
v -4.499999 1.017353 -5.892983
v 4.500004 3.096079 -7.281947
v 4.170500 5.174809 -5.827441
v -5.685887 4.816155 -4.926359
v 3.891159 4.687070 -6.501830
v -5.270042 4.038164 -4.926360
v 3.704509 3.957118 -6.952441
v -5.013966 3.193995 -4.926359
v 3.638966 3.096080 -7.110675
v -4.927500 2.316088 -4.926359
v 3.704508 2.235042 -6.952441
v 3.891157 1.505089 -6.501830
v -5.013966 1.438182 -4.926359
v 4.170497 1.017350 -5.827441
v 3.891159 5.174809 -5.640792
v 3.375005 4.687070 -6.156946
v 3.030121 3.957118 -6.501830
v 2.909013 3.096080 -6.622936
v 3.030120 2.235042 -6.501830
v 3.375002 1.505089 -6.156946
v 3.891157 1.017350 -5.640792
v 4.500005 5.346080 -5.031946
v 3.704510 5.174809 -5.361451
v 3.030121 4.687071 -5.640792
v -5.349926 4.038164 -4.115280
v 2.579509 3.957119 -5.827441
v 2.421275 3.096081 -5.892983
v -5.098772 3.193995 -4.065321
v 2.579508 2.235043 -5.827441
v -5.013968 2.316088 -4.048452
v 3.030119 1.505090 -5.640792
v -5.098772 1.438182 -4.065321
v 3.704507 1.017350 -5.361451
v 3.638967 5.174809 -5.031946
v 2.909015 4.687071 -5.031946
v 2.421275 3.957119 -5.031946
v 2.250004 3.096081 -5.031946
v 2.421274 2.235043 -5.031946
v 2.909013 1.505090 -5.031946
v 3.638965 1.017350 -5.031946
v 3.704510 5.174809 -4.702441
v 3.030121 4.687071 -4.423100
v 2.579509 3.957119 -4.236451
v 2.421275 3.096081 -4.170908
v 2.579508 2.235043 -4.236451
v -5.349927 3.193995 -3.237373
v 3.030119 1.505090 -4.423100
v -5.270043 2.316088 -3.204284
v 3.704507 1.017350 -4.702441
v 3.891159 5.174809 -4.423100
v 3.375005 4.687070 -3.906946
v 3.030121 3.957118 -3.562063
v 2.909015 3.096080 -3.440956
v 3.030120 2.235042 -3.562063
v 3.375002 1.505089 -3.906946
v 3.891157 1.017350 -4.423100
v 4.170500 5.174809 -4.236451
v 3.891159 4.687070 -3.562063
v 3.704509 3.957118 -3.111451
v 3.638967 3.096080 -2.953218
v 3.704508 2.235042 -3.111451
v 3.891157 1.505089 -3.562063
v 4.170497 1.017350 -4.236451
v 4.500005 5.174809 -4.170908
v 4.500005 4.687070 -3.440956
v 4.500004 3.957117 -2.953217
v 4.500005 3.096079 -2.781947
v 4.500003 2.235041 -2.953217
v 4.500003 1.505089 -3.440956
v 4.500003 1.017350 -4.170908
v 4.829510 5.174809 -4.236451
v 5.108850 4.687069 -3.562063
v 5.295499 3.957117 -3.111451
v 5.361042 3.096079 -2.953218
v 5.295498 2.235041 -3.111451
v 5.108848 1.505088 -3.562063
v 4.829508 1.017350 -4.236451
v 5.108850 5.174809 -4.423100
v 5.625005 4.687069 -3.906946
v 5.108848 1.017349 -4.423100
v 4.500002 0.846079 -5.031946
v 5.295500 5.174808 -4.702441
v 5.361042 5.174808 -5.031946
v 5.295500 5.174808 -5.361451
v 5.108850 5.174809 -5.640791
v 5.625005 4.687069 -6.156946
v 5.108848 1.017349 -5.640791
v 4.829510 5.174809 -5.827441
v 5.108850 4.687069 -6.501829
v 5.295499 3.957117 -6.952441
v 5.361039 3.096079 -7.110673
v 5.295498 2.235041 -6.952441
v 5.108848 1.505088 -6.501829
v 4.829507 1.017350 -5.827441
v 4.500005 5.174809 -5.892983
v 4.500005 4.687070 -6.622936
v 4.500004 3.957117 -7.110674
v 4.500003 2.235041 -7.110674
v 4.500003 1.505089 -6.622936
v 4.500002 1.017350 -5.892983
v 5.586514 4.038161 -6.517350
v 5.349931 3.193991 -6.615345
v 5.270046 2.316085 -6.648435
v 5.349932 4.038161 -5.737440
v 5.098775 3.193992 -5.787397
v 5.013970 2.316085 -5.804265
v 5.098774 1.438178 -5.787397
v 5.685893 4.816151 -4.926359
v 5.270047 4.038161 -4.926360
v 5.013971 3.193992 -4.926359
v 4.927504 2.316085 -4.926359
v 5.013969 1.438178 -4.926359
v 5.349932 4.038161 -4.115280
v 5.098776 3.193992 -4.065321
v 5.013971 2.316085 -4.048452
v 5.098774 1.438178 -4.065321
v 5.349932 3.193991 -3.237373
v 5.270047 2.316085 -3.204284
v -5.750681 4.845606 -4.513897
v -5.736296 4.816155 -4.414556
v -5.718286 4.740816 -4.188550
v -5.727363 4.687073 -4.060144
v -5.577674 3.957120 -3.299998
v -5.455717 3.193995 -3.039455
v -5.456747 3.096082 -3.017169
v -5.319940 2.235044 -3.127785
v -5.320792 2.316088 -3.109339
v -5.289527 2.101964 -3.212354
v -5.221704 1.505092 -3.637473
v -5.704455 4.518901 -3.827489
v -5.577831 4.038164 -3.363979
v -5.575288 3.998124 -3.330721
v -5.197610 1.438182 -3.739494
v -5.159973 1.232474 -4.077495
v -5.178150 1.082843 -4.353796
v -5.767655 4.903118 -5.031946
v -5.753500 4.898542 -4.926359
v -5.166831 0.989651 -4.755735
v -5.180612 1.017353 -4.530507
v -5.163917 0.978143 -5.031946
v -5.152914 0.980132 -4.926360
v -5.764076 4.835918 -5.555544
v -5.187132 0.994022 -5.316566
v -5.754423 4.816155 -5.622208
v -5.751606 4.804377 -5.657540
v -5.771420 4.687073 -5.937812
v -5.198739 1.017353 -5.506257
v -5.738653 4.446521 -6.270600
v -5.195655 1.099384 -5.727602
v -5.403110 2.235044 -6.880534
v -5.313212 1.841666 -6.630553
v -5.274967 1.505092 -6.390830
v -5.682056 4.231648 -6.477773
v -5.656128 4.038164 -6.647596
v -5.660844 3.957120 -6.708322
v -5.250873 1.438182 -6.288808
v -5.192954 1.121621 -5.768663
v -5.538886 3.193995 -6.968864
v -5.539916 3.096082 -6.991149
v -5.403962 2.316088 -6.898980
v 5.718290 4.740812 -4.188550
v 5.736301 4.816151 -4.414555
v 5.727368 4.687069 -4.060143
v 5.750686 4.845603 -4.513897
v 5.455721 3.193991 -3.039455
v 5.456750 3.096079 -3.017169
v 5.577679 3.957117 -3.299998
v 5.319943 2.235041 -3.127785
v 5.320796 2.316085 -3.109339
v 5.221707 1.505088 -3.637473
v 5.289530 2.101960 -3.212354
v 5.575293 3.998121 -3.330721
v 5.577836 4.038161 -3.363979
v 5.704462 4.518898 -3.827490
v 5.159976 1.232471 -4.077495
v 5.197612 1.438178 -3.739494
v 5.178152 1.082839 -4.353796
v 5.767660 4.903114 -5.031946
v 5.753506 4.898539 -4.926359
v 5.166834 0.989648 -4.755735
v 5.180614 1.017349 -4.530506
v 5.152917 0.980129 -4.926360
v 5.163919 0.978140 -5.031946
v 5.764081 4.835915 -5.555544
v 5.187136 0.994019 -5.316566
v 5.751612 4.804373 -5.657540
v 5.754427 4.816151 -5.622209
v 5.771425 4.687069 -5.937813
v 5.198741 1.017349 -5.506258
v 5.738659 4.446518 -6.270600
v 5.195657 1.099380 -5.727601
v 5.274971 1.505088 -6.390830
v 5.313215 1.841662 -6.630553
v 5.403113 2.235041 -6.880534
v 5.682062 4.231645 -6.477773
v 5.656133 4.038161 -6.647596
v 5.660849 3.957117 -6.708322
v 5.192957 1.121617 -5.768663
v 5.250875 1.438178 -6.288809
v 5.538890 3.193991 -6.968864
v 5.539920 3.096079 -6.991149
v 5.403965 2.316085 -6.898981
vn 0.1915 -0.1915 -0.9626
vn 0.1632 -0.5481 -0.8203
vn 0.1632 0.5481 -0.8203
vn 0.1098 -0.8264 -0.5522
vn 0.3128 0.8264 -0.4681
vn 0.1104 0.9800 -0.1653
vn 0.0388 -0.9800 -0.1949
vn 0.1104 -0.9800 -0.1653
vn 0.1653 0.9800 -0.1104
vn 0.4647 -0.5481 -0.6954
vn 0.4647 0.5481 -0.6954
vn 0.3128 -0.8264 -0.4681
vn 0.5453 0.1915 -0.8161
vn 0.4681 0.8264 -0.3128
vn 0.5453 -0.1915 -0.8161
vn 0.6954 -0.5481 -0.4647
vn 0.1653 -0.9800 -0.1104
vn 0.6954 0.5481 -0.4647
vn 0.4681 -0.8264 -0.3128
vn 0.8161 0.1915 -0.5453
vn 0.5522 0.8264 -0.1098
vn 0.8161 -0.1915 -0.5453
vn 0.1949 0.9800 -0.0388
vn 0.1949 -0.9800 -0.0388
vn 0.8203 -0.5481 -0.1632
vn 0.8203 0.5481 -0.1632
vn 0.5522 -0.8264 -0.1098
vn 0.9626 0.1915 -0.1915
vn 0.5522 0.8264 0.1098
vn 0.9626 -0.1915 -0.1915
vn 0.1949 0.9800 0.0388
vn 0.8203 -0.5481 0.1632
vn 0.8203 0.5481 0.1632
vn 0.5522 -0.8264 0.1098
vn 0.9626 0.1915 0.1915
vn 0.4681 0.8264 0.3128
vn 0.9626 -0.1915 0.1915
vn 0.1653 0.9800 0.1104
vn 0.1949 -0.9800 0.0388
vn 0.4681 -0.8264 0.3128
vn 0.6954 0.5481 0.4647
vn 0.8161 0.1915 0.5453
vn 0.3128 0.8264 0.4681
vn 0.8161 -0.1915 0.5453
vn 0.1104 0.9800 0.1653
vn 0.1653 -0.9800 0.1104
vn 0.6954 -0.5481 0.4647
vn 0.4647 0.5481 0.6954
vn 0.3128 -0.8264 0.4681
vn 0.5453 0.1915 0.8161
vn 0.1098 0.8264 0.5522
vn 0.5453 -0.1915 0.8161
vn 0.0388 0.9800 0.1949
vn 0.1104 -0.9800 0.1653
vn 0.4647 -0.5481 0.6954
vn 0.1098 -0.8264 0.5522
vn 0.1915 0.1915 0.9626
vn -0.1098 0.8264 0.5522
vn 0.1915 -0.1915 0.9626
vn -0.0388 0.9800 0.1949
vn 0.0388 -0.9800 0.1949
vn 0.1632 -0.5481 0.8203
vn 0.1632 0.5481 0.8203
vn -0.1915 0.1915 0.9626
vn -0.3128 0.8264 0.4681
vn -0.1915 -0.1915 0.9626
vn -0.1104 0.9800 0.1653
vn -0.0388 -0.9800 0.1949
vn -0.1632 -0.5481 0.8203
vn -0.1632 0.5481 0.8203
vn -0.1098 -0.8264 0.5522
vn -0.4681 0.8264 0.3128
vn -0.5453 0.1915 0.8161
vn -0.5453 -0.1915 0.8161
vn -0.1653 0.9800 0.1104
vn -0.1104 -0.9800 0.1653
vn -0.4647 -0.5481 0.6954
vn -0.4647 0.5481 0.6954
vn -0.3128 -0.8264 0.4681
vn -0.5522 0.8264 0.1098
vn -0.1949 0.9800 0.0388
vn -0.1653 -0.9800 0.1104
vn -0.6954 0.5481 0.4647
vn -0.4681 -0.8264 0.3128
vn -0.1949 0.9800 -0.0388
vn -0.1949 -0.9800 0.0388
vn -0.5522 0.8264 -0.1098
vn -0.1653 0.9800 -0.1104
vn -0.1949 -0.9800 -0.0388
vn -0.4681 0.8264 -0.3128
vn -0.1653 -0.9800 -0.1104
vn -0.1104 0.9800 -0.1653
vn -0.6954 0.5481 -0.4647
vn -0.4681 -0.8264 -0.3128
vn -0.3128 0.8264 -0.4681
vn -0.0388 0.9800 -0.1949
vn -0.4647 -0.5481 -0.6954
vn -0.1104 -0.9800 -0.1653
vn -0.4647 0.5481 -0.6954
vn -0.3128 -0.8264 -0.4681
vn -0.5453 0.1915 -0.8161
vn -0.1098 0.8264 -0.5522
vn -0.5453 -0.1915 -0.8161
vn -0.0388 -0.9800 -0.1949
vn -0.1632 -0.5481 -0.8203
vn -0.1632 0.5481 -0.8203
vn -0.1098 -0.8264 -0.5522
vn -0.1915 0.1915 -0.9626
vn 0.0388 0.9800 -0.1949
vn -0.1915 -0.1915 -0.9626
vn 0.1098 0.8264 -0.5522
vn 0.1915 0.1915 -0.9626
vn -0.6954 -0.5481 -0.4647
vn -0.8161 0.1915 -0.5453
vn -0.8161 -0.1915 -0.5453
vn -0.8203 -0.5481 -0.1632
vn -0.8203 0.5481 -0.1632
vn -0.5522 -0.8264 -0.1098
vn -0.9626 0.1915 -0.1915
vn -0.9626 -0.1915 -0.1915
vn -0.8203 -0.5481 0.1632
vn -0.8203 0.5481 0.1632
vn -0.5522 -0.8264 0.1098
vn -0.9626 0.1915 0.1915
vn -0.9626 -0.1915 0.1915
vn -0.8161 0.1915 0.5453
vn -0.8161 -0.1915 0.5453
vn -0.6954 -0.5481 0.4647
vn -0.7786 -0.4696 0.4162
vn -0.8443 -0.2890 0.4513
vn -0.8777 -0.0975 0.4691
vn -0.8777 0.0975 0.4691
vn -0.9161 0.2890 0.2779
vn -0.8448 -0.4696 0.2563
vn -0.9161 -0.2890 0.2779
vn -0.9524 -0.0975 0.2889
vn -0.9524 0.0975 0.2889
vn -0.9527 -0.2890 0.0938
vn -0.9904 -0.0975 0.0975
vn -0.9904 0.0975 0.0975
vn -0.9527 0.2890 0.0938
vn -0.7708 -0.6326 0.0759
vn -0.8786 -0.4696 0.0865
vn -0.7708 -0.6326 -0.0759
vn -0.8786 -0.4696 -0.0865
vn -0.9527 -0.2890 -0.0938
vn -0.9904 -0.0975 -0.0976
vn -0.9904 0.0975 -0.0976
vn -0.9527 0.2890 -0.0938
vn -0.9161 -0.2890 -0.2779
vn -0.9524 -0.0975 -0.2889
vn -0.9524 0.0975 -0.2889
vn -0.9161 0.2890 -0.2779
vn -0.8448 -0.4696 -0.2563
vn -0.8443 -0.2890 -0.4513
vn -0.8777 -0.0975 -0.4692
vn -0.8777 0.0975 -0.4692
vn 0.7786 -0.4696 0.4162
vn 0.8443 -0.2890 0.4513
vn 0.8777 -0.0975 0.4691
vn 0.8777 0.0976 0.4691
vn 0.9161 0.2890 0.2779
vn 0.8448 -0.4696 0.2563
vn 0.9161 -0.2890 0.2779
vn 0.9524 -0.0975 0.2889
vn 0.9524 0.0975 0.2889
vn 0.9527 -0.2890 0.0938
vn 0.9904 -0.0976 0.0975
vn 0.9904 0.0975 0.0975
vn 0.9527 0.2890 0.0938
vn 0.7708 -0.6326 0.0759
vn 0.8786 -0.4696 0.0865
vn 0.7708 -0.6326 -0.0759
vn 0.8786 -0.4696 -0.0865
vn 0.9527 -0.2890 -0.0938
vn 0.9904 -0.0976 -0.0976
vn 0.9904 0.0975 -0.0976
vn 0.9527 0.2890 -0.0938
vn 0.9161 -0.2890 -0.2779
vn 0.9524 -0.0976 -0.2889
vn 0.9524 0.0975 -0.2889
vn 0.9161 0.2890 -0.2779
vn 0.8448 -0.4696 -0.2563
vn 0.8443 -0.2890 -0.4513
vn 0.8777 -0.0976 -0.4691
vn 0.8777 0.0975 -0.4691
vt 0.622674 0.509365
vt 0.689859 0.509365
vt 0.687302 0.556205
vt 0.625231 0.556205
vt 0.735943 0.664652
vt 0.680476 0.677763
vt 0.663730 0.633306
vt 0.714063 0.606565
vt 0.680020 0.381115
vt 0.687302 0.447881
vt 0.625231 0.447881
vt 0.632513 0.381114
vt 0.606416 0.666540
vt 0.615478 0.690601
vt 0.669122 0.319230
vt 0.692875 0.313626
vt 0.723910 0.370760
vt 0.064855 0.642933
vt 0.022271 0.604260
vt 0.044499 0.592004
vt 0.051268 0.897010
vt 0.053759 0.831561
vt 0.078759 0.837562
vt 0.099768 0.851807
vt 0.006645 0.623225
vt 0.735943 0.725931
vt 0.680476 0.724664
vt 0.744647 0.434352
vt 0.615478 0.715983
vt 0.751929 0.494722
vt 0.711055 0.303272
vt 0.757503 0.351628
vt 0.744647 0.542677
vt 0.714063 0.781073
vt 0.663730 0.766869
vt 0.113586 0.872126
vt 0.788538 0.409355
vt 0.606416 0.738824
vt 0.355553 0.577910
vt 0.356971 0.529966
vt 0.423183 0.536362
vt 0.421648 0.588256
vt 0.795848 0.780190
vt 0.789303 0.803006
vt 0.735943 0.816644
vt 0.748035 0.774486
vt 0.488690 0.530379
vt 0.487272 0.578324
vt -0.000000 0.646011
vt 0.118112 0.895427
vt 0.489457 0.470999
vt 0.544108 0.467481
vt 0.543520 0.512929
vt 0.300136 0.512165
vt 0.300723 0.466717
vt 0.357739 0.470585
vt 0.632787 0.797951
vt 0.589670 0.755645
vt 0.424013 0.472089
vt 0.792753 0.826130
vt 0.742316 0.859372
vt 0.003347 0.669151
vt 0.489457 0.409222
vt 0.544108 0.420199
vt 0.300723 0.419435
vt 0.357739 0.408808
vt 0.592359 0.813179
vt 0.567790 0.763887
vt 0.424013 0.405222
vt 0.805671 0.846043
vt 0.766186 0.896166
vt 0.016177 0.689120
vt 0.112654 0.918161
vt 0.548600 0.810235
vt 0.544108 0.762294
vt 0.300136 0.377517
vt 0.356971 0.354040
vt 0.423183 0.345941
vt 0.826091 0.859712
vt 0.803917 0.921424
vt 0.488690 0.354453
vt 0.036537 0.702880
vt 0.098045 0.936868
vt 0.543520 0.378281
vt 0.790999 0.975381
vt 0.741701 0.942380
vt 0.202245 0.786932
vt 0.237202 0.770425
vt 0.263776 0.829766
vt 0.244858 0.838699
vt 0.355553 0.314618
vt 0.421648 0.303271
vt 0.850904 0.865057
vt 0.849767 0.931300
vt 0.169310 0.668028
vt 0.218748 0.644684
vt 0.221390 0.705433
vt 0.175716 0.727000
vt 0.061326 0.708334
vt 0.076508 0.948700
vt 0.281756 0.763458
vt 0.287889 0.825996
vt 0.229676 0.597426
vt 0.287889 0.588324
vt 0.281756 0.634831
vt 0.086772 0.704654
vt 0.106913 0.767771
vt 0.059896 0.774572
vt 0.279603 0.696330
vt 0.051322 0.951856
vt 0.850904 0.988284
vt 0.913763 0.559147
vt 0.975764 0.556205
vt 0.980538 0.602872
vt 0.913429 0.606056
vt 0.109000 0.692398
vt 0.147985 0.745125
vt 0.980898 0.664408
vt 0.918898 0.667350
vt 0.026322 0.945854
vt 0.976789 0.731444
vt 0.929336 0.733696
vt 0.122213 0.822675
vt 0.060781 0.831561
vt 0.968837 0.793776
vt 0.943155 0.794995
vt 0.124626 0.673433
vt 0.159881 0.698171
vt 0.158421 0.705983
vt 0.156260 0.724058
vt 0.156555 0.734725
vt 0.988767 0.599200
vt 0.988759 0.604404
vt 1.000000 0.560722
vt 0.982998 0.664799
vt 0.982507 0.658922
vt 0.005313 0.931610
vt 0.982559 0.677079
vt 0.986483 0.733251
vt 0.154410 0.756175
vt 0.144629 0.803283
vt 0.144451 0.806855
vt 0.144666 0.810295
vt 0.996628 0.790388
vt 0.992829 0.798248
vt 0.986614 0.742030
vt 0.990146 0.769602
vt 0.131271 0.650647
vt 0.163505 0.660302
vt 0.161918 0.667766
vt 0.001162 0.908981
vt 0.000000 0.923797
vt 1.000000 0.801893
vt 0.127924 0.627507
vt 0.001689 0.890055
vt 0.002393 0.897417
vt 0.166159 0.625920
vt 0.115094 0.607538
vt 0.000442 0.869581
vt 0.165847 0.621871
vt 0.159246 0.588324
vt 0.169310 0.603989
vt 0.165863 0.619772
vt 0.000000 0.855558
vt 0.007036 0.846548
vt 0.094734 0.593778
vt 0.294573 0.111822
vt 0.284510 0.082002
vt 0.298215 0.093227
vt 0.571922 0.626376
vt 0.567790 0.636280
vt 0.556384 0.635513
vt 0.601478 0.303272
vt 0.619658 0.313626
vt 0.588623 0.370760
vt 0.555030 0.351628
vt 0.069945 0.588324
vt 0.665206 0.556205
vt 0.673635 0.560515
vt 0.632787 0.598060
vt 0.619776 0.591408
vt 0.642355 0.576011
vt 0.028573 0.834716
vt 0.544803 0.370652
vt 0.567885 0.434352
vt 0.544108 0.420810
vt 0.545368 0.413156
vt 0.545958 0.393505
vt 0.589670 0.647465
vt 0.575097 0.624741
vt 0.612746 0.597616
vt 0.560604 0.494722
vt 0.548962 0.488091
vt 0.549372 0.480988
vt 0.643411 0.319230
vt 0.279552 0.228975
vt 0.287060 0.236179
vt 0.238973 0.283075
vt 0.234456 0.278741
vt 0.239206 0.274541
vt 0.567885 0.542677
vt 0.717351 0.220187
vt 0.729824 0.265409
vt 0.670913 0.264403
vt 0.653586 0.219098
vt 0.783680 0.571836
vt 0.842932 0.556205
vt 0.844403 0.613182
vt 0.799053 0.625145
vt 0.654563 0.092014
vt 0.699652 0.092784
vt 0.706756 0.159569
vt 0.647844 0.158563
vt 0.848569 0.679304
vt 0.824026 0.685778
vt 0.672719 0.029581
vt 0.617667 0.080474
vt 0.652751 0.023336
vt 0.882934 0.357699
vt 0.901552 0.303272
vt 0.924393 0.312334
vt 0.608719 0.878675
vt 0.583518 0.817352
vt 0.608556 0.813179
vt 0.562479 0.830047
vt 0.941214 0.329080
vt 0.762516 0.652103
vt 0.735943 0.607057
vt 0.599637 0.143486
vt 0.804253 0.700367
vt 0.601406 0.202779
vt 0.906178 0.007885
vt 0.953679 0.000000
vt 0.967688 0.041561
vt 0.913759 0.030378
vt 0.120320 0.588324
vt 0.054026 0.577522
vt 0.059045 0.538615
vt 0.125752 0.546211
vt 0.000000 0.515351
vt 0.002079 0.473677
vt 0.061761 0.484165
vt 0.548639 0.849331
vt 0.241914 0.512334
vt 0.189968 0.536982
vt 0.192684 0.482531
vt 0.243993 0.470659
vt 0.792259 0.720850
vt 0.740355 0.689950
vt 0.128692 0.487274
vt 0.963275 0.084536
vt 0.911371 0.053636
vt 0.949456 0.350960
vt 0.544108 0.872268
vt 0.002079 0.426450
vt 0.061761 0.422459
vt 0.192684 0.420826
vt 0.243993 0.423432
vt 0.789871 0.744108
vt 0.735943 0.732925
vt 0.128692 0.420485
vt 0.941114 0.122383
vt 0.899378 0.074119
vt 0.947862 0.374642
vt 0.000000 0.380860
vt 0.059045 0.362894
vt 0.189968 0.361261
vt 0.241914 0.377843
vt 0.797453 0.766601
vt 0.749951 0.774486
vt 0.125752 0.356012
vt 0.904577 0.149341
vt 0.879604 0.088708
vt 0.936677 0.396522
vt 0.549573 0.895366
vt 0.421192 0.805969
vt 0.369775 0.849004
vt 0.352825 0.836740
vt 0.389872 0.783307
vt 0.967688 0.167429
vt 0.919950 0.202650
vt 0.120320 0.303671
vt 0.184949 0.312904
vt 0.859228 0.161304
vt 0.855061 0.095182
vt 0.054026 0.314537
vt 0.917602 0.413268
vt 0.564204 0.915109
vt 0.458303 0.751947
vt 0.417381 0.722338
vt 0.860698 0.218281
vt 0.329819 0.828594
vt 0.347362 0.768255
vt 0.429126 0.614653
vt 0.431165 0.663115
vt 0.371049 0.641828
vt 0.373585 0.594986
vt 0.811969 0.156452
vt 0.829485 0.092556
vt 0.361840 0.702672
vt 0.893542 0.422331
vt 0.585773 0.928491
vt 0.304260 0.825806
vt 0.300136 0.763105
vt 0.304260 0.634544
vt 0.311880 0.588257
vt 0.906379 0.487328
vt 0.859478 0.487328
vt 0.868159 0.422331
vt 0.300136 0.695942
vt 0.610995 0.933474
vt 0.798952 0.211941
vt 0.533926 0.588256
vt 0.527794 0.634764
vt 0.464785 0.644617
vt 0.475714 0.597359
vt 0.817274 0.470582
vt 0.845318 0.413268
vt 0.525640 0.696263
vt 0.467428 0.705366
vt 0.636033 0.929301
vt 0.527794 0.763391
vt 0.483240 0.770358
vt 0.919490 0.542795
vt 0.858211 0.542795
vt 0.533926 0.825929
vt 0.509814 0.829699
vt 0.799942 0.425625
vt 0.828497 0.396522
vt 0.808048 0.461398
vt 0.806831 0.450794
vt 0.802354 0.433172
vt 0.554750 0.279310
vt 0.492115 0.303272
vt 0.490831 0.297822
vt 0.497868 0.294732
vt 0.550966 0.263244
vt 0.465772 0.706148
vt 0.465883 0.700260
vt 0.458303 0.647677
vt 0.657072 0.916606
vt 0.475596 0.773967
vt 0.468410 0.718112
vt 0.814001 0.482178
vt 0.835139 0.533640
vt 0.834547 0.530262
vt 0.833572 0.526804
vt 0.490895 0.838632
vt 0.485173 0.831681
vt 0.484056 0.810154
vt 0.478278 0.782563
vt 0.794976 0.395570
vt 0.792797 0.388328
vt 0.820255 0.374642
vt 0.662393 0.909191
vt 0.660852 0.894306
vt 0.596903 0.206851
vt 0.585108 0.214698
vt 0.594317 0.194680
vt 0.243993 0.312797
vt 0.243993 0.303671
vt 0.250375 0.311763
vt 0.821849 0.350960
vt 0.659491 0.882667
vt 0.660168 0.875367
vt 0.788538 0.354081
vt 0.833034 0.329080
vt 0.661633 0.855018
vt 0.786748 0.063203
vt 0.744257 0.013988
vt 0.759815 0.000000
vt 0.798503 0.025956
vt 0.797676 0.030241
vt 0.797429 0.032574
vt 0.798952 0.052229
vt 0.655347 0.831544
vt 0.662393 0.841052
vt 0.852109 0.312334
vt 0.797887 0.082223
vt 0.904757 0.702071
vt 0.896861 0.693256
vt 0.903045 0.684125
vt 0.746069 0.082667
vt 0.722242 0.024522
vt 0.876169 0.303272
vt 0.891661 0.618034
vt 0.904678 0.562545
vt 0.913429 0.566908
vt 0.907283 0.597245
vt 0.905169 0.624770
vt 0.633778 0.818162
vt 0.795089 0.124900
vt 0.796196 0.132574
vt 0.767402 0.146351
vt 0.795377 0.105176
vt 0.902589 0.680586
vt 0.874145 0.681930
vt 0.903923 0.634112
vt 0.795825 0.192123
vt 0.797092 0.199134
vt 0.782994 0.205880
vt 0.697121 0.029997
vt 0.790471 0.252190
vt 0.797829 0.243974
vt 0.798952 0.248132
vt 0.291861 0.149521
vt 0.297957 0.134800
vt 0.299953 0.154482
vt 0.282513 0.221965
vt 0.260547 0.208500
vt 0.300136 0.162099
vt 0.223638 0.264997
vt 0.201434 0.293015
vt 0.115780 0.300898
vt 0.131042 0.283216
vt 0.162236 0.303581
vt 0.243340 0.117844
vt 0.272262 0.062668
vt 0.209038 0.174872
vt 0.171120 0.230711
vt 0.171558 0.303671
vt 0.155411 0.137974
vt 0.192824 0.083087
vt 0.116442 0.193090
vt 0.077415 0.246318
vt 0.112233 0.300437
vt 0.094795 0.295741
vt 0.081942 0.288975
vt 0.063508 0.277705
vt 0.057021 0.273065
vt 0.270583 0.060358
vt 0.227244 0.030539
vt 0.230881 0.024717
vt 0.237659 0.028919
vt 0.267303 0.056105
vt 0.195334 0.007506
vt 0.202828 0.009896
vt 0.142255 0.046585
vt 0.177910 0.002424
vt 0.101727 0.099224
vt 0.061706 0.153581
vt 0.023731 0.207568
vt 0.046806 0.264830
vt 0.033997 0.253076
vt 0.025895 0.241299
vt 0.015331 0.220127
vt 0.050049 0.060110
vt 0.091511 0.012131
vt 0.095361 0.011093
vt 0.009015 0.113701
vt 0.003393 0.192175
vt 0.000000 0.183302
vt 0.000000 0.127056
vt 0.167518 -0.000000
vt 0.145557 0.000407
vt 0.037680 0.050261
vt 0.087774 0.013285
vt 0.003082 0.108976
vt 0.031941 0.055312
vt 0.000632 0.114797
vt 0.510978 0.021349
vt 0.508846 0.011122
vt 0.525703 0.020817
vt 0.447106 0.028000
vt 0.441320 0.000243
vt 0.501874 0.007732
vt 0.381027 0.038909
vt 0.376926 0.019237
vt 0.433646 0.000000
vt 0.345497 0.046879
vt 0.371108 0.021807
vt 0.328093 0.117332
vt 0.304232 0.122704
vt 0.320333 0.078770
vt 0.523048 0.081330
vt 0.544583 0.032780
vt 0.567279 0.053928
vt 0.580173 0.073316
vt 0.459920 0.091676
vt 0.394092 0.103832
vt 0.323804 0.069994
vt 0.534962 0.142553
vt 0.472567 0.156669
vt 0.406987 0.170099
vt 0.340741 0.182326
vt 0.305816 0.188052
vt 0.304113 0.180107
vt 0.301143 0.158425
vt 0.300136 0.143815
vt 0.303139 0.126081
vt 0.597699 0.126617
vt 0.591773 0.128291
vt 0.581552 0.075767
vt 0.583953 0.080397
vt 0.596477 0.118554
vt 0.599637 0.158262
vt 0.598903 0.166222
vt 0.596550 0.184353
vt 0.546261 0.202664
vt 0.484562 0.220483
vt 0.419216 0.235163
vt 0.352735 0.246139
vt 0.336881 0.247809
vt 0.321623 0.229202
vt 0.314168 0.216925
vt 0.308918 0.200579
vt 0.553614 0.260364
vt 0.495443 0.280664
vt 0.556134 0.257274
vt 0.430310 0.296523
vt 0.363408 0.276308
vt 0.357017 0.269823
vt 0.414044 0.298913
vt 0.431474 0.303272
vt 0.425128 0.303082
s 0
usemtl Dark_Metal
f 2127/4526/1294 2131/4527/1294 2132/4528/1294 2219/4529/1294
f 2132/4530/1295 2133/4531/1295 2220/4532/1295 2219/4533/1295
f 2129/4534/1296 2130/4535/1296 2218/4536/1296 2217/4537/1296
f 2221/4538/1297 2220/4532/1297 2133/4531/1297 2134/4539/1297
f 2128/4540/1298 2135/4541/1298 2136/4542/1298 2129/4534/1298
f 2142/4543/1299 2135/4544/1299 2128/4545/1299
f 2195/4546/1300 2221/4547/1300 2134/4548/1300
f 2134/4548/1301 2141/4549/1301 2195/4546/1301
f 2142/4543/1302 2143/4550/1302 2135/4544/1302
f 2132/4530/1303 2139/4551/1303 2140/4552/1303 2133/4531/1303
f 2129/4534/1304 2136/4542/1304 2137/4553/1304 2130/4535/1304
f 2133/4531/1305 2140/4552/1305 2141/4554/1305 2134/4539/1305
f 2130/4535/1306 2137/4553/1306 2138/4555/1306 2131/4527/1306
f 2135/4541/1307 2143/4556/1307 2144/4557/1307 2136/4542/1307
f 2131/4527/1308 2138/4555/1308 2139/4558/1308 2132/4528/1308
f 2139/4551/1309 2147/4559/1309 2148/4560/1309 2140/4552/1309
f 2141/4549/1310 2149/4561/1310 2195/4546/1310
f 2136/4542/1311 2144/4557/1311 2145/4562/1311 2137/4553/1311
f 2140/4552/1312 2148/4560/1312 2149/4563/1312 2141/4554/1312
f 2137/4564/1313 2145/4565/1313 2146/4566/1313 2138/4567/1313
f 2143/4568/1314 2150/4569/1314 2151/4570/1314 2144/4571/1314
f 2138/4567/1315 2146/4566/1315 2147/4572/1315 2139/4573/1315
f 2142/4543/1316 2150/4574/1316 2143/4550/1316
f 2149/4561/1317 2156/4575/1317 2195/4546/1317
f 2147/4572/1318 2154/4576/1318 2155/4577/1318 2148/4578/1318
f 2144/4579/1319 2151/4580/1319 2152/4581/1319 2145/4565/1319
f 2148/4560/1320 2155/4582/1320 2156/4583/1320 2149/4563/1320
f 2145/4565/1321 2152/4581/1321 2153/4584/1321 2146/4566/1321
f 2150/4569/1322 2157/4585/1322 2158/4586/1322 2151/4570/1322
f 2146/4566/1323 2153/4584/1323 2154/4576/1323 2147/4572/1323
f 2142/4543/1324 2157/4587/1324 2150/4574/1324
f 2154/4576/1325 2161/4588/1325 2162/4589/1325 2155/4577/1325
f 2151/4580/1326 2158/4590/1326 2159/4591/1326 2152/4581/1326
f 2155/4582/1327 2162/4592/1327 2163/4593/1327 2156/4583/1327
f 2152/4581/1328 2159/4591/1328 2160/4594/1328 2153/4584/1328
f 2157/4585/1329 2164/4595/1329 2165/4596/1329 2158/4586/1329
f 2153/4584/1330 2160/4594/1330 2161/4588/1330 2154/4576/1330
f 2142/4543/1331 2164/4597/1331 2157/4587/1331
f 2156/4575/1332 2163/4598/1332 2195/4546/1332
f 2162/4592/1333 2169/4599/1333 2170/4600/1333 2163/4593/1333
f 2158/4590/1334 2165/4601/1334 2166/4602/1334 2159/4591/1334
f 2159/4591/1335 2166/4602/1335 2167/4603/1335 2160/4594/1335
f 2164/4595/1336 2171/4604/1336 2172/4605/1336 2165/4596/1336
f 2160/4594/1337 2167/4603/1337 2168/4606/1337 2161/4588/1337
f 2142/4543/1338 2171/4607/1338 2164/4597/1338
f 2163/4598/1339 2170/4608/1339 2195/4546/1339
f 2161/4588/1340 2168/4606/1340 2169/4609/1340 2162/4589/1340
f 2165/4596/1341 2172/4605/1341 2173/4610/1341 2166/4611/1341
f 2169/4612/1342 2176/4613/1342 2177/4614/1342 2170/4615/1342
f 2166/4602/1343 2173/4616/1343 2174/4617/1343 2167/4603/1343
f 2171/4604/1344 2178/4618/1344 2179/4619/1344 2172/4605/1344
f 2167/4620/1345 2174/4621/1345 2175/4622/1345 2168/4623/1345
f 2142/4543/1346 2178/4624/1346 2171/4607/1346
f 2170/4608/1347 2177/4625/1347 2195/4546/1347
f 2168/4623/1348 2175/4622/1348 2176/4613/1348 2169/4612/1348
f 2176/4613/1349 2183/4626/1349 2184/4627/1349 2177/4614/1349
f 2173/4628/1350 2180/4629/1350 2181/4630/1350 2174/4621/1350
f 2178/4624/1351 2185/4631/1351 2186/4632/1351 2179/4633/1351
f 2174/4621/1352 2181/4630/1352 2182/4634/1352 2175/4622/1352
f 2142/4543/1353 2185/4631/1353 2178/4624/1353
f 2177/4625/1354 2184/4635/1354 2195/4546/1354
f 2175/4622/1355 2182/4634/1355 2183/4626/1355 2176/4613/1355
f 2172/4605/1356 2179/4619/1356 2180/4636/1356 2173/4610/1356
f 2180/4637/1357 2187/4638/1357 2188/4639/1357 2181/4640/1357
f 2185/4631/1358 2192/4641/1358 2193/4642/1358 2186/4632/1358
f 2181/4640/1359 2188/4639/1359 2189/4643/1359 2182/4644/1359
f 2142/4543/1360 2192/4641/1360 2185/4631/1360
f 2184/4635/1361 2191/4645/1361 2195/4546/1361
f 2182/4644/1362 2189/4643/1362 2190/4646/1362 2183/4647/1362
f 2179/4633/1363 2186/4632/1363 2187/4648/1363 2180/4649/1363
f 2183/4647/1364 2190/4646/1364 2191/4650/1364 2184/4651/1364
f 2193/4642/1365 2192/4641/1365 2196/4652/1365 2339/4653/1365 2340/4654/1365 2341/4655/1365 2342/4656/1365
f 2344/4657/1366 2345/4658/1366 2188/4639/1366 2187/4638/1366 2343/4659/1366
f 2346/4660/1367 2189/4643/1367 2188/4639/1367 2345/4658/1367 2347/4661/1367
f 2142/4543/1368 2196/4652/1368 2192/4641/1368
f 2194/4662/1369 2195/4546/1369 2191/4645/1369
f 2348/4663/1370 2349/4664/1370 2190/4646/1370 2189/4643/1370 2346/4660/1370
f 2187/4648/1371 2186/4632/1371 2193/4642/1371 2350/4665/1371 2351/4666/1371 2352/4667/1371 2343/4668/1371
f 2355/4669/1372 2194/4670/1372 2191/4650/1372 2190/4646/1372 2349/4664/1372 2353/4671/1372 2354/4672/1372
f 2339/4653/1373 2196/4652/1373 2197/4673/1373 2356/4674/1373 2357/4675/1373
f 2142/4543/1374 2197/4673/1374 2196/4652/1374
f 2358/4676/1375 2195/4546/1375 2194/4662/1375 2359/4677/1375
f 2350/4665/1376 2193/4642/1376 2342/4656/1376
f 2359/4678/1377 2194/4670/1377 2355/4669/1377
f 2142/4543/1378 2198/4679/1378 2197/4673/1378
f 2360/4680/1379 2195/4546/1379 2358/4676/1379 2361/4681/1379
f 2356/4674/1380 2197/4673/1380 2198/4679/1380 2362/4682/1380
f 2142/4543/1381 2202/4683/1381 2198/4679/1381
f 2363/4684/1382 2195/4546/1382 2360/4680/1382
f 2364/4685/1383 2362/4682/1383 2198/4679/1383 2202/4683/1383 2203/4686/1383 2366/4687/1383 2365/4688/1383
f 2367/4689/1384 2204/4690/1384 2195/4546/1384 2363/4684/1384
f 2142/4543/1385 2205/4691/1385 2202/4683/1385
f 2368/4692/1386 2366/4693/1386 2203/4694/1386
f 2369/4695/1387 2204/4696/1387 2367/4697/1387
f 2202/4698/1388 2205/4699/1388 2207/4700/1388 2203/4701/1388
f 2142/4543/1389 2216/4702/1389 2205/4691/1389
f 2370/4703/1390 2213/4704/1390 2214/4705/1390 2372/4706/1390 2371/4707/1390
f 2215/4708/1391 2195/4546/1391 2204/4690/1391
f 2368/4709/1392 2203/4701/1392 2207/4700/1392 2209/4710/1392 2375/4711/1392 2374/4712/1392 2373/4713/1392
f 2372/4706/1393 2214/4705/1393 2215/4714/1393 2204/4696/1393 2369/4695/1393 2377/4715/1393 2376/4716/1393
f 2375/4711/1394 2209/4710/1394 2211/4717/1394 2379/4718/1394 2378/4719/1394
f 2205/4699/1395 2216/4720/1395 2217/4537/1395 2207/4700/1395
f 2379/4721/1396 2211/4722/1396 2213/4723/1396 2370/4724/1396 2380/4725/1396
f 2215/4708/1397 2221/4547/1397 2195/4546/1397
f 2213/4704/1398 2219/4533/1398 2220/4532/1398 2214/4705/1398
f 2207/4700/1399 2217/4537/1399 2218/4536/1399 2209/4710/1399
f 2214/4705/1400 2220/4532/1400 2221/4538/1400 2215/4714/1400
f 2209/4710/1401 2218/4536/1401 2127/4526/1401 2211/4717/1401
f 2216/4702/1402 2142/4543/1402 2128/4545/1402
f 2211/4717/1403 2127/4526/1403 2219/4529/1403 2213/4726/1403
f 2128/4540/1404 2129/4534/1404 2217/4537/1404 2216/4720/1404
f 2130/4535/1405 2131/4527/1405 2127/4526/1405 2218/4536/1405
f 2222/4727/1403 2318/4728/1403 2231/4729/1403 2229/4730/1403
f 2231/4731/1398 2318/4732/1398 2319/4733/1398 2232/4734/1398
f 2225/4735/1399 2316/4736/1399 2317/4737/1399 2227/4738/1399
f 2320/4739/1400 2234/4740/1400 2232/4734/1400 2319/4733/1400
f 2223/4741/1388 2225/4735/1388 2236/4742/1388 2235/4743/1388
f 2242/4744/1385 2223/4745/1385 2235/4746/1385
f 2301/4747/1397 2234/4748/1397 2320/4749/1397
f 2234/4748/1391 2301/4747/1391 2241/4750/1391
f 2242/4744/1381 2235/4746/1381 2243/4751/1381
f 2231/4731/1390 2232/4734/1390 2240/4752/1390 2239/4753/1390
f 2225/4735/1392 2227/4738/1392 2237/4754/1392 2236/4742/1392
f 2232/4734/1393 2234/4740/1393 2241/4755/1393 2240/4752/1393
f 2227/4738/1394 2229/4730/1394 2238/4756/1394 2237/4754/1394
f 2235/4757/1383 2236/4758/1383 2244/4759/1383 2243/4760/1383
f 2229/4761/1396 2231/4762/1396 2239/4763/1396 2238/4764/1396
f 2239/4763/1406 2240/4765/1406 2251/4766/1406 2249/4767/1406
f 2241/4750/1384 2301/4747/1384 2253/4768/1384
f 2236/4769/1386 2237/4770/1386 2246/4771/1386 2244/4772/1386
f 2240/4752/1387 2241/4755/1387 2253/4773/1387 2251/4774/1387
f 2237/4770/1407 2238/4764/1407 2247/4775/1407 2246/4771/1407
f 2243/4760/1380 2244/4759/1380 2255/4776/1380 2254/4777/1380
f 2238/4764/1408 2239/4763/1408 2249/4767/1408 2247/4775/1408
f 2242/4744/1378 2243/4751/1378 2254/4778/1378
f 2253/4768/1382 2301/4747/1382 2260/4779/1382
f 2249/4767/1409 2251/4766/1409 2259/4780/1409 2258/4781/1409
f 2244/4772/1410 2246/4771/1410 2256/4782/1410 2255/4783/1410
f 2251/4774/1411 2253/4773/1411 2260/4784/1411 2259/4785/1411
f 2246/4771/1412 2247/4775/1412 2257/4786/1412 2256/4782/1412
f 2254/4777/1373 2255/4776/1373 2262/4787/1373 2261/4788/1373
f 2247/4775/1413 2249/4767/1413 2258/4781/1413 2257/4786/1413
f 2242/4744/1374 2254/4778/1374 2261/4789/1374
f 2258/4781/1414 2259/4780/1414 2267/4790/1414 2265/4791/1414
f 2255/4783/1415 2256/4782/1415 2263/4792/1415 2262/4793/1415
f 2259/4785/1416 2260/4784/1416 2269/4794/1416 2267/4795/1416
f 2256/4782/1417 2257/4786/1417 2264/4796/1417 2263/4792/1417
f 2261/4788/1365 2262/4787/1365 2271/4797/1365 2270/4798/1365
f 2257/4786/1418 2258/4781/1418 2265/4791/1418 2264/4796/1418
f 2242/4744/1368 2261/4789/1368 2270/4799/1368
f 2260/4779/1379 2301/4747/1379 2269/4800/1379
f 2267/4801/1377 2269/4802/1377 2276/4803/1377 2275/4804/1377
f 2262/4787/1376 2263/4805/1376 2272/4806/1376 2271/4797/1376
f 2263/4792/1419 2264/4796/1419 2273/4807/1419 2272/4808/1419
f 2270/4798/1358 2271/4797/1358 2278/4809/1358 2277/4810/1358
f 2264/4796/1420 2265/4791/1420 2274/4811/1420 2273/4807/1420
f 2242/4744/1360 2270/4799/1360 2277/4812/1360
f 2269/4800/1375 2301/4747/1375 2276/4813/1375
f 2265/4814/1421 2267/4801/1421 2275/4804/1421 2274/4815/1421
f 2271/4797/1371 2272/4806/1371 2279/4816/1371 2278/4809/1371
f 2275/4804/1372 2276/4803/1372 2283/4817/1372 2282/4818/1372
f 2272/4819/1366 2273/4820/1366 2280/4821/1366 2279/4822/1366
f 2277/4810/1351 2278/4809/1351 2285/4823/1351 2284/4824/1351
f 2273/4820/1367 2274/4815/1367 2281/4825/1367 2280/4821/1367
f 2242/4744/1353 2277/4812/1353 2284/4826/1353
f 2276/4813/1369 2301/4747/1369 2283/4827/1369
f 2274/4815/1370 2275/4804/1370 2282/4818/1370 2281/4825/1370
f 2282/4818/1364 2283/4817/1364 2290/4828/1364 2289/4829/1364
f 2279/4822/1357 2280/4821/1357 2287/4830/1357 2286/4831/1357
f 2284/4826/1344 2285/4832/1344 2292/4833/1344 2291/4834/1344
f 2280/4821/1359 2281/4825/1359 2288/4835/1359 2287/4830/1359
f 2242/4744/1346 2284/4826/1346 2291/4834/1346
f 2283/4827/1361 2301/4747/1361 2290/4836/1361
f 2281/4825/1362 2282/4818/1362 2289/4829/1362 2288/4835/1362
f 2278/4809/1363 2279/4816/1363 2286/4837/1363 2285/4823/1363
f 2286/4838/1350 2287/4839/1350 2294/4840/1350 2293/4841/1350
f 2291/4834/1336 2292/4833/1336 2299/4842/1336 2298/4843/1336
f 2287/4839/1352 2288/4844/1352 2295/4845/1352 2294/4840/1352
f 2242/4744/1338 2291/4834/1338 2298/4843/1338
f 2290/4836/1354 2301/4747/1354 2297/4846/1354
f 2288/4844/1355 2289/4847/1355 2296/4848/1355 2295/4845/1355
f 2285/4832/1356 2286/4849/1356 2293/4850/1356 2292/4833/1356
f 2289/4847/1349 2290/4851/1349 2297/4852/1349 2296/4848/1349
f 2384/4853/1329 2302/4854/1329 2298/4843/1329 2299/4842/1329 2383/4855/1329 2381/4856/1329 2382/4857/1329
f 2293/4858/1343 2294/4859/1343 2386/4860/1343 2385/4861/1343 2387/4862/1343
f 2294/4840/1345 2295/4845/1345 2388/4863/1345 2389/4864/1345 2386/4865/1345
f 2242/4744/1331 2298/4843/1331 2302/4854/1331
f 2301/4747/1347 2300/4866/1347 2297/4846/1347
f 2295/4845/1348 2296/4848/1348 2390/4867/1348 2391/4868/1348 2388/4863/1348
f 2394/4869/1341 2299/4842/1341 2292/4833/1341 2293/4850/1341 2387/4870/1341 2392/4871/1341 2393/4872/1341
f 2390/4867/1342 2296/4848/1342 2297/4852/1342 2300/4873/1342 2397/4874/1342 2395/4875/1342 2396/4876/1342
f 2399/4877/1322 2398/4878/1322 2303/4879/1322 2302/4854/1322 2384/4853/1322
f 2242/4744/1324 2302/4854/1324 2303/4879/1324
f 2401/4880/1339 2300/4866/1339 2301/4747/1339 2400/4881/1339
f 2299/4882/1334 2394/4883/1334 2383/4884/1334
f 2300/4885/1333 2401/4886/1333 2397/4887/1333
f 2242/4744/1316 2303/4879/1316 2304/4888/1316
f 2402/4889/1332 2400/4881/1332 2301/4747/1332 2403/4890/1332
f 2404/4891/1314 2304/4888/1314 2303/4879/1314 2398/4878/1314
f 2242/4744/1302 2304/4888/1302 2305/4892/1302
f 2301/4747/1317 2405/4893/1317 2403/4890/1317
f 2306/4894/1307 2305/4895/1307 2304/4896/1307 2404/4897/1307 2407/4898/1307 2406/4899/1307 2408/4900/1307
f 2301/4747/1310 2307/4901/1310 2409/4902/1310 2405/4893/1310
f 2242/4744/1299 2305/4892/1299 2308/4903/1299
f 2410/4904/1311 2306/4894/1311 2408/4900/1311
f 2409/4905/1312 2307/4906/1312 2411/4907/1312
f 2305/4895/1298 2306/4894/1298 2309/4908/1298 2308/4909/1298
f 2242/4744/1402 2308/4903/1402 2315/4910/1402
f 2313/4911/1303 2312/4912/1303 2414/4913/1303 2413/4914/1303 2412/4915/1303
f 2314/4916/1301 2307/4901/1301 2301/4747/1301
f 2416/4917/1304 2417/4918/1304 2310/4919/1304 2309/4908/1304 2306/4894/1304 2410/4904/1304 2415/4920/1304
f 2418/4921/1305 2411/4907/1305 2307/4906/1305 2314/4922/1305 2313/4911/1305 2412/4915/1305 2419/4923/1305
f 2420/4924/1306 2421/4925/1306 2311/4926/1306 2310/4919/1306 2417/4918/1306
f 2308/4909/1404 2309/4908/1404 2316/4736/1404 2315/4927/1404
f 2312/4928/1308 2311/4926/1308 2421/4925/1308 2422/4929/1308 2414/4930/1308
f 2314/4916/1300 2301/4747/1300 2320/4749/1300
f 2312/4912/1295 2313/4911/1295 2319/4733/1295 2318/4732/1295
f 2309/4908/1296 2310/4919/1296 2317/4737/1296 2316/4736/1296
f 2313/4911/1297 2314/4922/1297 2320/4739/1297 2319/4733/1297
f 2310/4919/1405 2311/4926/1405 2222/4727/1405 2317/4737/1405
f 2315/4910/1389 2223/4745/1389 2242/4744/1389
f 2311/4926/1294 2312/4928/1294 2318/4728/1294 2222/4727/1294
f 2223/4741/1395 2315/4927/1395 2316/4736/1395 2225/4735/1395
f 2227/4738/1401 2317/4737/1401 2222/4727/1401 2229/4730/1401
f 2199/4931/1422 2373/4932/1422 2374/4933/1422
f 2378/4934/1423 2200/4935/1423 2199/4931/1423 2374/4933/1423 2375/4936/1423
f 2201/4937/1424 2200/4935/1424 2378/4934/1424 2379/4721/1424 2380/4725/1424
f 2371/4938/1425 2201/4937/1425 2380/4725/1425 2370/4724/1425
f 2377/4939/1426 2212/4940/1426 2376/4941/1426
f 2199/4931/1427 2206/4942/1427 2365/4943/1427 2366/4693/1427 2368/4692/1427 2373/4932/1427
f 2199/4931/1428 2200/4935/1428 2208/4944/1428 2206/4942/1428
f 2200/4935/1429 2201/4937/1429 2210/4945/1429 2208/4944/1429
f 2212/4940/1430 2210/4945/1430 2201/4937/1430 2371/4938/1430 2372/4946/1430 2376/4941/1430
f 2208/4944/1431 2228/4947/1431 2226/4948/1431 2206/4942/1431
f 2210/4945/1432 2230/4949/1432 2228/4947/1432 2208/4944/1432
f 2230/4949/1433 2210/4945/1433 2212/4940/1433 2233/4950/1433
f 2233/4950/1434 2212/4940/1434 2377/4939/1434 2369/4951/1434 2367/4952/1434 2363/4953/1434 2360/4954/1434 2361/4955/1434
f 2364/4956/1435 2224/4957/1435 2357/4958/1435 2356/4959/1435 2362/4960/1435
f 2206/4942/1436 2226/4948/1436 2224/4957/1436 2364/4956/1436 2365/4943/1436
f 2224/4957/1437 2340/4961/1437 2339/4962/1437 2357/4958/1437
f 2224/4957/1438 2226/4948/1438 2245/4963/1438 2341/4964/1438 2340/4961/1438
f 2228/4947/1439 2248/4965/1439 2245/4963/1439 2226/4948/1439
f 2230/4949/1440 2250/4966/1440 2248/4965/1440 2228/4947/1440
f 2230/4949/1441 2233/4950/1441 2252/4967/1441 2250/4966/1441
f 2252/4967/1442 2233/4950/1442 2361/4955/1442 2358/4968/1442 2359/4969/1442 2355/4970/1442 2354/4971/1442
f 2245/4963/1443 2248/4965/1443 2266/4972/1443 2352/4973/1443 2351/4974/1443
f 2266/4972/1444 2248/4965/1444 2250/4966/1444 2268/4975/1444
f 2250/4966/1445 2252/4967/1445 2353/4976/1445 2349/4977/1445 2348/4978/1445 2268/4975/1445
f 2354/4971/1446 2353/4976/1446 2252/4967/1446
f 2342/4979/1447 2341/4964/1447 2245/4963/1447 2351/4974/1447 2350/4980/1447
f 2266/4972/1448 2344/4981/1448 2343/4982/1448 2352/4973/1448
f 2266/4972/1449 2268/4975/1449 2347/4983/1449 2345/4984/1449 2344/4981/1449
f 2347/4983/1450 2268/4975/1450 2348/4978/1450 2346/4985/1450
f 2321/4986/1451 2416/4987/1451 2415/4988/1451
f 2416/4987/1452 2321/4986/1452 2322/4989/1452 2420/4990/1452 2417/4991/1452
f 2420/4990/1453 2322/4989/1453 2323/4992/1453 2422/4993/1453 2421/4994/1453
f 2323/4992/1454 2413/4995/1454 2414/4996/1454 2422/4993/1454
f 2327/4997/1455 2418/4998/1455 2419/4999/1455
f 2324/5000/1456 2321/4986/1456 2415/4988/1456 2410/5001/1456 2408/5002/1456 2406/5003/1456
f 2324/5000/1457 2325/5004/1457 2322/4989/1457 2321/4986/1457
f 2323/4992/1458 2322/4989/1458 2325/5004/1458 2326/5005/1458
f 2412/5006/1459 2413/4995/1459 2323/4992/1459 2326/5005/1459 2327/4997/1459 2419/4999/1459
f 2325/5004/1460 2324/5000/1460 2329/5007/1460 2330/5008/1460
f 2326/5005/1461 2325/5004/1461 2330/5008/1461 2331/5009/1461
f 2331/5009/1462 2332/5010/1462 2327/4997/1462 2326/5005/1462
f 2418/4998/1463 2327/4997/1463 2332/5010/1463 2402/5011/1463 2403/5012/1463 2405/5013/1463 2409/5014/1463 2411/5015/1463
f 2399/5016/1464 2328/5017/1464 2407/5018/1464 2404/5019/1464 2398/5020/1464
f 2328/5017/1465 2329/5007/1465 2324/5000/1465 2406/5003/1465 2407/5018/1465
f 2328/5017/1466 2399/5016/1466 2384/5021/1466 2382/5022/1466
f 2381/5023/1467 2333/5024/1467 2329/5007/1467 2328/5017/1467 2382/5022/1467
f 2330/5008/1468 2329/5007/1468 2333/5024/1468 2334/5025/1468
f 2331/5009/1469 2330/5008/1469 2334/5025/1469 2335/5026/1469
f 2335/5026/1470 2336/5027/1470 2332/5010/1470 2331/5009/1470
f 2332/5010/1471 2336/5027/1471 2395/5028/1471 2397/5029/1471 2401/5030/1471 2400/5031/1471 2402/5011/1471
f 2392/5032/1472 2337/5033/1472 2334/5025/1472 2333/5024/1472 2393/5034/1472
f 2337/5033/1473 2338/5035/1473 2335/5026/1473 2334/5025/1473
f 2390/5036/1474 2396/5037/1474 2336/5027/1474 2335/5026/1474 2338/5035/1474 2391/5038/1474
f 2395/5028/1475 2336/5027/1475 2396/5037/1475
f 2333/5024/1476 2381/5023/1476 2383/4884/1476 2394/4883/1476 2393/5034/1476
f 2385/4861/1477 2337/5033/1477 2392/5032/1477 2387/4862/1477
f 2389/5039/1478 2338/5035/1478 2337/5033/1478 2385/4861/1478 2386/4860/1478
f 2338/5035/1479 2389/5039/1479 2388/5040/1479 2391/5038/1479
o Cylinder
v -4.916250 3.096080 -7.506949
v 4.916253 3.096081 -7.506949
v -4.916250 2.148938 -7.318551
v 4.916253 2.148939 -7.318551
v -4.916250 1.345990 -6.782038
v 4.916253 1.345991 -6.782038
v -4.916250 0.809478 -5.979090
v 4.916253 0.809479 -5.979090
v -4.916250 0.621079 -5.031949
v 4.916253 0.621080 -5.031949
v -4.916250 0.809478 -4.084807
v 4.916253 0.809479 -4.084807
v -4.916250 1.345990 -3.281859
v 4.916253 1.345991 -3.281859
v -4.916250 2.148938 -2.745346
v 4.916253 2.148939 -2.745346
v -4.916250 3.096080 -2.556948
v 4.916253 3.096081 -2.556948
v -4.916250 4.043221 -2.745346
v 4.916253 4.043222 -2.745346
v -4.916250 4.846169 -3.281859
v 4.916253 4.846170 -3.281859
v -4.916250 5.382682 -4.084807
v 4.916253 5.382683 -4.084807
v -4.916250 5.571080 -5.031949
v 4.916253 5.571081 -5.031949
v -4.916250 5.382682 -5.979090
v 4.916253 5.382683 -5.979090
v -4.916250 4.846169 -6.782038
v 4.916253 4.846170 -6.782038
v -4.916250 4.043221 -7.318551
v 4.916253 4.043222 -7.318551
vn -0.0000 -0.5556 -0.8315
vn -0.0000 -0.8315 -0.5556
vn -0.0000 -0.9808 -0.1951
vn -0.0000 -0.9808 0.1951
vn -0.0000 -0.8315 0.5556
vn -0.0000 -0.5556 0.8315
vn -0.0000 -0.1951 0.9808
vn -0.0000 0.1951 0.9808
vn -0.0000 0.5556 0.8315
vn -0.0000 0.8315 0.5556
vn -0.0000 0.9808 0.1951
vn -0.0000 0.9808 -0.1951
vn -0.0000 0.8315 -0.5556
vn -0.0000 0.5556 -0.8315
vn -0.0000 0.1951 -0.9808
vn 1.0000 -0.0000 -0.0000
vn -1.0000 -0.0000 -0.0000
vn -0.0000 -0.1951 -0.9808
vt 0.630986 0.000000
vt 0.707107 0.000000
vt 0.707107 0.422328
vt 0.630986 0.422328
vt 0.414214 0.422328
vt 0.472474 0.422328
vt 0.472474 0.844657
vt 0.414214 0.844657
vt 0.548594 0.422328
vt 0.548594 0.844657
vt 0.630986 0.844657
vt 0.707107 0.844657
vt 0.707107 0.000000
vt 0.765367 0.000000
vt 0.765367 0.422328
vt 0.707107 0.422328
vt 0.841487 0.000000
vt 0.841487 0.422328
vt 0.923880 0.000000
vt 0.923880 0.422328
vt 1.000000 0.000000
vt 1.000000 0.422328
vt 0.941740 0.422328
vt 1.000000 0.844657
vt 0.941740 0.844657
vt 0.783227 0.422328
vt 0.783227 0.844657
vt 0.865619 0.422328
vt 0.865619 0.844657
vt 0.941740 0.422328
vt 0.941740 0.844657
vt 0.414214 0.000000
vt 0.472474 0.000000
vt 0.548594 0.000000
vt -0.000000 0.248303
vt -0.000000 0.165911
vt 0.031530 0.089790
vt 0.089790 0.031530
vt 0.165911 -0.000000
vt 0.248303 -0.000000
vt 0.324423 0.031530
vt 0.382683 0.089790
vt 0.414214 0.165911
vt 0.414214 0.248303
vt 0.382683 0.324423
vt 0.324423 0.382683
vt 0.248303 0.414214
vt 0.165911 0.414214
vt 0.089790 0.382683
vt 0.031530 0.324423
vt -0.000000 0.662516
vt -0.000000 0.580124
vt 0.031530 0.504004
vt 0.089790 0.445744
vt 0.165911 0.414213
vt 0.248303 0.414213
vt 0.324423 0.445744
vt 0.382683 0.504004
vt 0.414214 0.580124
vt 0.414214 0.662516
vt 0.382683 0.738637
vt 0.324423 0.796897
vt 0.248303 0.828427
vt 0.165911 0.828427
vt 0.089790 0.796897
vt 0.031530 0.738637
s 0
usemtl Clean_Metal
f 2426/5041/1480 2428/5042/1480 2427/5043/1480 2425/5044/1480
f 2428/5045/1481 2430/5046/1481 2429/5047/1481 2427/5048/1481
f 2430/5046/1482 2432/5049/1482 2431/5050/1482 2429/5047/1482
f 2432/5049/1483 2434/5044/1483 2433/5051/1483 2431/5050/1483
f 2434/5044/1484 2436/5043/1484 2435/5052/1484 2433/5051/1484
f 2436/5053/1485 2438/5054/1485 2437/5055/1485 2435/5056/1485
f 2438/5054/1486 2440/5057/1486 2439/5058/1486 2437/5055/1486
f 2440/5057/1487 2442/5059/1487 2441/5060/1487 2439/5058/1487
f 2442/5059/1488 2444/5061/1488 2443/5062/1488 2441/5060/1488
f 2444/5063/1489 2446/5062/1489 2445/5064/1489 2443/5065/1489
f 2446/5043/1490 2448/5066/1490 2447/5067/1490 2445/5052/1490
f 2448/5066/1491 2450/5068/1491 2449/5069/1491 2447/5067/1491
f 2450/5068/1492 2452/5070/1492 2451/5071/1492 2449/5069/1492
f 2452/5072/1493 2454/5073/1493 2453/5046/1493 2451/5045/1493
f 2454/5073/1494 2424/5074/1494 2423/5049/1494 2453/5046/1494
f 2424/5075/1495 2454/5076/1495 2452/5077/1495 2450/5078/1495 2448/5079/1495 2446/5080/1495 2444/5081/1495 2442/5082/1495 2440/5083/1495 2438/5084/1495 2436/5085/1495 2434/5086/1495 2432/5087/1495 2430/5088/1495 2428/5089/1495 2426/5090/1495
f 2423/5091/1496 2425/5092/1496 2427/5093/1496 2429/5094/1496 2431/5095/1496 2433/5096/1496 2435/5097/1496 2437/5098/1496 2439/5099/1496 2441/5100/1496 2443/5101/1496 2445/5102/1496 2447/5103/1496 2449/5104/1496 2451/5105/1496 2453/5106/1496
f 2424/5074/1497 2426/5041/1497 2425/5044/1497 2423/5049/1497
o Shoulder
v 4.189092 2.409973 -6.040905
v 4.312194 1.855028 -5.699063
v 4.609581 1.461940 -5.255197
v 5.526467 1.366962 -4.336931
v 4.710196 3.617164 -6.386749
v 4.626494 2.971056 -6.511295
v 4.669227 2.316900 -6.410161
v 4.831888 1.754286 -6.098743
v 5.089715 1.368867 -5.624454
v 5.403456 1.219319 -5.059496
v 5.725346 1.328410 -4.489882
v 4.945493 3.646422 -6.477371
v 5.061265 3.025117 -6.678743
v 5.237282 2.387534 -6.628942
v 5.446747 1.830739 -6.335550
v 5.657770 1.439501 -5.843234
v 5.838226 1.273380 -5.226944
v 5.960642 1.357668 -4.580504
v 5.181386 3.739034 -6.491868
v 5.497138 3.196243 -6.705529
v 5.806778 2.611121 -6.663941
v 6.063165 2.072748 -6.373433
v 6.227266 1.663087 -5.878233
v 6.274099 1.444506 -5.253731
v 6.196535 1.450280 -4.595001
v 5.381963 3.880903 -6.428032
v 5.867756 3.458382 -6.587577
v 6.291013 2.953622 -6.509829
v 6.587297 2.443469 -6.206623
v 6.711501 2.005589 -5.724121
v 6.644717 1.706645 -5.135779
v 6.397112 1.592149 -4.531166
v 5.516687 4.050430 -6.295583
v 6.116695 3.771626 -6.342843
v 6.616268 3.362895 -6.190068
v 6.939350 2.886462 -5.860517
v 7.036757 2.414862 -5.404360
v 6.893657 2.019889 -4.891045
v 6.531837 1.761675 -4.398717
v 5.565049 4.221805 -6.114684
v 6.206056 4.088285 -6.008585
v 6.733024 3.776631 -5.753339
v 7.065727 3.334287 -5.387805
v 7.153513 2.828598 -4.967632
v 6.983018 2.336549 -4.556787
v 6.580198 1.933051 -4.217818
v 5.519686 4.368939 -5.912876
v 6.122236 4.360153 -5.635692
v 6.623507 4.131843 -5.266131
v 6.947186 3.718766 -4.860455
v 7.043996 3.183810 -4.480423
v 6.899198 2.608417 -4.183894
v 6.534836 2.080184 -4.016009
v 5.387504 4.469431 -5.720881
v 5.877995 4.545838 -5.280933
v 6.304390 4.374454 -4.802616
v 6.601777 3.981365 -4.358749
v 6.724879 3.426420 -4.016909
v 6.654956 2.794102 -3.829135
v 6.402653 2.180677 -3.824015
v 6.006381 1.679532 -4.002330
v 4.907591 4.156862 -6.055483
v 5.188625 4.507983 -5.567931
v 5.510516 4.617074 -4.998317
v 5.824256 4.467526 -4.433360
v 6.082083 4.082107 -3.959069
v 6.244745 3.519493 -3.647652
v 6.287477 2.865337 -3.546518
v 6.203774 2.219229 -3.671064
v 4.953329 4.478726 -5.477309
v 5.075745 4.563013 -4.830869
v 5.256201 4.396893 -4.214579
v 5.467224 4.005653 -3.722263
v 5.676689 3.448859 -3.428872
v 5.852706 2.811276 -3.379071
v 5.968478 2.189971 -3.580442
v 4.717436 4.386113 -5.462812
v 4.639872 4.391887 -4.804083
v 4.686705 4.173306 -4.179581
v 4.850807 3.763645 -3.684381
v 5.107194 3.225272 -3.393873
v 5.416833 2.640151 -3.352284
v 5.732586 2.097358 -3.565946
v 4.516859 4.244244 -5.526647
v 4.269254 4.129748 -4.922035
v 4.202469 3.830804 -4.333693
v 4.326674 3.392924 -3.851191
v 4.622958 2.882771 -3.547985
v 5.046216 2.378011 -3.470237
v 5.532008 1.955490 -3.629781
v 4.382135 4.074718 -5.659097
v 4.020315 3.816504 -5.166769
v 3.877216 3.421531 -4.653453
v 3.974622 2.949930 -4.197297
v 4.297704 2.473498 -3.867746
v 4.797276 2.064767 -3.714971
v 5.397285 1.785964 -3.762230
v 4.333773 3.903343 -5.839995
v 3.930954 3.499844 -5.501027
v 3.760459 3.007795 -5.090182
v 3.848245 2.502106 -4.670009
v 4.180948 2.059762 -4.304474
v 4.707915 1.748108 -4.049228
v 5.348922 1.614588 -3.943129
v 4.379136 3.756209 -6.041804
v 4.014774 3.227977 -5.873919
v 3.869976 2.652583 -5.577390
v 3.966786 2.117627 -5.197359
v 4.290464 1.704550 -4.791683
v 4.791736 1.476240 -4.422121
v 5.394285 1.467454 -4.144938
v 4.511319 3.655716 -6.233798
v 4.259016 3.042291 -6.228679
v 5.035977 1.290555 -4.776880
v -4.189088 2.409976 -6.040904
v -4.312191 1.855031 -5.699062
v -4.609578 1.461944 -5.255196
v -5.526465 1.366966 -4.336930
v -4.710193 3.617167 -6.386748
v -4.626491 2.971059 -6.511294
v -4.669223 2.316903 -6.410160
v -4.831885 1.754289 -6.098742
v -5.089712 1.368871 -5.624452
v -5.403453 1.219323 -5.059495
v -5.725343 1.328414 -4.489881
v -4.945489 3.646425 -6.477370
v -5.061261 3.025120 -6.678741
v -5.237278 2.387537 -6.628941
v -5.446743 1.830743 -6.335549
v -5.657767 1.439505 -5.843233
v -5.838224 1.273384 -5.226943
v -5.960639 1.357672 -4.580503
v -5.181381 3.739038 -6.491866
v -5.497134 3.196247 -6.705528
v -5.806774 2.611125 -6.663939
v -6.063161 2.072752 -6.373432
v -6.227263 1.663092 -5.878232
v -6.274097 1.444510 -5.253729
v -6.196533 1.450284 -4.595000
v -5.381958 3.880907 -6.428031
v -5.867752 3.458386 -6.587576
v -6.291009 2.953626 -6.509827
v -6.587294 2.443473 -6.206622
v -6.711499 2.005593 -5.724119
v -6.644715 1.706649 -5.135777
v -6.397109 1.592153 -4.531165
v -5.516683 4.050434 -6.295582
v -6.116690 3.771630 -6.342841
v -6.616264 3.362899 -6.190066
v -6.939346 2.886467 -5.860515
v -7.036753 2.414866 -5.404358
v -6.893653 2.019894 -4.891043
v -6.531834 1.761680 -4.398715
v -5.565045 4.221808 -6.114683
v -6.206051 4.088290 -6.008584
v -6.733020 3.776636 -5.753338
v -7.065722 3.334292 -5.387804
v -7.153509 2.828603 -4.967629
v -6.983015 2.336554 -4.556786
v -6.580195 1.933055 -4.217817
v -5.519681 4.368942 -5.912875
v -6.122231 4.360157 -5.635691
v -6.623503 4.131847 -5.266129
v -6.947182 3.718771 -4.860453
v -7.043993 3.183815 -4.480422
v -6.899195 2.608421 -4.183892
v -6.534832 2.080189 -4.016008
v -5.387499 4.469435 -5.720881
v -5.877990 4.545842 -5.280932
v -6.304387 4.374457 -4.802614
v -6.601773 3.981369 -4.358747
v -6.724876 3.426425 -4.016906
v -6.654953 2.794107 -3.829133
v -6.402650 2.180681 -3.824014
v -6.006378 1.679535 -4.002329
v -4.907587 4.156865 -6.055482
v -5.188621 4.507986 -5.567930
v -5.510511 4.617077 -4.998316
v -5.824252 4.467530 -4.433359
v -6.082079 4.082111 -3.959068
v -6.244741 3.519497 -3.647651
v -6.287473 2.865341 -3.546517
v -6.203772 2.219233 -3.671063
v -4.953325 4.478729 -5.477307
v -5.075740 4.563016 -4.830868
v -5.256197 4.396896 -4.214578
v -5.467220 4.005657 -3.722262
v -5.676686 3.448863 -3.428870
v -5.852703 2.811280 -3.379069
v -5.968476 2.189976 -3.580441
v -4.717432 4.386116 -5.462811
v -4.639867 4.391891 -4.804081
v -4.686700 4.173308 -4.179580
v -4.850802 3.763648 -3.684380
v -5.107190 3.225275 -3.393872
v -5.416831 2.640154 -3.352283
v -5.732583 2.097362 -3.565944
v -4.516855 4.244247 -5.526646
v -4.269250 4.129751 -4.922034
v -4.202466 3.830807 -4.333692
v -4.326671 3.392927 -3.851189
v -4.622955 2.882774 -3.547984
v -5.046213 2.378015 -3.470235
v -5.532006 1.955493 -3.629780
v -4.382131 4.074721 -5.659096
v -4.020311 3.816507 -5.166768
v -3.877212 3.421534 -4.653452
v -3.974618 2.949933 -4.197296
v -4.297701 2.473501 -3.867744
v -4.797274 2.064771 -3.714969
v -5.397282 1.785967 -3.762229
v -4.333769 3.903345 -5.839994
v -3.930950 3.499847 -5.501026
v -3.760455 3.007798 -5.090181
v -3.848242 2.502108 -4.670008
v -4.180944 2.059765 -4.304473
v -4.707913 1.748111 -4.049227
v -5.348920 1.614592 -3.943128
v -4.379132 3.756212 -6.041803
v -4.014771 3.227980 -5.873919
v -3.869972 2.652586 -5.577390
v -3.966782 2.117629 -5.197358
v -4.290462 1.704553 -4.791681
v -4.791733 1.476243 -4.422120
v -5.394283 1.467458 -4.144936
v -4.511314 3.655720 -6.233797
v -4.259012 3.042294 -6.228678
v -5.035975 1.290558 -4.776879
vn -0.5659 0.2261 -0.7928
vn -0.0317 -0.9782 0.2053
vn -0.4591 -0.7950 -0.3965
vn -0.6211 -0.1592 -0.7674
vn -0.4222 0.5813 -0.6955
vn 0.2112 -0.8468 0.4881
vn -0.2668 -0.9580 -0.1054
vn -0.5828 -0.5160 -0.6278
vn -0.1251 -0.8022 -0.5838
vn -0.3365 -0.1653 -0.9271
vn -0.3546 0.5799 -0.7335
vn 0.2789 -0.8483 0.4502
vn 0.0178 -0.9641 -0.2651
vn -0.2489 -0.5231 -0.8151
vn -0.3744 0.2220 -0.9003
vn 0.1598 -0.9823 0.0978
vn 0.3522 -0.8293 0.4338
vn 0.3266 -0.8842 -0.3340
vn 0.1135 -0.4294 -0.8960
vn -0.1665 0.2758 -0.9467
vn 0.3677 -0.9285 0.0514
vn 0.2373 -0.7084 -0.6647
vn -0.0277 -0.0854 -0.9960
vn -0.2812 0.5989 -0.7498
vn 0.4492 -0.2491 -0.8580
vn 0.0261 0.3793 -0.9249
vn 0.5603 -0.8251 0.0732
vn 0.5730 -0.5281 -0.6267
vn 0.2584 0.0683 -0.9636
vn -0.2132 0.6354 -0.7422
vn 0.4202 -0.7928 0.4415
vn 0.6127 -0.7305 -0.3016
vn 0.7082 -0.6877 0.1598
vn 0.8309 -0.2886 -0.4758
vn 0.4782 0.2723 -0.8350
vn -0.1610 0.6839 -0.7116
vn 0.4725 -0.7443 0.4721
vn 0.8324 -0.5264 -0.1730
vn 0.7071 -0.0095 -0.7070
vn 0.1740 0.5167 -0.8383
vn 0.5982 0.4958 -0.6296
vn -0.1325 0.7370 -0.6628
vn 0.5010 -0.6912 0.5209
vn 0.9524 -0.3030 0.0324
vn 0.8479 0.2526 -0.4660
vn 0.2548 0.6671 -0.7001
vn 0.7890 -0.5373 0.2981
vn 0.9717 -0.0264 -0.2348
vn 0.5014 -0.6416 0.5805
vn 0.9544 -0.0942 0.2832
vn 0.8502 0.4976 -0.1717
vn 0.2561 0.8076 -0.5312
vn 0.7903 -0.3967 0.4669
vn 0.9740 0.2186 0.0596
vn 0.6001 0.7045 -0.3788
vn -0.1320 0.7866 -0.6032
vn 0.1778 0.9168 -0.3575
vn 0.7120 -0.2875 0.6407
vn 0.8374 0.4090 0.3625
vn 0.4838 0.8668 -0.1207
vn -0.1597 0.8252 -0.5418
vn 0.4738 -0.6030 0.6418
vn 0.8380 0.0681 0.5413
vn 0.7137 0.6881 0.1312
vn 0.5659 -0.2261 0.7928
vn 0.5828 0.5160 0.6278
vn 0.2668 0.9580 0.1054
vn -0.2112 0.8468 -0.4881
vn 0.4222 -0.5813 0.6955
vn 0.6211 0.1592 0.7674
vn 0.4591 0.7950 0.3965
vn 0.0317 0.9782 -0.2053
vn -0.2789 0.8483 -0.4502
vn 0.3546 -0.5799 0.7335
vn 0.3365 0.1653 0.9271
vn 0.1251 0.8022 0.5838
vn -0.1598 0.9823 -0.0978
vn 0.3744 -0.2220 0.9003
vn 0.2489 0.5231 0.8151
vn -0.0178 0.9641 0.2651
vn 0.0277 0.0854 0.9960
vn -0.2373 0.7084 0.6647
vn -0.3677 0.9285 -0.0514
vn 0.1665 -0.2758 0.9467
vn -0.1135 0.4294 0.8960
vn -0.3266 0.8842 0.3340
vn -0.3522 0.8293 -0.4338
vn 0.2812 -0.5989 0.7498
vn -0.0261 -0.3793 0.9249
vn -0.4492 0.2491 0.8580
vn -0.6127 0.7305 0.3016
vn -0.4202 0.7928 -0.4415
vn 0.2132 -0.6354 0.7422
vn -0.2584 -0.0683 0.9636
vn -0.5730 0.5281 0.6267
vn -0.5603 0.8251 -0.0732
vn -0.7071 0.0095 0.7070
vn -0.8324 0.5264 0.1730
vn -0.4725 0.7443 -0.4721
vn 0.1610 -0.6839 0.7116
vn -0.4782 -0.2723 0.8350
vn -0.8309 0.2886 0.4758
vn -0.7082 0.6877 -0.1598
vn -0.1740 -0.5167 0.8383
vn 0.1325 -0.7370 0.6628
vn -0.5982 -0.4958 0.6296
vn -0.9717 0.0264 0.2348
vn -0.7890 0.5373 -0.2981
vn -0.2548 -0.6671 0.7001
vn -0.8479 -0.2526 0.4660
vn -0.9524 0.3030 -0.0324
vn -0.5010 0.6912 -0.5209
vn -0.9740 -0.2186 -0.0596
vn -0.7903 0.3967 -0.4669
vn -0.2561 -0.8076 0.5312
vn -0.8502 -0.4976 0.1717
vn -0.9544 0.0942 -0.2832
vn -0.5014 0.6416 -0.5805
vn 0.1320 -0.7866 0.6032
vn -0.6001 -0.7045 0.3788
vn -0.1778 -0.9168 0.3575
vn -0.7137 -0.6881 -0.1312
vn -0.8380 -0.0681 -0.5413
vn -0.4738 0.6030 -0.6418
vn 0.1597 -0.8252 0.5418
vn -0.4838 -0.8668 0.1207
vn -0.8374 -0.4090 -0.3625
vn -0.7120 0.2875 -0.6407
vn 0.5659 0.2261 -0.7928
vn 0.0317 -0.9782 0.2053
vn 0.4591 -0.7950 -0.3965
vn 0.6211 -0.1592 -0.7674
vn 0.4222 0.5813 -0.6955
vn -0.2112 -0.8468 0.4881
vn 0.2668 -0.9580 -0.1054
vn 0.5828 -0.5160 -0.6278
vn 0.1251 -0.8022 -0.5838
vn 0.3365 -0.1653 -0.9271
vn 0.3546 0.5799 -0.7335
vn -0.2789 -0.8483 0.4502
vn -0.0178 -0.9641 -0.2651
vn 0.2489 -0.5231 -0.8151
vn 0.3744 0.2220 -0.9003
vn -0.1598 -0.9823 0.0978
vn -0.3522 -0.8293 0.4338
vn -0.3266 -0.8842 -0.3340
vn -0.1135 -0.4294 -0.8960
vn 0.1665 0.2758 -0.9467
vn -0.3677 -0.9285 0.0514
vn -0.2373 -0.7084 -0.6647
vn 0.0277 -0.0854 -0.9960
vn 0.2812 0.5989 -0.7498
vn -0.4492 -0.2491 -0.8580
vn -0.0261 0.3793 -0.9249
vn -0.5603 -0.8251 0.0732
vn -0.5730 -0.5281 -0.6267
vn -0.2584 0.0683 -0.9636
vn 0.2132 0.6354 -0.7422
vn -0.4202 -0.7928 0.4415
vn -0.6127 -0.7305 -0.3016
vn -0.7082 -0.6877 0.1598
vn -0.8309 -0.2886 -0.4758
vn -0.4782 0.2723 -0.8350
vn 0.1610 0.6839 -0.7116
vn -0.4725 -0.7443 0.4721
vn -0.8324 -0.5264 -0.1730
vn -0.7071 -0.0095 -0.7070
vn -0.1740 0.5167 -0.8383
vn -0.5982 0.4958 -0.6296
vn 0.1325 0.7370 -0.6628
vn -0.5010 -0.6912 0.5209
vn -0.9524 -0.3030 0.0324
vn -0.8479 0.2526 -0.4660
vn -0.2548 0.6671 -0.7001
vn -0.7890 -0.5373 0.2981
vn -0.9717 -0.0264 -0.2348
vn -0.5014 -0.6416 0.5805
vn -0.9544 -0.0942 0.2832
vn -0.8502 0.4976 -0.1717
vn -0.2561 0.8076 -0.5312
vn -0.7903 -0.3967 0.4669
vn -0.9740 0.2186 0.0596
vn -0.6001 0.7045 -0.3788
vn 0.1320 0.7866 -0.6032
vn -0.1778 0.9168 -0.3575
vn -0.7120 -0.2875 0.6407
vn -0.8374 0.4090 0.3625
vn -0.4838 0.8668 -0.1207
vn 0.1597 0.8252 -0.5418
vn -0.4738 -0.6030 0.6418
vn -0.8380 0.0681 0.5413
vn -0.7137 0.6881 0.1312
vn -0.5659 -0.2261 0.7928
vn -0.5828 0.5160 0.6278
vn -0.2668 0.9580 0.1054
vn 0.2112 0.8468 -0.4881
vn -0.4222 -0.5813 0.6955
vn -0.6211 0.1592 0.7674
vn -0.4591 0.7950 0.3965
vn -0.0317 0.9782 -0.2053
vn 0.2789 0.8483 -0.4502
vn -0.3546 -0.5799 0.7335
vn -0.3365 0.1653 0.9271
vn -0.1251 0.8022 0.5838
vn 0.1598 0.9823 -0.0978
vn -0.3744 -0.2220 0.9003
vn -0.2489 0.5231 0.8151
vn 0.0178 0.9641 0.2651
vn -0.0277 0.0854 0.9960
vn 0.2373 0.7084 0.6647
vn 0.3677 0.9285 -0.0514
vn -0.1665 -0.2758 0.9467
vn 0.1135 0.4294 0.8960
vn 0.3266 0.8842 0.3340
vn 0.3522 0.8293 -0.4338
vn -0.2812 -0.5989 0.7498
vn 0.0261 -0.3793 0.9249
vn 0.4492 0.2491 0.8580
vn 0.6127 0.7305 0.3016
vn 0.4202 0.7928 -0.4415
vn -0.2132 -0.6354 0.7422
vn 0.2584 -0.0683 0.9636
vn 0.5730 0.5281 0.6267
vn 0.5603 0.8251 -0.0732
vn 0.7071 0.0095 0.7070
vn 0.8324 0.5264 0.1730
vn 0.4725 0.7443 -0.4721
vn -0.1610 -0.6839 0.7116
vn 0.4782 -0.2723 0.8350
vn 0.8309 0.2886 0.4758
vn 0.7082 0.6877 -0.1598
vn 0.1740 -0.5167 0.8383
vn -0.1325 -0.7370 0.6628
vn 0.5982 -0.4958 0.6296
vn 0.9717 0.0264 0.2348
vn 0.7890 0.5373 -0.2981
vn 0.2548 -0.6671 0.7001
vn 0.8479 -0.2526 0.4660
vn 0.9524 0.3030 -0.0324
vn 0.5010 0.6912 -0.5209
vn 0.9740 -0.2186 -0.0596
vn 0.7903 0.3967 -0.4669
vn 0.2561 -0.8076 0.5312
vn 0.8502 -0.4976 0.1717
vn 0.9544 0.0942 -0.2832
vn 0.5014 0.6416 -0.5805
vn -0.1320 -0.7866 0.6032
vn 0.6001 -0.7045 0.3788
vn 0.1778 -0.9168 0.3575
vn 0.7137 -0.6881 -0.1312
vn 0.8380 -0.0681 -0.5413
vn 0.4738 0.6030 -0.6418
vn -0.1597 -0.8252 0.5418
vn 0.4838 -0.8668 0.1207
vn 0.8374 -0.4090 -0.3625
vn 0.7120 0.2875 -0.6407
vt 0.209474 0.847183
vt 0.156176 0.814004
vt 0.160658 0.794061
vt 0.217757 0.810333
vt 0.231292 0.587553
vt 0.221093 0.524466
vt 0.257602 0.524466
vt 0.251051 0.587553
vt 0.722448 0.177639
vt 0.715766 0.114325
vt 0.775823 0.112764
vt 0.777933 0.176197
vt 0.722132 0.052334
vt 0.740574 0.001104
vt 0.783041 -0.000000
vt 0.777617 0.050892
vt 0.201023 0.352575
vt 0.167123 0.299051
vt 0.216637 0.339383
vt 0.040308 0.836778
vt 0.015312 0.784016
vt 0.035318 0.774866
vt 0.741158 0.232638
vt 0.783625 0.231534
vt 0.839784 0.112764
vt 0.837025 0.176197
vt 0.828268 -0.000000
vt 0.836709 0.050892
vt 0.224235 0.321059
vt 0.056973 0.775106
vt 0.828851 0.231534
vt 0.155653 0.774866
vt 0.208508 0.774866
vt 0.491850 0.065134
vt 0.499295 0.012184
vt 0.539307 0.012628
vt 0.513504 0.065374
vt 0.076979 0.784700
vt 0.890726 0.177639
vt 0.869953 0.232638
vt 0.890410 0.052334
vt 0.897910 0.114325
vt 0.680324 0.285281
vt 0.713544 0.336256
vt 0.698241 0.344484
vt 0.652047 0.300485
vt 0.576274 0.030355
vt 0.533510 0.074968
vt 0.869369 0.001104
vt 0.222660 0.300393
vt 0.930546 0.054998
vt 0.941353 0.117209
vt 0.686529 0.360905
vt 0.630406 0.330827
vt 0.604567 0.062667
vt 0.548822 0.092455
vt 0.930862 0.180304
vt 0.599477 0.272429
vt 0.571201 0.312073
vt 0.100577 0.863562
vt 0.100577 0.801034
vt 0.119161 0.855721
vt 0.092291 0.802187
vt 0.618619 -0.000000
vt 0.655585 0.042217
vt 0.619879 0.104644
vt 0.557109 0.115173
vt 0.694112 0.034219
vt 0.715766 0.093584
vt 0.675591 0.097063
vt 0.618693 0.371688
vt 0.555898 0.365460
vt 0.136153 0.840214
vt 0.100577 0.824905
vt 0.517928 0.307498
vt 0.501365 0.365284
vt 0.680190 0.383019
vt 0.618693 0.416847
vt 0.555898 0.424463
vt 0.148967 0.819403
vt 0.100577 0.849395
vt 0.675592 0.156188
vt 0.619878 0.149896
vt 0.501365 0.429148
vt 0.680190 0.407459
vt 0.557109 0.139663
vt 0.715766 0.157580
vt 0.092291 0.871929
vt 0.655585 0.210590
vt 0.604566 0.191534
vt 0.571201 0.480099
vt 0.517929 0.489369
vt 0.686529 0.430504
vt 0.630406 0.459429
vt 0.548822 0.162197
vt 0.694112 0.216465
vt 0.155653 0.796456
vt 0.698241 0.448647
vt 0.652048 0.492951
vt 0.576274 0.223218
vt 0.533510 0.179345
vt 0.654100 0.261273
vt 0.618619 0.251988
vt 0.599478 0.523898
vt 0.155192 0.774866
vt 0.076979 0.889077
vt 0.548535 0.536777
vt 0.539307 0.240126
vt 0.513504 0.188495
vt 0.012466 0.098807
vt 0.044491 0.043471
vt 0.083919 0.066596
vt 0.048893 0.120172
vt 0.680324 0.512311
vt 0.636422 0.549193
vt 0.126944 0.258779
vt 0.111330 0.271972
vt 0.056973 0.898227
vt -0.000000 0.160617
vt 0.027880 0.176969
vt 0.091198 0.003032
vt 0.127624 0.024397
vt 0.713544 0.459124
vt 0.103732 0.290295
vt 0.035318 0.897987
vt 0.093339 0.152048
vt 0.061897 0.201366
vt 0.172070 0.056273
vt 0.132027 0.101099
vt 0.057750 0.262267
vt 0.043711 0.296125
vt 0.499295 0.239682
vt 0.491850 0.188255
vt 0.173356 -0.000000
vt 0.207374 0.024397
vt 0.139038 0.189583
vt 0.096874 0.230094
vt 0.217769 0.093808
vt 0.181491 0.141726
vt 0.105307 0.310961
vt 0.046621 0.334310
vt 0.042488 0.241544
vt 0.061417 0.257092
vt 0.242350 0.053125
vt 0.015312 0.888393
vt 0.828351 0.779406
vt 0.767283 0.763521
vt 0.778854 0.729765
vt 0.834612 0.761138
vt 0.224781 0.182293
vt 0.179032 0.227062
vt -0.000000 0.365544
vt 0.066037 0.371008
vt 0.025368 0.413492
vt 0.115815 0.330822
vt 0.000000 0.870906
vt 0.127484 0.258779
vt 0.257764 0.131287
vt 0.255306 0.216623
vt 0.207234 0.258779
vt 0.099003 0.400633
vt 0.068440 0.452199
vt 0.133656 0.346855
vt 0.779587 0.839277
vt 0.779587 0.779406
vt 0.799940 0.788319
vt 0.733117 0.689177
vt 0.767971 0.648403
vt 0.805530 0.698558
vt -0.000000 0.451806
vt 0.046621 0.493702
vt 0.849049 0.744248
vt 0.818248 0.804098
vt 0.817255 0.617166
vt 0.843250 0.674651
vt 0.122659 0.475772
vt 0.105307 0.519217
vt 0.156114 0.356619
vt 0.140500 0.418675
vt 0.869463 0.731310
vt 0.742091 0.601418
vt 0.795435 0.567608
vt 0.179770 0.480621
vt 0.167123 0.524466
vt 0.179770 0.358627
vt 0.184211 0.422386
vt 0.886272 0.661683
vt 0.892747 0.724292
vt 0.856278 0.549269
vt 0.873465 0.600223
vt 0.831723 0.824341
vt 0.928045 0.661629
vt 0.915354 0.724263
vt 0.915354 0.549193
vt 0.928045 0.600153
vt 0.223481 0.411203
vt 0.231079 0.466009
vt 0.000000 0.801164
vt 0.733117 0.849394
vt 0.736655 0.786493
vt 0.779587 0.779406
vt 0.779587 0.841723
vt 0.321757 0.958956
vt 0.285967 0.931569
vt 0.327029 0.890855
vt 0.346399 0.905677
vt 0.405158 0.732253
vt 0.422344 0.715121
vt 0.468357 0.739129
vt 0.436601 0.770785
vt 0.305035 0.259383
vt 0.314970 0.216509
vt 0.378239 0.226022
vt 0.367486 0.272429
vt 0.304525 1.000000
vt 0.257764 0.964216
vt 0.095380 0.692353
vt 0.073001 0.702050
vt 0.059032 0.639677
vt 0.405327 0.832553
vt 0.395141 0.893921
vt 0.372778 0.884499
vt 0.538188 0.846148
vt 0.505017 0.846148
vt 0.501364 0.782550
vt 0.544705 0.782550
vt 0.437941 0.222233
vt 0.428006 0.265108
vt 0.321608 0.161345
vt 0.385424 0.166313
vt 0.444579 0.167069
vt 0.490066 0.163499
vt 0.484985 0.205719
vt 0.048778 0.702465
vt 0.419346 0.893974
vt 0.257764 0.195142
vt 0.262845 0.152921
vt 0.263496 0.892852
vt 0.314868 0.869902
vt 0.431557 0.692737
vt 0.485379 0.697768
vt 0.441709 0.884650
vt 0.264629 0.107722
vt 0.323939 0.102289
vt 0.387947 0.102392
vt 0.446910 0.108014
vt 0.257764 0.848701
vt 0.311766 0.846008
vt 0.431392 0.668508
vt 0.485074 0.653000
vt 0.491850 0.118300
vt 0.026398 0.693536
vt 0.385424 0.043991
vt 0.444579 0.054058
vt 0.269644 0.805837
vt 0.318195 0.822810
vt 0.421875 0.646124
vt 0.467490 0.611639
vt 0.321608 0.048334
vt 0.490066 0.077004
vt 0.009270 0.676621
vt 0.458825 0.867368
vt 0.262845 0.066426
vt 0.404456 0.628992
vt 0.435303 0.579983
vt 0.314970 0.007692
vt 0.378239 -0.000000
vt 0.378252 0.272429
vt 0.382814 0.317267
vt 0.320856 0.325966
vt 0.317365 0.291649
vt 0.000000 0.654297
vt 0.468088 0.844759
vt 0.257764 0.035320
vt 0.441263 0.272429
vt 0.446200 0.320961
vt 0.297327 0.770785
vt 0.333177 0.803840
vt 0.379780 0.373035
vt 0.318533 0.368650
vt 0.000000 0.629961
vt 0.468088 0.820266
vt 0.393413 0.562851
vt 0.402514 0.520513
vt 0.457245 0.542898
vt 0.442916 0.381325
vt 0.268502 0.368835
vt 0.269758 0.345735
vt 0.381785 0.619720
vt 0.501364 0.336487
vt 0.498330 0.392255
vt 0.458825 0.797617
vt 0.348198 0.562851
vt 0.343438 0.520513
vt 0.431910 0.444330
vt 0.369611 0.431244
vt 0.310751 0.413201
vt 0.264290 0.392946
vt 0.357315 0.619720
vt 0.488162 0.450464
vt 0.009270 0.607318
vt 0.298693 0.452837
vt 0.257764 0.414397
vt 0.334771 0.628992
vt 0.306542 0.579983
vt 0.472407 0.502252
vt 0.414857 0.500384
vt 0.353857 0.483032
vt 0.026398 0.589816
vt 0.441709 0.780260
vt 0.289011 0.542898
vt 0.317584 0.646124
vt 0.274785 0.611640
vt 0.723991 0.724837
vt 0.673385 0.716921
vt 0.678342 0.653210
vt 0.733117 0.661778
vt 0.334915 0.520513
vt 0.284195 0.481524
vt 0.048778 0.580120
vt 0.419346 0.770838
vt 0.699412 0.782550
vt 0.660680 0.776491
vt 0.674797 0.595059
vt 0.725403 0.602975
vt 0.002447 0.550362
vt 0.043799 0.532445
vt 0.073001 0.579704
vt 0.395141 0.770785
vt 0.615936 0.774364
vt 0.614924 0.714141
vt 0.615064 0.650201
vt 0.616336 0.592279
vt 0.088557 0.531678
vt 0.308372 0.668508
vt 0.257764 0.653000
vt 0.618545 0.549193
vt 0.663289 0.551320
vt 0.571992 0.776491
vt 0.557508 0.716921
vt 0.552918 0.653210
vt 0.558920 0.595059
vt 0.129909 0.548177
vt 0.095380 0.588634
vt 0.308537 0.692737
vt 0.258069 0.697768
vt 0.574602 0.551320
vt 0.372778 0.780109
vt 0.318054 0.715121
vt 0.275653 0.739129
vt 0.509879 0.724837
vt 0.501364 0.661778
vt 0.157362 0.524466
vt 0.198713 0.565301
vt 0.161558 0.579431
vt 0.112509 0.605548
vt 0.355662 0.797391
vt 0.535539 0.782550
vt 0.511291 0.602975
vt 0.931543 0.413461
vt 0.887624 0.395795
vt 0.895530 0.334506
vt 0.943068 0.353628
vt 0.221093 0.619197
vt 0.178687 0.620681
vt 0.121779 0.627873
vt 0.346399 0.819999
vt 0.901760 0.470048
vt 0.868146 0.456527
vt 0.890662 0.281990
vt 0.934582 0.299656
vt 0.335473 0.732253
vt 0.307840 0.770785
vt 0.346399 0.844493
vt 0.825499 0.449209
vt 0.831902 0.386235
vt 0.835218 0.324158
vt 0.834941 0.272429
vt 0.178687 0.665648
vt 0.121779 0.652209
vt 0.840063 0.507455
vt 0.816982 0.503495
vt 0.221093 0.677949
vt 0.771313 0.324158
vt 0.775900 0.272429
vt 0.161558 0.707486
vt 0.112509 0.674851
vt 0.792527 0.503495
vt 0.780311 0.449210
vt 0.772862 0.386235
vt 0.198713 0.732613
vt 0.355662 0.867142
vt 0.770420 0.507455
vt 0.739462 0.456527
vt 0.719490 0.395795
vt 0.713544 0.334506
vt 0.157362 0.774866
vt 0.129909 0.739825
vt 0.722529 0.281990
s 0
usemtl Pipe_Metal
f 2567/5107/1498 2566/5108/1498 2459/5109/1498 2460/5110/1498
f 2458/5111/1499 2568/5112/1499 2464/5113/1499 2465/5114/1499
f 2457/5115/1500 2456/5116/1500 2462/5117/1500 2463/5118/1500
f 2455/5119/1501 2567/5120/1501 2460/5121/1501 2461/5122/1501
f 2566/5123/1502 2516/5124/1502 2459/5125/1502
f 2515/5126/1503 2458/5127/1503 2465/5128/1503
f 2568/5129/1504 2457/5115/1504 2463/5118/1504 2464/5130/1504
f 2456/5116/1505 2455/5119/1505 2461/5122/1505 2462/5117/1505
f 2463/5118/1506 2462/5117/1506 2469/5131/1506 2470/5132/1506
f 2461/5122/1507 2460/5121/1507 2467/5133/1507 2468/5134/1507
f 2459/5125/1508 2516/5124/1508 2466/5135/1508
f 2515/5126/1509 2465/5128/1509 2472/5136/1509
f 2464/5130/1510 2463/5118/1510 2470/5132/1510 2471/5137/1510
f 2462/5117/1511 2461/5122/1511 2468/5134/1511 2469/5131/1511
f 2460/5110/1512 2459/5109/1512 2466/5138/1512 2467/5139/1512
f 2465/5140/1513 2464/5141/1513 2471/5142/1513 2472/5143/1513
f 2515/5126/1514 2472/5136/1514 2479/5144/1514
f 2471/5137/1515 2470/5132/1515 2477/5145/1515 2478/5146/1515
f 2469/5131/1516 2468/5134/1516 2475/5147/1516 2476/5148/1516
f 2467/5149/1517 2466/5150/1517 2473/5151/1517 2474/5152/1517
f 2472/5143/1518 2471/5142/1518 2478/5153/1518 2479/5154/1518
f 2470/5132/1519 2469/5131/1519 2476/5148/1519 2477/5145/1519
f 2468/5134/1520 2467/5133/1520 2474/5155/1520 2475/5147/1520
f 2466/5135/1521 2516/5124/1521 2473/5156/1521
f 2476/5148/1522 2475/5147/1522 2482/5157/1522 2483/5158/1522
f 2474/5152/1523 2473/5151/1523 2480/5159/1523 2481/5160/1523
f 2479/5154/1524 2478/5153/1524 2485/5161/1524 2486/5162/1524
f 2477/5145/1525 2476/5148/1525 2483/5158/1525 2484/5163/1525
f 2475/5164/1526 2474/5152/1526 2481/5160/1526 2482/5165/1526
f 2473/5166/1527 2516/5167/1527 2480/5168/1527
f 2515/5126/1528 2479/5144/1528 2486/5169/1528
f 2478/5153/1529 2477/5170/1529 2484/5171/1529 2485/5161/1529
f 2486/5162/1530 2485/5161/1530 2492/5172/1530 2493/5173/1530
f 2484/5171/1531 2483/5174/1531 2490/5175/1531 2491/5176/1531
f 2482/5165/1532 2481/5160/1532 2488/5177/1532 2489/5178/1532
f 2480/5168/1533 2516/5167/1533 2487/5179/1533
f 2515/5126/1534 2486/5169/1534 2493/5180/1534
f 2485/5161/1535 2484/5171/1535 2491/5176/1535 2492/5172/1535
f 2483/5181/1536 2482/5165/1536 2489/5178/1536 2490/5182/1536
f 2481/5160/1537 2480/5159/1537 2487/5183/1537 2488/5177/1537
f 2489/5178/1538 2488/5177/1538 2495/5184/1538 2496/5185/1538
f 2487/5179/1539 2516/5167/1539 2494/5186/1539
f 2515/5126/1540 2493/5180/1540 2500/5187/1540
f 2492/5172/1541 2491/5176/1541 2498/5188/1541 2499/5189/1541
f 2490/5182/1542 2489/5178/1542 2496/5185/1542 2497/5190/1542
f 2488/5177/1543 2487/5183/1543 2494/5191/1543 2495/5184/1543
f 2493/5173/1544 2492/5172/1544 2499/5189/1544 2500/5192/1544
f 2491/5176/1545 2490/5175/1545 2497/5193/1545 2498/5188/1545
f 2515/5126/1546 2500/5187/1546 2507/5194/1546
f 2499/5189/1547 2498/5188/1547 2505/5195/1547 2506/5196/1547
f 2497/5190/1548 2496/5185/1548 2503/5197/1548 2504/5198/1548
f 2495/5184/1549 2494/5191/1549 2501/5199/1549 2502/5200/1549
f 2500/5192/1550 2499/5189/1550 2506/5196/1550 2507/5201/1550
f 2498/5188/1551 2497/5193/1551 2504/5202/1551 2505/5195/1551
f 2496/5185/1552 2495/5184/1552 2502/5200/1552 2503/5197/1552
f 2494/5186/1553 2516/5167/1553 2501/5203/1553
f 2502/5200/1554 2501/5199/1554 2508/5204/1554 2509/5205/1554
f 2507/5201/1555 2506/5196/1555 2513/5206/1555 2514/5207/1555
f 2505/5195/1556 2504/5202/1556 2511/5208/1556 2512/5209/1556
f 2503/5197/1557 2502/5200/1557 2509/5205/1557 2510/5210/1557
f 2501/5203/1558 2516/5167/1558 2508/5211/1558
f 2515/5126/1559 2507/5194/1559 2514/5212/1559
f 2506/5196/1560 2505/5195/1560 2512/5209/1560 2513/5206/1560
f 2504/5198/1561 2503/5197/1561 2510/5210/1561 2511/5213/1561
f 2514/5207/1562 2513/5206/1562 2522/5214/1562 2523/5215/1562
f 2512/5216/1563 2511/5217/1563 2520/5218/1563 2521/5219/1563
f 2510/5210/1564 2509/5205/1564 2518/5220/1564 2519/5221/1564
f 2508/5222/1565 2516/5124/1565 2517/5223/1565
f 2515/5126/1566 2514/5212/1566 2523/5224/1566
f 2513/5225/1567 2512/5216/1567 2521/5219/1567 2522/5226/1567
f 2511/5217/1568 2510/5227/1568 2519/5228/1568 2520/5218/1568
f 2509/5205/1569 2508/5204/1569 2517/5229/1569 2518/5220/1569
f 2517/5223/1570 2516/5124/1570 2524/5230/1570
f 2515/5126/1571 2523/5224/1571 2530/5231/1571
f 2522/5226/1572 2521/5219/1572 2528/5232/1572 2529/5233/1572
f 2520/5218/1573 2519/5228/1573 2526/5234/1573 2527/5235/1573
f 2518/5236/1574 2517/5223/1574 2524/5230/1574 2525/5237/1574
f 2523/5215/1575 2522/5214/1575 2529/5238/1575 2530/5239/1575
f 2521/5219/1576 2520/5218/1576 2527/5235/1576 2528/5232/1576
f 2519/5228/1577 2518/5240/1577 2525/5241/1577 2526/5234/1577
f 2529/5233/1578 2528/5232/1578 2535/5242/1578 2536/5243/1578
f 2527/5235/1579 2526/5234/1579 2533/5244/1579 2534/5245/1579
f 2525/5237/1580 2524/5230/1580 2531/5246/1580 2532/5247/1580
f 2530/5248/1581 2529/5233/1581 2536/5243/1581 2537/5249/1581
f 2528/5232/1582 2527/5235/1582 2534/5245/1582 2535/5242/1582
f 2526/5234/1583 2525/5241/1583 2532/5250/1583 2533/5244/1583
f 2524/5230/1584 2516/5124/1584 2531/5246/1584
f 2515/5126/1585 2530/5231/1585 2537/5251/1585
f 2537/5252/1586 2536/5253/1586 2543/5254/1586 2544/5255/1586
f 2535/5242/1587 2534/5245/1587 2541/5256/1587 2542/5257/1587
f 2533/5258/1588 2532/5247/1588 2539/5259/1588 2540/5260/1588
f 2531/5246/1589 2516/5124/1589 2538/5261/1589
f 2515/5126/1590 2537/5251/1590 2544/5262/1590
f 2536/5243/1591 2535/5242/1591 2542/5257/1591 2543/5263/1591
f 2534/5245/1592 2533/5244/1592 2540/5264/1592 2541/5256/1592
f 2532/5247/1593 2531/5246/1593 2538/5261/1593 2539/5259/1593
f 2542/5257/1594 2541/5256/1594 2548/5265/1594 2549/5266/1594
f 2540/5260/1595 2539/5259/1595 2546/5267/1595 2547/5268/1595
f 2538/5261/1596 2516/5124/1596 2545/5269/1596
f 2515/5270/1597 2544/5271/1597 2551/5272/1597
f 2543/5254/1598 2542/5273/1598 2549/5274/1598 2550/5275/1598
f 2541/5276/1599 2540/5260/1599 2547/5268/1599 2548/5277/1599
f 2539/5259/1600 2538/5261/1600 2545/5269/1600 2546/5267/1600
f 2544/5255/1601 2543/5254/1601 2550/5275/1601 2551/5278/1601
f 2515/5270/1602 2551/5272/1602 2558/5279/1602
f 2550/5275/1603 2549/5274/1603 2556/5280/1603 2557/5281/1603
f 2548/5277/1604 2547/5268/1604 2554/5282/1604 2555/5283/1604
f 2546/5267/1605 2545/5269/1605 2552/5284/1605 2553/5285/1605
f 2551/5278/1606 2550/5275/1606 2557/5281/1606 2558/5286/1606
f 2549/5274/1607 2548/5287/1607 2555/5288/1607 2556/5280/1607
f 2547/5268/1608 2546/5267/1608 2553/5285/1608 2554/5282/1608
f 2545/5269/1609 2516/5124/1609 2552/5284/1609
f 2555/5283/1610 2554/5282/1610 2561/5289/1610 2562/5290/1610
f 2553/5285/1611 2552/5284/1611 2559/5291/1611 2560/5292/1611
f 2558/5286/1612 2557/5281/1612 2564/5293/1612 2565/5294/1612
f 2556/5280/1613 2555/5288/1613 2562/5295/1613 2563/5296/1613
f 2554/5282/1614 2553/5285/1614 2560/5292/1614 2561/5289/1614
f 2552/5284/1615 2516/5124/1615 2559/5291/1615
f 2515/5270/1616 2558/5279/1616 2565/5297/1616
f 2557/5281/1617 2556/5280/1617 2563/5296/1617 2564/5293/1617
f 2565/5294/1618 2564/5293/1618 2568/5298/1618 2458/5299/1618
f 2563/5296/1619 2562/5295/1619 2456/5300/1619 2457/5301/1619
f 2561/5289/1620 2560/5292/1620 2567/5302/1620 2455/5303/1620
f 2559/5291/1621 2516/5124/1621 2566/5123/1621
f 2515/5126/1622 2565/5304/1622 2458/5127/1622
f 2564/5293/1623 2563/5296/1623 2457/5301/1623 2568/5298/1623
f 2562/5305/1624 2561/5306/1624 2455/5307/1624 2456/5308/1624
f 2560/5292/1625 2559/5291/1625 2566/5123/1625 2567/5302/1625
f 2681/5309/1626 2574/5310/1626 2573/5311/1626 2680/5312/1626
f 2572/5313/1627 2579/5314/1627 2578/5315/1627 2682/5316/1627
f 2571/5317/1628 2577/5318/1628 2576/5319/1628 2570/5320/1628
f 2569/5321/1629 2575/5322/1629 2574/5310/1629 2681/5309/1629
f 2680/5323/1630 2573/5324/1630 2630/5325/1630
f 2629/5326/1631 2579/5327/1631 2572/5328/1631
f 2682/5329/1632 2578/5330/1632 2577/5331/1632 2571/5332/1632
f 2570/5320/1633 2576/5319/1633 2575/5333/1633 2569/5334/1633
f 2577/5318/1634 2584/5335/1634 2583/5336/1634 2576/5319/1634
f 2575/5333/1635 2582/5337/1635 2581/5338/1635 2574/5339/1635
f 2573/5324/1636 2580/5340/1636 2630/5325/1636
f 2629/5326/1637 2586/5341/1637 2579/5327/1637
f 2578/5342/1638 2585/5343/1638 2584/5335/1638 2577/5318/1638
f 2576/5319/1639 2583/5336/1639 2582/5337/1639 2575/5333/1639
f 2574/5310/1640 2581/5344/1640 2580/5345/1640 2573/5311/1640
f 2579/5314/1641 2586/5346/1641 2585/5347/1641 2578/5315/1641
f 2629/5326/1642 2593/5348/1642 2586/5341/1642
f 2585/5343/1643 2592/5349/1643 2591/5350/1643 2584/5335/1643
f 2583/5336/1644 2590/5351/1644 2589/5352/1644 2582/5337/1644
f 2581/5344/1645 2588/5353/1645 2587/5354/1645 2580/5345/1645
f 2586/5346/1646 2593/5355/1646 2592/5356/1646 2585/5347/1646
f 2584/5335/1647 2591/5350/1647 2590/5351/1647 2583/5336/1647
f 2582/5337/1648 2589/5352/1648 2588/5357/1648 2581/5338/1648
f 2580/5340/1649 2587/5358/1649 2630/5325/1649
f 2590/5351/1650 2597/5359/1650 2596/5360/1650 2589/5352/1650
f 2588/5353/1651 2595/5361/1651 2594/5362/1651 2587/5354/1651
f 2593/5355/1652 2600/5363/1652 2599/5364/1652 2592/5356/1652
f 2591/5350/1653 2598/5365/1653 2597/5359/1653 2590/5351/1653
f 2589/5352/1654 2596/5360/1654 2595/5366/1654 2588/5357/1654
f 2587/5358/1655 2594/5367/1655 2630/5325/1655
f 2629/5326/1656 2600/5368/1656 2593/5348/1656
f 2592/5349/1657 2599/5369/1657 2598/5365/1657 2591/5350/1657
f 2600/5363/1658 2607/5370/1658 2606/5371/1658 2599/5364/1658
f 2598/5365/1659 2605/5372/1659 2604/5373/1659 2597/5359/1659
f 2596/5374/1660 2603/5375/1660 2602/5376/1660 2595/5377/1660
f 2594/5367/1661 2601/5378/1661 2630/5325/1661
f 2629/5326/1662 2607/5379/1662 2600/5368/1662
f 2599/5369/1663 2606/5380/1663 2605/5372/1663 2598/5365/1663
f 2597/5381/1664 2604/5382/1664 2603/5375/1664 2596/5374/1664
f 2595/5361/1665 2602/5383/1665 2601/5384/1665 2594/5362/1665
f 2603/5375/1666 2610/5385/1666 2609/5386/1666 2602/5376/1666
f 2601/5378/1667 2608/5387/1667 2630/5325/1667
f 2629/5326/1668 2614/5388/1668 2607/5379/1668
f 2606/5371/1669 2613/5389/1669 2612/5390/1669 2605/5391/1669
f 2604/5382/1670 2611/5392/1670 2610/5385/1670 2603/5375/1670
f 2602/5376/1671 2609/5386/1671 2608/5393/1671 2601/5394/1671
f 2607/5370/1672 2614/5395/1672 2613/5389/1672 2606/5371/1672
f 2605/5396/1673 2612/5397/1673 2611/5392/1673 2604/5382/1673
f 2629/5326/1674 2621/5398/1674 2614/5388/1674
f 2613/5389/1675 2620/5399/1675 2619/5400/1675 2612/5390/1675
f 2611/5392/1676 2618/5401/1676 2617/5402/1676 2610/5385/1676
f 2609/5386/1677 2616/5403/1677 2615/5404/1677 2608/5393/1677
f 2614/5395/1678 2621/5405/1678 2620/5399/1678 2613/5389/1678
f 2612/5397/1679 2619/5406/1679 2618/5401/1679 2611/5392/1679
f 2610/5385/1680 2617/5402/1680 2616/5403/1680 2609/5386/1680
f 2608/5387/1681 2615/5407/1681 2630/5325/1681
f 2616/5403/1682 2623/5408/1682 2622/5409/1682 2615/5404/1682
f 2621/5405/1683 2628/5410/1683 2627/5411/1683 2620/5399/1683
f 2619/5406/1684 2626/5412/1684 2625/5413/1684 2618/5401/1684
f 2617/5402/1685 2624/5414/1685 2623/5408/1685 2616/5403/1685
f 2615/5407/1686 2622/5415/1686 2630/5325/1686
f 2629/5326/1687 2628/5416/1687 2621/5398/1687
f 2620/5399/1688 2627/5411/1688 2626/5417/1688 2619/5400/1688
f 2618/5401/1689 2625/5413/1689 2624/5414/1689 2617/5402/1689
f 2628/5410/1690 2637/5418/1690 2636/5419/1690 2627/5411/1690
f 2626/5420/1691 2635/5421/1691 2634/5422/1691 2625/5423/1691
f 2624/5414/1692 2633/5424/1692 2632/5425/1692 2623/5408/1692
f 2622/5415/1693 2631/5426/1693 2630/5325/1693
f 2629/5326/1694 2637/5427/1694 2628/5416/1694
f 2627/5428/1695 2636/5429/1695 2635/5421/1695 2626/5420/1695
f 2625/5423/1696 2634/5422/1696 2633/5430/1696 2624/5431/1696
f 2623/5432/1697 2632/5433/1697 2631/5426/1697 2622/5415/1697
f 2631/5426/1698 2638/5434/1698 2630/5325/1698
f 2629/5326/1699 2644/5435/1699 2637/5427/1699
f 2636/5429/1700 2643/5436/1700 2642/5437/1700 2635/5421/1700
f 2634/5422/1701 2641/5438/1701 2640/5439/1701 2633/5430/1701
f 2632/5433/1702 2639/5440/1702 2638/5434/1702 2631/5426/1702
f 2637/5418/1703 2644/5441/1703 2643/5442/1703 2636/5419/1703
f 2635/5421/1704 2642/5437/1704 2641/5438/1704 2634/5422/1704
f 2633/5430/1705 2640/5439/1705 2639/5443/1705 2632/5444/1705
f 2643/5436/1706 2650/5445/1706 2649/5446/1706 2642/5437/1706
f 2641/5438/1707 2648/5447/1707 2647/5448/1707 2640/5439/1707
f 2639/5440/1708 2646/5449/1708 2645/5450/1708 2638/5434/1708
f 2644/5441/1709 2651/5451/1709 2650/5452/1709 2643/5442/1709
f 2642/5437/1710 2649/5446/1710 2648/5447/1710 2641/5438/1710
f 2640/5439/1711 2647/5448/1711 2646/5453/1711 2639/5443/1711
f 2638/5434/1712 2645/5450/1712 2630/5325/1712
f 2629/5326/1713 2651/5454/1713 2644/5435/1713
f 2651/5451/1714 2658/5455/1714 2657/5456/1714 2650/5452/1714
f 2649/5446/1715 2656/5457/1715 2655/5458/1715 2648/5447/1715
f 2647/5459/1716 2654/5460/1716 2653/5461/1716 2646/5449/1716
f 2645/5450/1717 2652/5462/1717 2630/5325/1717
f 2629/5326/1718 2658/5463/1718 2651/5454/1718
f 2650/5445/1719 2657/5464/1719 2656/5457/1719 2649/5446/1719
f 2648/5447/1720 2655/5458/1720 2654/5465/1720 2647/5448/1720
f 2646/5449/1721 2653/5461/1721 2652/5462/1721 2645/5450/1721
f 2656/5466/1722 2663/5467/1722 2662/5468/1722 2655/5469/1722
f 2654/5460/1723 2661/5470/1723 2660/5471/1723 2653/5461/1723
f 2652/5462/1724 2659/5472/1724 2630/5325/1724
f 2629/5326/1725 2665/5473/1725 2658/5463/1725
f 2657/5474/1726 2664/5475/1726 2663/5467/1726 2656/5466/1726
f 2655/5469/1727 2662/5468/1727 2661/5476/1727 2654/5477/1727
f 2653/5461/1728 2660/5471/1728 2659/5472/1728 2652/5462/1728
f 2658/5455/1729 2665/5478/1729 2664/5479/1729 2657/5456/1729
f 2629/5326/1730 2672/5480/1730 2665/5473/1730
f 2664/5475/1731 2671/5481/1731 2670/5482/1731 2663/5467/1731
f 2662/5468/1732 2669/5483/1732 2668/5484/1732 2661/5476/1732
f 2660/5471/1733 2667/5485/1733 2666/5486/1733 2659/5472/1733
f 2665/5487/1734 2672/5488/1734 2671/5481/1734 2664/5475/1734
f 2663/5467/1735 2670/5482/1735 2669/5483/1735 2662/5468/1735
f 2661/5470/1736 2668/5489/1736 2667/5485/1736 2660/5471/1736
f 2659/5472/1737 2666/5486/1737 2630/5325/1737
f 2669/5483/1738 2676/5490/1738 2675/5491/1738 2668/5484/1738
f 2667/5485/1739 2674/5492/1739 2673/5493/1739 2666/5486/1739
f 2672/5488/1740 2679/5494/1740 2678/5495/1740 2671/5481/1740
f 2670/5482/1741 2677/5496/1741 2676/5490/1741 2669/5483/1741
f 2668/5489/1742 2675/5497/1742 2674/5492/1742 2667/5485/1742
f 2666/5486/1743 2673/5493/1743 2630/5325/1743
f 2629/5326/1744 2679/5498/1744 2672/5480/1744
f 2671/5481/1745 2678/5495/1745 2677/5496/1745 2670/5482/1745
f 2679/5494/1746 2572/5499/1746 2682/5500/1746 2678/5495/1746
f 2677/5496/1747 2571/5501/1747 2570/5502/1747 2676/5490/1747
f 2675/5497/1748 2569/5503/1748 2681/5504/1748 2674/5492/1748
f 2673/5493/1749 2680/5323/1749 2630/5325/1749
f 2629/5326/1750 2572/5328/1750 2679/5498/1750
f 2678/5495/1751 2682/5500/1751 2571/5501/1751 2677/5496/1751
f 2676/5490/1752 2570/5502/1752 2569/5505/1752 2675/5491/1752
f 2674/5492/1753 2681/5504/1753 2680/5323/1753 2673/5493/1753
o shoulder_bone
v 6.926448 -1.416223 -1.871421
v 5.386651 2.055404 -4.748624
v 7.072104 -1.444458 -1.983440
v 5.532306 2.027169 -4.860643
v 7.244431 -1.423030 -2.049810
v 5.704633 2.048597 -4.927013
v 7.417196 -1.355202 -2.060428
v 5.877398 2.116425 -4.937631
v 7.564095 -1.251300 -2.013676
v 6.024297 2.220328 -4.890879
v 7.662766 -1.127141 -1.916672
v 6.122968 2.344486 -4.793875
v 7.698185 -1.001629 -1.784184
v 6.158388 2.469999 -4.661387
v 7.664962 -0.893870 -1.636383
v 6.125165 2.577757 -4.513586
v 7.568153 -0.820271 -1.495770
v 6.028356 2.651356 -4.372972
v 7.422498 -0.792036 -1.383750
v 5.882700 2.679591 -4.260953
v 7.250171 -0.813464 -1.317380
v 5.710373 2.658164 -4.194583
v 7.077406 -0.881292 -1.306763
v 5.537609 2.590336 -4.183966
v 6.930507 -0.985194 -1.353515
v 5.390709 2.486433 -4.230718
v 6.831836 -1.109353 -1.450519
v 5.292038 2.362275 -4.327722
v 6.796417 -1.234865 -1.583006
v 5.256619 2.236762 -4.460209
v 6.829640 -1.342624 -1.730808
v 5.289842 2.129004 -4.608010
v -6.926447 -1.416218 -1.871421
v -5.386646 2.055408 -4.748624
v -7.072102 -1.444453 -1.983440
v -5.532302 2.027173 -4.860642
v -7.244430 -1.423025 -2.049809
v -5.704629 2.048601 -4.927012
v -7.417195 -1.355197 -2.060427
v -5.877394 2.116429 -4.937630
v -7.564094 -1.251295 -2.013676
v -6.024293 2.220332 -4.890878
v -7.662765 -1.127135 -1.916671
v -6.122963 2.344491 -4.793874
v -7.698184 -1.001623 -1.784184
v -6.158383 2.470003 -4.661386
v -7.664960 -0.893865 -1.636382
v -6.125160 2.577761 -4.513585
v -7.568152 -0.820266 -1.495768
v -6.028351 2.651360 -4.372972
v -7.422496 -0.792030 -1.383749
v -5.882696 2.679595 -4.260952
v -7.250169 -0.813459 -1.317380
v -5.710368 2.658168 -4.194582
v -7.077404 -0.881287 -1.306762
v -5.537604 2.590339 -4.183965
v -6.930505 -0.985189 -1.353514
v -5.390705 2.486437 -4.230717
v -6.831835 -1.109348 -1.450518
v -5.292034 2.362278 -4.327721
v -6.796416 -1.234860 -1.583006
v -5.256615 2.236766 -4.460208
v -6.829638 -1.342619 -1.730807
v -5.289838 2.129007 -4.608010
vn -0.5308 -0.6679 -0.5218
vn -0.1905 -0.6751 -0.7127
vn 0.1787 -0.5796 -0.7950
vn 0.5207 -0.3959 -0.7564
vn 0.7835 -0.1519 -0.6026
vn 0.9270 0.1153 -0.3570
vn 0.9293 0.3649 -0.0571
vn 0.7902 0.5589 0.2515
vn 0.5308 0.6679 0.5218
vn 0.1905 0.6751 0.7127
vn -0.1787 0.5796 0.7950
vn -0.5207 0.3959 0.7564
vn -0.7835 0.1519 0.6026
vn -0.9270 -0.1153 0.3570
vn -0.3232 0.7286 -0.6039
vn -0.9293 -0.3649 0.0571
vn -0.7902 -0.5589 -0.2515
vn 0.3232 -0.7286 0.6039
vn 0.5308 -0.6679 -0.5218
vn 0.1905 -0.6751 -0.7127
vn -0.1787 -0.5796 -0.7950
vn -0.5207 -0.3959 -0.7564
vn -0.7835 -0.1519 -0.6026
vn -0.9270 0.1153 -0.3570
vn -0.9293 0.3649 -0.0571
vn -0.7902 0.5589 0.2515
vn -0.5308 0.6679 0.5218
vn -0.1905 0.6751 0.7127
vn 0.1787 0.5796 0.7950
vn 0.5207 0.3959 0.7564
vn 0.7835 0.1519 0.6026
vn 0.9270 -0.1153 0.3570
vn 0.3232 0.7286 -0.6039
vn 0.9293 -0.3649 0.0571
vn 0.7902 -0.5589 -0.2515
vn -0.3232 -0.7286 0.6039
vt 0.289684 0.744461
vt 0.286020 0.075556
vt 0.338984 0.084179
vt 0.338530 0.751319
vt 0.391871 0.094587
vt 0.387433 0.760393
vt 0.444676 0.106907
vt 0.436375 0.771534
vt 0.497382 0.121215
vt 0.485352 0.784683
vt 0.549952 0.137545
vt 0.534368 0.799822
vt 0.602338 0.155875
vt 0.583445 0.816934
vt 0.654478 0.176119
vt 0.632613 0.835971
vt 0.706307 0.198107
vt 0.681921 0.856832
vt 0.757759 0.221569
vt 0.731430 0.879341
vt 0.808791 0.245941
vt 0.781215 0.903213
vt 0.859363 0.271161
vt 0.831344 0.928056
vt 0.045349 0.727258
vt 0.028407 0.115037
vt 0.072966 0.050766
vt 0.095690 0.751042
vt 0.126504 0.057203
vt 0.143842 0.741977
vt 0.179812 0.062638
vt 0.192286 0.738955
vt 0.840528 0.198829
vt 0.886971 0.259490
vt 0.922539 0.361389
vt 0.942016 0.490304
vt 0.942193 0.617943
vt 0.922575 0.740219
vt 0.878016 0.804490
vt 0.828242 0.837858
vt 0.776469 0.822558
vt 0.730814 0.759962
vt 0.697207 0.659502
vt 0.680974 0.537447
vt 0.684023 0.409243
vt 0.706204 0.297327
vt 0.744218 0.219462
vt 0.791431 0.188046
vt 0.232970 0.068506
vt 0.240921 0.740139
vt 0.926342 0.707844
vt 0.889874 0.798410
vt 0.843103 0.844318
vt 0.792801 0.840362
vt 0.745039 0.787076
vt 0.708350 0.693486
vt 0.688313 0.574897
vt 0.687957 0.450908
vt 0.702032 0.336357
vt 0.734186 0.245493
vt 0.779405 0.195596
vt 0.830505 0.196008
vt 0.880847 0.219792
vt 0.918862 0.319445
vt 0.942444 0.445242
vt 0.947183 0.583546
vt 0.365175 0.154187
vt 0.392832 0.127410
vt 0.364917 0.843505
vt 0.337818 0.865155
vt 0.409957 0.095336
vt 0.381765 0.814791
vt 0.426814 0.062924
vt 0.398419 0.785510
vt 0.453944 0.034756
vt 0.425431 0.762555
vt 0.490683 0.015189
vt 0.462255 0.750172
vt 0.532520 0.007014
vt 0.504474 0.751015
vt 0.574333 0.010190
vt 0.545789 0.765193
vt 0.609950 0.024935
vt 0.580690 0.793123
vt 0.634764 0.048226
vt 0.605539 0.828165
vt 0.649215 0.081835
vt 0.620068 0.865325
vt 0.663409 0.115402
vt 0.634254 0.897989
vt 0.148582 0.180431
vt 0.204372 0.152001
vt 0.183693 0.848396
vt 0.149261 0.804122
vt 0.241286 0.168890
vt 0.218725 0.867830
vt 0.284428 0.175629
vt 0.259645 0.877746
vt 0.068196 1.000000
vt 0.035432 0.991823
vt 0.011797 0.969560
vt -0.000000 0.936390
vt 0.001185 0.897484
vt 0.015177 0.859457
vt 0.040873 0.829514
vt 0.076724 0.814182
vt 0.120188 0.814452
vt 0.126725 0.807073
vt 0.188826 0.897552
vt 0.172464 0.939016
vt 0.142638 0.971911
vt 0.105791 0.993056
vt 0.327578 0.170875
vt 0.301264 0.876889
vt 0.116021 0.011363
vt 0.151536 0.036674
vt 0.179913 0.072533
vt 0.197111 0.113857
vt 0.123178 0.181251
vt 0.113825 0.179435
vt 0.067095 0.178080
vt 0.031669 0.161245
vt 0.009451 0.130346
vt 0.000000 0.092163
vt 0.003275 0.054215
vt 0.018768 0.023186
vt 0.044897 0.004142
vt 0.078734 0.000000
s 0
usemtl Hand_Material
f 2683/5506/1754 2684/5507/1754 2686/5508/1754 2685/5509/1754
f 2685/5509/1755 2686/5508/1755 2688/5510/1755 2687/5511/1755
f 2687/5511/1756 2688/5510/1756 2690/5512/1756 2689/5513/1756
f 2689/5513/1757 2690/5512/1757 2692/5514/1757 2691/5515/1757
f 2691/5515/1758 2692/5514/1758 2694/5516/1758 2693/5517/1758
f 2693/5517/1759 2694/5516/1759 2696/5518/1759 2695/5519/1759
f 2695/5519/1760 2696/5518/1760 2698/5520/1760 2697/5521/1760
f 2697/5521/1761 2698/5520/1761 2700/5522/1761 2699/5523/1761
f 2699/5523/1762 2700/5522/1762 2702/5524/1762 2701/5525/1762
f 2701/5525/1763 2702/5524/1763 2704/5526/1763 2703/5527/1763
f 2703/5527/1764 2704/5526/1764 2706/5528/1764 2705/5529/1764
f 2705/5530/1765 2706/5531/1765 2708/5532/1765 2707/5533/1765
f 2707/5533/1766 2708/5532/1766 2710/5534/1766 2709/5535/1766
f 2709/5535/1767 2710/5534/1767 2712/5536/1767 2711/5537/1767
f 2686/5538/1768 2684/5539/1768 2714/5540/1768 2712/5541/1768 2710/5542/1768 2708/5543/1768 2706/5544/1768 2704/5545/1768 2702/5546/1768 2700/5547/1768 2698/5548/1768 2696/5549/1768 2694/5550/1768 2692/5551/1768 2690/5552/1768 2688/5553/1768
f 2711/5537/1769 2712/5536/1769 2714/5554/1769 2713/5555/1769
f 2713/5555/1770 2714/5554/1770 2684/5507/1770 2683/5506/1770
f 2683/5556/1771 2685/5557/1771 2687/5558/1771 2689/5559/1771 2691/5560/1771 2693/5561/1771 2695/5562/1771 2697/5563/1771 2699/5564/1771 2701/5565/1771 2703/5566/1771 2705/5567/1771 2707/5568/1771 2709/5569/1771 2711/5570/1771 2713/5571/1771
f 2715/5572/1772 2717/5573/1772 2718/5574/1772 2716/5575/1772
f 2717/5573/1773 2719/5576/1773 2720/5577/1773 2718/5574/1773
f 2719/5576/1774 2721/5578/1774 2722/5579/1774 2720/5577/1774
f 2721/5578/1775 2723/5580/1775 2724/5581/1775 2722/5579/1775
f 2723/5580/1776 2725/5582/1776 2726/5583/1776 2724/5581/1776
f 2725/5582/1777 2727/5584/1777 2728/5585/1777 2726/5583/1777
f 2727/5584/1778 2729/5586/1778 2730/5587/1778 2728/5585/1778
f 2729/5586/1779 2731/5588/1779 2732/5589/1779 2730/5587/1779
f 2731/5588/1780 2733/5590/1780 2734/5591/1780 2732/5589/1780
f 2733/5590/1781 2735/5592/1781 2736/5593/1781 2734/5591/1781
f 2735/5592/1782 2737/5594/1782 2738/5595/1782 2736/5593/1782
f 2737/5596/1783 2739/5597/1783 2740/5598/1783 2738/5599/1783
f 2739/5597/1784 2741/5600/1784 2742/5601/1784 2740/5598/1784
f 2741/5600/1785 2743/5602/1785 2744/5603/1785 2742/5601/1785
f 2718/5604/1786 2720/5605/1786 2722/5606/1786 2724/5607/1786 2726/5608/1786 2728/5609/1786 2730/5610/1786 2732/5611/1786 2734/5612/1786 2736/5613/1786 2738/5599/1786 2740/5598/1786 2742/5614/1786 2744/5615/1786 2746/5616/1786 2716/5617/1786
f 2743/5602/1787 2745/5618/1787 2746/5619/1787 2744/5603/1787
f 2745/5618/1788 2715/5572/1788 2716/5575/1788 2746/5619/1788
f 2715/5620/1789 2745/5621/1789 2743/5622/1789 2741/5623/1789 2739/5597/1789 2737/5596/1789 2735/5624/1789 2733/5625/1789 2731/5626/1789 2729/5627/1789 2727/5628/1789 2725/5629/1789 2723/5630/1789 2721/5631/1789 2719/5632/1789 2717/5633/1789
o Elbow
v 7.487331 -2.614673 -1.031071
v 7.309399 -2.478681 -0.732647
v 7.159766 -2.220695 -0.508452
v 7.028743 -1.508434 -0.402778
v 7.947206 -2.423720 -1.611518
v 7.902341 -2.541702 -1.260408
v 7.795507 -2.528095 -0.903181
v 7.642965 -2.384970 -0.594220
v 7.467941 -2.134117 -0.380562
v 7.297080 -1.813725 -0.294735
v 7.156394 -1.472573 -0.349804
v 8.066254 -2.346632 -1.595015
v 8.122312 -2.399263 -1.229915
v 8.082911 -2.341989 -0.863339
v 7.954049 -2.183530 -0.551096
v 7.755345 -1.948011 -0.340720
v 7.517049 -1.671286 -0.264241
v 7.275440 -1.395485 -0.333302
v 8.158572 -2.240055 -1.617495
v 8.292895 -2.202333 -1.271453
v 8.305789 -2.084688 -0.917612
v 8.195291 -1.905030 -0.609840
v 7.978223 -1.690710 -0.394993
v 7.687633 -1.474357 -0.305780
v 7.367759 -1.288908 -0.355782
v 8.210109 -2.120213 -1.675537
v 8.388122 -1.980894 -1.378700
v 8.430209 -1.795364 -1.057736
v 8.329963 -1.591868 -0.761509
v 8.102644 -1.401386 -0.535117
v 7.782860 -1.252918 -0.413026
v 7.419296 -1.169066 -0.413823
v 8.213017 -2.005352 -1.760303
v 8.393496 -1.768658 -1.535327
v 8.437230 -1.518064 -1.262380
v 8.337563 -1.291720 -0.983014
v 8.109665 -1.124086 -0.739761
v 7.788234 -1.040681 -0.569653
v 7.422204 -1.054204 -0.498589
v 8.166855 -1.912957 -1.858889
v 8.308198 -1.597935 -1.717489
v 8.325784 -1.295004 -1.500387
v 8.216933 -1.050282 -1.240631
v 7.998218 -0.901026 -0.977768
v 7.702936 -0.869958 -0.751816
v 7.376041 -0.961809 -0.597175
v 8.078649 -1.857096 -1.956285
v 8.145214 -1.494717 -1.897455
v 8.112835 -1.160143 -1.735523
v 7.986439 -0.904309 -1.495140
v 7.785269 -0.766165 -1.212904
v 7.539952 -0.766740 -0.931782
v 7.287836 -0.905948 -0.694571
v 7.961827 -1.846272 -2.037665
v 7.929358 -1.474717 -2.047826
v 7.830804 -1.134012 -1.931992
v 7.681171 -0.876025 -1.707797
v 7.503239 -0.740034 -1.409373
v 7.324096 -0.746740 -1.082152
v 7.171015 -0.895124 -0.775951
v 7.067301 -1.162596 -0.537387
v 7.923270 -2.192110 -1.903056
v 7.834177 -1.882133 -2.090639
v 7.693491 -1.540981 -2.145708
v 7.522629 -1.220590 -2.059882
v 7.347605 -0.969736 -1.846224
v 7.195064 -0.826611 -1.537263
v 7.088229 -0.813004 -1.180035
v 7.043364 -0.930986 -0.828925
v 7.715130 -1.959221 -2.107142
v 7.473521 -1.683420 -2.176202
v 7.235226 -1.406695 -2.099723
v 7.036521 -1.171176 -1.889348
v 6.907660 -1.012717 -1.577104
v 6.868259 -0.955443 -1.210528
v 6.924318 -1.008074 -0.845428
v 7.622811 -2.065799 -2.084661
v 7.302938 -1.880350 -2.134663
v 7.012349 -1.663996 -2.045450
v 6.795280 -1.449676 -1.830603
v 6.684783 -1.270018 -1.522831
v 6.697676 -1.152373 -1.168990
v 6.831999 -1.114651 -0.822948
v 7.571275 -2.185641 -2.026620
v 7.207711 -2.101789 -2.027417
v 6.887928 -1.953320 -1.905326
v 6.660609 -1.762838 -1.678934
v 6.560362 -1.559342 -1.382707
v 6.602449 -1.373812 -1.061743
v 6.780463 -1.234493 -0.764906
v 7.568367 -2.300502 -1.941854
v 7.202337 -2.314025 -1.870790
v 6.880907 -2.230620 -1.700683
v 6.653009 -2.062986 -1.457430
v 6.553341 -1.836642 -1.178064
v 6.597075 -1.586048 -0.905116
v 6.777554 -1.349355 -0.680140
v 7.614530 -2.392897 -1.843268
v 7.287635 -2.484748 -1.688627
v 6.992353 -2.453681 -1.462676
v 6.773639 -2.304425 -1.199813
v 6.664788 -2.059702 -0.940057
v 6.682373 -1.756771 -0.722953
v 6.823717 -1.441749 -0.581554
v 7.702735 -2.448758 -1.745871
v 7.450619 -2.587966 -1.508661
v 7.205302 -2.588542 -1.227539
v 7.004132 -2.450397 -0.945303
v 6.877737 -2.194563 -0.704920
v 6.845357 -1.859989 -0.542988
v 6.911923 -1.497611 -0.484158
v 7.819556 -2.459582 -1.664492
v 7.666475 -2.607965 -1.358291
v 7.061213 -1.879989 -0.392617
v -7.487331 -2.614667 -1.031071
v -7.309398 -2.478676 -0.732647
v -7.159765 -2.220689 -0.508452
v -7.028742 -1.508429 -0.402778
v -7.947206 -2.423714 -1.611518
v -7.902341 -2.541697 -1.260408
v -7.795506 -2.528089 -0.903181
v -7.642965 -2.384964 -0.594220
v -7.467940 -2.134111 -0.380561
v -7.297079 -1.813720 -0.294734
v -7.156393 -1.472568 -0.349804
v -8.066252 -2.346627 -1.595014
v -8.122311 -2.399257 -1.229915
v -8.082910 -2.341983 -0.863339
v -7.954048 -2.183525 -0.551095
v -7.755344 -1.948005 -0.340720
v -7.517049 -1.671281 -0.264241
v -7.275439 -1.395480 -0.333301
v -8.158570 -2.240049 -1.617495
v -8.292892 -2.202327 -1.271453
v -8.305786 -2.084683 -0.917611
v -8.195289 -1.905025 -0.609840
v -7.978222 -1.690705 -0.394993
v -7.687631 -1.474351 -0.305779
v -7.367758 -1.288902 -0.355781
v -8.210108 -2.120207 -1.675537
v -8.388121 -1.980888 -1.378700
v -8.430207 -1.795358 -1.057736
v -8.329961 -1.591862 -0.761509
v -8.102642 -1.401380 -0.535117
v -7.782859 -1.252912 -0.413026
v -7.419295 -1.169060 -0.413823
v -8.213016 -2.005345 -1.760302
v -8.393494 -1.768652 -1.535327
v -8.437228 -1.518058 -1.262379
v -8.337560 -1.291714 -0.983013
v -8.109663 -1.124080 -0.739760
v -7.788232 -1.040675 -0.569653
v -7.422203 -1.054198 -0.498588
v -8.166853 -1.912951 -1.858888
v -8.308195 -1.597929 -1.717489
v -8.325781 -1.294998 -1.500386
v -8.216931 -1.050276 -1.240630
v -7.998216 -0.901020 -0.977767
v -7.702934 -0.869952 -0.751815
v -7.376040 -0.961804 -0.597175
v -8.078647 -1.857090 -1.956285
v -8.145212 -1.494711 -1.897455
v -8.112833 -1.160137 -1.735522
v -7.986437 -0.904303 -1.495139
v -7.785267 -0.766159 -1.212904
v -7.539951 -0.766734 -0.931781
v -7.287834 -0.905943 -0.694571
v -7.961826 -1.846266 -2.037665
v -7.929357 -1.474712 -2.047826
v -7.830803 -1.134006 -1.931991
v -7.681170 -0.876020 -1.707796
v -7.503238 -0.740028 -1.409372
v -7.324095 -0.746735 -1.082152
v -7.171013 -0.895119 -0.775951
v -7.067299 -1.162591 -0.537387
v -7.923270 -2.192104 -1.903056
v -7.834177 -1.882128 -2.090639
v -7.693490 -1.540975 -2.145709
v -7.522628 -1.220584 -2.059881
v -7.347604 -0.969731 -1.846223
v -7.195062 -0.826606 -1.537262
v -7.088228 -0.812999 -1.180035
v -7.043363 -0.930981 -0.828925
v -7.715129 -1.959216 -2.107141
v -7.473520 -1.683415 -2.176201
v -7.235225 -1.406690 -2.099722
v -7.036520 -1.171171 -1.889347
v -6.907659 -1.012712 -1.577103
v -6.868258 -0.955438 -1.210528
v -6.924316 -1.008069 -0.845428
v -7.622811 -2.065793 -2.084661
v -7.302937 -1.880344 -2.134663
v -7.012347 -1.663991 -2.045450
v -6.795280 -1.449671 -1.830603
v -6.684782 -1.270013 -1.522831
v -6.697675 -1.152368 -1.168989
v -6.831998 -1.114646 -0.822948
v -7.571274 -2.185635 -2.026620
v -7.207711 -2.101783 -2.027417
v -6.887927 -1.953315 -1.905326
v -6.660609 -1.762833 -1.678933
v -6.560361 -1.559337 -1.382707
v -6.602448 -1.373807 -1.061743
v -6.780461 -1.234488 -0.764906
v -7.568366 -2.300497 -1.941854
v -7.202338 -2.314020 -1.870790
v -6.880907 -2.230616 -1.700683
v -6.653009 -2.062981 -1.457429
v -6.553340 -1.836637 -1.178064
v -6.597075 -1.586043 -0.905116
v -6.777553 -1.349350 -0.680140
v -7.614529 -2.392891 -1.843268
v -7.287635 -2.484743 -1.688627
v -6.992353 -2.453676 -1.462676
v -6.773639 -2.304420 -1.199813
v -6.664787 -2.059698 -0.940057
v -6.682373 -1.756766 -0.722953
v -6.823716 -1.441744 -0.581554
v -7.702735 -2.448752 -1.745871
v -7.450619 -2.587961 -1.508662
v -7.205301 -2.588537 -1.227539
v -7.004132 -2.450392 -0.945302
v -6.877736 -2.194559 -0.704920
v -6.845356 -1.859984 -0.542987
v -6.911922 -1.497605 -0.484157
v -7.819556 -2.459576 -1.664491
v -7.666475 -2.607960 -1.358291
v -7.061213 -1.879984 -0.392617
vn 0.3584 -0.8978 -0.2559
vn -0.3814 -0.0080 0.9244
vn -0.1057 -0.6865 0.7194
vn 0.2283 -0.9679 0.1051
vn 0.4346 -0.6875 -0.5818
vn -0.4427 0.3677 0.8178
vn -0.2624 -0.3778 0.8879
vn 0.0657 -0.8926 0.4460
vn 0.2316 -0.5321 0.8144
vn 0.5157 -0.8363 0.1861
vn 0.5029 -0.6562 -0.5626
vn -0.3744 0.3990 0.8371
vn 0.0251 -0.2462 0.9689
vn 0.4030 -0.7382 0.5410
vn 0.5519 -0.8092 -0.2014
vn -0.1879 0.0805 0.9789
vn -0.3158 0.4498 0.8354
vn 0.2714 -0.0322 0.9619
vn 0.6920 -0.4871 0.5328
vn 0.7177 -0.6652 -0.2061
vn -0.0221 0.2246 0.9742
vn 0.5206 -0.2809 0.8062
vn 0.7620 -0.6223 0.1791
vn 0.5614 -0.6053 -0.5642
vn 0.8887 -0.1775 0.4227
vn 0.8305 -0.4876 -0.2692
vn 0.0908 0.4022 0.9110
vn 0.7173 0.0287 0.6961
vn 0.9296 -0.3585 0.0853
vn 0.6013 -0.5426 -0.5865
vn -0.2760 0.5125 0.8131
vn 0.4390 0.2317 0.8681
vn 0.1335 0.5863 0.7990
vn 0.7918 0.3496 0.5009
vn 0.9931 -0.0850 -0.0811
vn 0.6163 -0.4776 -0.6261
vn -0.2609 0.5775 0.7736
vn 0.5024 0.5051 0.7017
vn 0.9632 0.1434 0.2274
vn 0.8732 -0.3035 -0.3813
vn 0.9427 0.1565 -0.2947
vn 0.6044 -0.4203 -0.6769
vn -0.2729 0.6349 0.7228
vn 0.4520 0.7466 0.4881
vn 0.9040 0.4268 -0.0233
vn 0.8393 -0.1409 -0.5251
vn 0.0995 0.7489 0.6552
vn 0.7326 0.6330 0.2502
vn -0.3101 0.6759 0.6685
vn 0.2955 0.9194 0.2597
vn 0.7203 0.6295 -0.2913
vn 0.7339 -0.0246 -0.6788
vn -0.0059 0.8651 0.5015
vn 0.5489 0.8357 -0.0178
vn 0.7861 0.3293 -0.5231
vn 0.5672 -0.3792 -0.7311
vn 0.5731 0.0277 -0.8190
vn -0.1667 0.9174 0.3613
vn 0.2686 0.9269 -0.2622
vn 0.5472 0.4070 -0.7314
vn 0.5104 -0.3607 -0.7806
vn -0.3669 0.6944 0.6190
vn 0.0566 0.9971 0.0514
vn 0.4400 0.7207 -0.5357
vn -0.3584 0.8978 0.2559
vn -0.0657 0.8926 -0.4460
vn 0.2624 0.3778 -0.8879
vn 0.4427 -0.3677 -0.8178
vn -0.4346 0.6875 0.5818
vn -0.2283 0.9679 -0.1051
vn 0.1057 0.6865 -0.7194
vn 0.3814 0.0080 -0.9244
vn 0.3744 -0.3990 -0.8371
vn -0.5029 0.6562 0.5626
vn -0.5157 0.8363 -0.1861
vn -0.2316 0.5320 -0.8144
vn 0.1879 -0.0805 -0.9789
vn -0.5519 0.8092 0.2014
vn -0.4030 0.7382 -0.5410
vn -0.0251 0.2462 -0.9689
vn -0.7620 0.6223 -0.1791
vn -0.5206 0.2809 -0.8062
vn 0.0221 -0.2246 -0.9742
vn -0.7177 0.6652 0.2061
vn -0.6920 0.4871 -0.5328
vn -0.2714 0.0322 -0.9619
vn 0.3158 -0.4498 -0.8354
vn -0.5614 0.6053 0.5642
vn -0.8305 0.4876 0.2692
vn -0.8887 0.1775 -0.4227
vn -0.4390 -0.2317 -0.8681
vn 0.2760 -0.5125 -0.8131
vn -0.6013 0.5426 0.5865
vn -0.9296 0.3585 -0.0853
vn -0.7173 -0.0287 -0.6961
vn -0.0908 -0.4022 -0.9110
vn -0.9632 -0.1434 -0.2274
vn -0.5024 -0.5051 -0.7017
vn 0.2609 -0.5775 -0.7736
vn -0.6163 0.4776 0.6261
vn -0.9931 0.0850 0.0811
vn -0.7918 -0.3496 -0.5009
vn -0.1335 -0.5863 -0.7990
vn -0.8732 0.3035 0.3813
vn -0.6044 0.4203 0.6769
vn -0.9427 -0.1565 0.2947
vn -0.7326 -0.6330 -0.2502
vn -0.0995 -0.7489 -0.6552
vn -0.8393 0.1409 0.5251
vn -0.9040 -0.4268 0.0233
vn -0.4520 -0.7466 -0.4881
vn 0.2729 -0.6349 -0.7228
vn -0.5489 -0.8357 0.0178
vn 0.0058 -0.8651 -0.5015
vn -0.7339 0.0246 0.6788
vn -0.7203 -0.6295 0.2913
vn -0.2955 -0.9194 -0.2597
vn 0.3101 -0.6759 -0.6685
vn -0.5672 0.3792 0.7311
vn -0.7861 -0.3293 0.5231
vn -0.5731 -0.0277 0.8190
vn -0.4400 -0.7207 0.5357
vn -0.0566 -0.9971 -0.0514
vn 0.3669 -0.6944 -0.6190
vn -0.5104 0.3607 0.7806
vn -0.5472 -0.4070 0.7314
vn -0.2686 -0.9269 0.2622
vn 0.1667 -0.9174 -0.3613
vn -0.3584 -0.8978 -0.2559
vn 0.3814 -0.0080 0.9244
vn 0.1057 -0.6865 0.7194
vn -0.2283 -0.9679 0.1051
vn -0.4346 -0.6875 -0.5818
vn 0.4427 0.3677 0.8178
vn 0.2624 -0.3778 0.8879
vn -0.0657 -0.8926 0.4460
vn -0.2316 -0.5320 0.8144
vn -0.5157 -0.8363 0.1861
vn -0.5029 -0.6562 -0.5626
vn 0.3744 0.3990 0.8371
vn -0.0251 -0.2462 0.9689
vn -0.4030 -0.7382 0.5410
vn -0.5519 -0.8092 -0.2014
vn 0.1879 0.0805 0.9789
vn 0.3159 0.4498 0.8354
vn -0.2714 -0.0322 0.9619
vn -0.6920 -0.4871 0.5328
vn -0.7177 -0.6652 -0.2061
vn 0.0221 0.2246 0.9742
vn -0.5206 -0.2809 0.8062
vn -0.7620 -0.6223 0.1791
vn -0.5614 -0.6053 -0.5642
vn -0.8887 -0.1775 0.4227
vn -0.8305 -0.4876 -0.2692
vn -0.0908 0.4022 0.9110
vn -0.7173 0.0287 0.6961
vn -0.9296 -0.3585 0.0853
vn -0.6013 -0.5426 -0.5865
vn 0.2760 0.5125 0.8131
vn -0.4390 0.2317 0.8681
vn -0.1335 0.5863 0.7990
vn -0.7918 0.3496 0.5009
vn -0.9931 -0.0850 -0.0811
vn -0.6163 -0.4776 -0.6261
vn 0.2609 0.5775 0.7736
vn -0.5024 0.5051 0.7017
vn -0.9632 0.1434 0.2274
vn -0.8732 -0.3035 -0.3813
vn -0.9427 0.1565 -0.2947
vn -0.6044 -0.4203 -0.6769
vn 0.2729 0.6349 0.7228
vn -0.4520 0.7466 0.4881
vn -0.9040 0.4268 -0.0233
vn -0.8393 -0.1409 -0.5251
vn -0.0995 0.7489 0.6552
vn -0.7326 0.6330 0.2502
vn 0.3101 0.6759 0.6685
vn -0.2955 0.9194 0.2597
vn -0.7203 0.6295 -0.2913
vn -0.7339 -0.0246 -0.6788
vn 0.0059 0.8651 0.5015
vn -0.5489 0.8357 -0.0178
vn -0.7861 0.3293 -0.5231
vn -0.5672 -0.3792 -0.7311
vn -0.5731 0.0277 -0.8190
vn 0.1667 0.9174 0.3613
vn -0.2686 0.9269 -0.2622
vn -0.5472 0.4070 -0.7314
vn -0.5104 -0.3607 -0.7806
vn 0.3669 0.6944 0.6190
vn -0.0566 0.9971 0.0514
vn -0.4400 0.7207 -0.5357
vn 0.3584 0.8978 0.2559
vn 0.0657 0.8926 -0.4460
vn -0.2624 0.3778 -0.8879
vn -0.4427 -0.3677 -0.8178
vn 0.4346 0.6875 0.5818
vn 0.2283 0.9679 -0.1051
vn -0.1057 0.6865 -0.7194
vn -0.3814 0.0080 -0.9244
vn -0.3744 -0.3990 -0.8371
vn 0.5029 0.6562 0.5626
vn 0.5157 0.8363 -0.1861
vn 0.2316 0.5320 -0.8144
vn -0.1879 -0.0805 -0.9789
vn 0.5519 0.8092 0.2014
vn 0.4030 0.7382 -0.5410
vn 0.0251 0.2462 -0.9689
vn 0.7620 0.6223 -0.1791
vn 0.5206 0.2809 -0.8062
vn -0.0221 -0.2246 -0.9742
vn 0.7177 0.6652 0.2061
vn 0.6920 0.4871 -0.5328
vn 0.2714 0.0322 -0.9619
vn -0.3158 -0.4498 -0.8354
vn 0.5614 0.6053 0.5642
vn 0.8305 0.4876 0.2692
vn 0.8887 0.1775 -0.4227
vn 0.4390 -0.2317 -0.8681
vn -0.2760 -0.5125 -0.8131
vn 0.6013 0.5426 0.5865
vn 0.9296 0.3585 -0.0853
vn 0.7173 -0.0287 -0.6961
vn 0.0908 -0.4022 -0.9110
vn 0.9632 -0.1434 -0.2274
vn 0.5024 -0.5051 -0.7017
vn -0.2609 -0.5775 -0.7736
vn 0.6163 0.4776 0.6261
vn 0.9931 0.0850 0.0811
vn 0.7918 -0.3496 -0.5009
vn 0.1335 -0.5863 -0.7990
vn 0.8732 0.3035 0.3813
vn 0.6044 0.4203 0.6769
vn 0.9427 -0.1565 0.2947
vn 0.7326 -0.6330 -0.2502
vn 0.0995 -0.7489 -0.6552
vn 0.8393 0.1409 0.5251
vn 0.9040 -0.4268 0.0233
vn 0.4520 -0.7466 -0.4881
vn -0.2729 -0.6349 -0.7228
vn 0.5489 -0.8357 0.0178
vn -0.0059 -0.8651 -0.5015
vn 0.7339 0.0246 0.6788
vn 0.7203 -0.6295 0.2913
vn 0.2955 -0.9194 -0.2597
vn -0.3101 -0.6759 -0.6685
vn 0.5672 0.3792 0.7311
vn 0.7861 -0.3293 0.5231
vn 0.5731 -0.0277 0.8190
vn 0.4400 -0.7207 0.5357
vn 0.0566 -0.9971 -0.0514
vn -0.3669 -0.6944 -0.6190
vn 0.5104 0.3607 0.7806
vn 0.5472 -0.4070 0.7314
vn 0.2686 -0.9269 0.2622
vn -0.1667 -0.9174 -0.3613
vt 0.418111 0.559746
vt 0.420174 0.611259
vt 0.396638 0.610904
vt 0.374623 0.559089
vt 0.642758 0.633306
vt 0.631198 0.575731
vt 0.674057 0.583134
vt 0.665953 0.637313
vt 0.072092 0.205838
vt 0.034190 0.152972
vt 0.083411 0.118557
vt 0.117567 0.174043
vt 0.011319 0.097202
vt 0.006961 0.047018
vt 0.041766 0.022683
vt 0.056794 0.065407
vt 0.412634 0.673236
vt 0.175392 0.884122
vt 0.159397 0.821117
vt 0.182932 0.820762
vt 0.119255 0.247751
vt 0.154059 0.223417
vt 0.140170 0.086478
vt 0.170005 0.144406
vt 0.081900 0.000000
vt 0.109232 0.035770
vt 0.374894 0.620116
vt 0.204677 0.829974
vt 0.194194 0.200733
vt 0.334444 0.576112
vt 0.187334 0.259162
vt 0.209055 0.246886
vt 0.221319 0.847352
vt 0.221424 0.121438
vt 0.233548 0.183154
vt 0.160651 0.012802
vt 0.195825 0.061618
vt 0.358252 0.637494
vt 0.303694 0.608222
vt 0.230353 0.237372
vt 0.297444 0.547922
vt 0.257265 0.589876
vt 0.203222 0.000000
vt 0.241904 0.047761
vt 0.349245 0.660391
vt 0.287051 0.650530
vt 0.866068 0.250379
vt 0.816780 0.211995
vt 0.848527 0.198929
vt 0.883249 0.243308
vt 0.263995 0.108636
vt 0.235521 0.645155
vt 0.230326 0.870249
vt 0.780652 0.157836
vt 0.822130 0.140764
vt 0.890515 0.189168
vt 0.905973 0.238025
vt 0.808078 0.077668
vt 0.867458 0.063864
vt 0.876990 0.128011
vt 0.287051 0.696597
vt 0.235521 0.705344
vt 0.349245 0.685322
vt 0.230326 0.895180
vt 0.808510 0.019246
vt 0.863370 0.006493
vt 0.303694 0.739408
vt 0.257266 0.761279
vt 0.358252 0.708492
vt 0.221319 0.918350
vt 0.936879 0.121518
vt 0.936352 0.184198
vt 0.923259 -0.000000
vt 0.932282 0.056836
vt 0.930780 0.235336
vt 0.204677 0.936230
vt 0.992680 0.122274
vt 0.979060 0.184777
vt 0.979060 0.000756
vt 0.992680 0.057654
vt 0.374894 0.726372
vt 0.334445 0.772447
vt 0.953893 0.235649
vt 0.297444 0.804446
vt 0.387300 0.906535
vt 0.333447 0.877228
vt 0.338284 0.853843
vt 0.396238 0.863327
vt 0.665953 0.754810
vt 0.674057 0.800241
vt 0.631198 0.810726
vt 0.642758 0.760485
vt 0.289635 0.885014
vt 0.282751 0.820762
vt 0.330173 0.824270
vt 0.333447 0.888254
vt 0.304499 0.035083
vt 0.359073 -0.000000
vt 0.383250 0.022281
vt 0.336087 0.064195
vt 0.396638 0.736241
vt 0.182933 0.946099
vt 0.282751 0.948612
vt 0.316283 0.951093
vt 0.263995 0.085550
vt 0.298185 0.117061
vt 0.588339 0.803323
vt 0.619563 0.756478
vt 0.275314 0.172831
vt 0.347406 0.151475
vt 0.320788 0.204625
vt 0.418054 0.046616
vt 0.381561 0.095990
vt 0.420174 0.736596
vt 0.159397 0.946454
vt 0.270956 0.223014
vt 0.305761 0.247349
vt 0.333447 0.830807
vt 0.387300 0.820762
vt 0.441918 0.727384
vt 0.137652 0.937242
vt 0.373227 0.234263
vt 0.345895 0.270032
vt 0.434000 0.125627
vt 0.404165 0.183554
vt 0.451329 0.010871
vt 0.473050 0.023147
vt 0.458189 0.069299
vt 0.552005 0.779160
vt 0.599899 0.743401
vt 0.510426 0.800015
vt 0.478706 0.751351
vt 0.527727 0.741914
vt 0.485418 0.148595
vt 0.459820 0.208415
vt 0.494348 0.032661
vt 0.497543 0.086878
vt 0.586760 0.723244
vt 0.424645 0.257231
vt 0.458561 0.710006
vt 0.121010 0.919864
vt 0.519202 0.697256
vt 0.582147 0.699075
vt 0.505899 0.222271
vt 0.467216 0.270032
vt 0.619367 0.515467
vt 0.565702 0.478608
vt 0.579197 0.447041
vt 0.636999 0.474223
vt 0.467567 0.687109
vt 0.112003 0.896967
vt 0.467568 0.693002
vt 0.527989 0.161396
vt 0.527989 0.428805
vt 0.535293 0.411721
vt 0.758321 0.489488
vt 0.699899 0.489129
vt 0.714507 0.429941
vt 0.771817 0.434806
vt 0.589526 0.405189
vt 0.650495 0.419541
vt 0.467568 0.662178
vt 0.112003 0.872036
vt 0.478706 0.633853
vt 0.527727 0.651985
vt 0.540883 0.389071
vt 0.586760 0.674575
vt 0.121010 0.848866
vt 0.510427 0.582908
vt 0.552005 0.612993
vt 0.657798 0.359745
vt 0.722412 0.365219
vt 0.543908 0.364303
vt 0.595116 0.359424
vt 0.599899 0.653472
vt 0.779120 0.375010
vt 0.458561 0.639008
vt 0.657798 0.303939
vt 0.722412 0.304815
vt 0.543908 0.341187
vt 0.595116 0.316712
vt 0.588339 0.586216
vt 0.619563 0.638981
vt 0.779120 0.319204
vt 0.441918 0.621128
vt 0.137652 0.830986
vt 0.557899 0.547922
vt 0.040505 0.234950
vt 0.000000 0.184482
vt 0.589526 0.283556
vt 0.650495 0.260619
vt 0.095079 0.270032
vt 0.714506 0.257925
vt 0.458289 0.577982
vt 0.082467 0.594074
vt 0.123032 0.610719
vt 0.085546 0.662789
vt 0.063593 0.653780
vt 0.682513 0.234766
vt 0.657957 0.239187
vt 0.637155 0.186343
vt 0.682528 0.178173
vt 0.677958 0.113702
vt 0.618675 0.124376
vt 0.605329 0.062721
vt 0.669496 0.051167
vt 0.107068 0.547922
vt 0.160068 0.569670
vt 0.053318 0.717953
vt 0.050271 0.883409
vt 0.008526 0.848336
vt 0.024279 0.830589
vt 0.599150 0.010763
vt 0.658433 0.000089
vt 0.566013 0.144009
vt 0.548328 0.083972
vt 0.203091 0.610719
vt 0.155960 0.642137
vt 0.103367 0.679792
vt 0.000000 0.871444
vt 0.596849 0.201369
vt 0.546488 0.030396
vt 0.636144 0.247319
vt 0.000000 0.896396
vt 0.567748 0.220966
vt 0.527989 0.169613
vt 0.078521 0.270033
vt 0.064765 0.316734
vt 0.006878 0.323405
vt 0.019587 0.280259
vt 0.176239 0.683543
vt 0.114341 0.702201
vt 0.620394 0.257925
vt 0.141672 0.280776
vt 0.128963 0.323922
vt 0.229586 0.664819
vt 0.057320 0.377295
vt 0.000000 0.379357
vt 0.180781 0.728634
vt 0.116800 0.726604
vt 0.237726 0.373560
vt 0.234877 0.396736
vt 0.184435 0.386701
vt 0.189699 0.343877
vt 0.122086 0.379874
vt 0.235521 0.723733
vt 0.008526 0.919393
vt 0.234878 0.421688
vt 0.184435 0.432806
vt 0.122086 0.440113
vt 0.057320 0.442497
vt 0.219991 0.778493
vt 0.168895 0.770545
vt 0.110367 0.749286
vt 0.024279 0.936934
vt 0.000000 0.439596
vt 0.185362 0.820762
vt 0.142390 0.802896
vt 0.096023 0.766794
vt 0.044862 0.946349
vt 0.189699 0.475173
vt 0.128963 0.495468
vt 0.064765 0.502413
vt 0.006878 0.494951
vt 0.237726 0.444617
vt 0.067141 0.946204
vt 0.199426 0.507352
vt 0.141672 0.537513
vt 0.280325 0.945136
vt 0.230326 0.954552
vt 0.236557 0.892207
vt 0.282751 0.883508
vt 0.105302 0.820762
vt 0.075951 0.776463
vt 0.092904 0.999732
vt 0.051738 1.000000
vt 0.078521 0.547922
vt 0.230326 0.827420
vt 0.265681 0.820762
vt 0.978116 0.627380
vt 0.934972 0.621579
vt 0.942411 0.565477
vt 0.965760 0.568617
vt 0.780652 0.430648
vt 0.803317 0.428724
vt 0.828081 0.486239
vt 0.786201 0.489794
vt 0.944000 0.802518
vt 0.887629 0.794937
vt 0.905324 0.745761
vt 0.966340 0.753966
vt 0.978320 0.692466
vt 0.921948 0.684886
vt 0.053207 0.776821
vt 0.087724 0.936521
vt 0.857183 0.529692
vt 0.802465 0.534337
vt 0.824257 0.417561
vt 0.866773 0.465611
vt 0.830268 0.776548
vt 0.843237 0.725857
vt 0.864588 0.666496
vt 0.891070 0.607504
vt 0.031254 0.767812
vt 0.103478 0.918775
vt 0.907737 0.502741
vt 0.918651 0.557860
vt 0.013433 0.750809
vt 0.112003 0.895667
vt 0.896386 0.431052
vt 0.946429 0.457587
vt 0.789532 0.697283
vt 0.814971 0.640097
vt 0.853095 0.587299
vt 0.898099 0.546925
vt 0.840283 0.398857
vt 0.780652 0.750149
vt 0.912413 0.387822
vt 0.967369 0.401104
vt 0.316247 0.547922
vt 0.302491 0.501221
vt 0.366689 0.494032
vt 0.379398 0.537178
vt 0.826828 0.564040
vt 0.883883 0.534337
vt 0.848957 0.375461
vt 0.257313 0.537695
vt 0.244604 0.494549
vt 0.780652 0.609708
vt 0.002458 0.728400
vt 0.112003 0.870715
vt 0.848957 0.350935
vt 0.912413 0.342502
vt 0.237726 0.438598
vt 0.295047 0.440659
vt 0.359812 0.438081
vt 0.422161 0.431254
vt 0.427425 0.474077
vt -0.000000 0.703997
vt 0.103478 0.847717
vt 0.967369 0.341892
vt 0.472604 0.421219
vt 0.475453 0.444395
vt 0.237726 0.378359
vt 0.295047 0.375457
vt 0.359812 0.377842
vt 0.422161 0.385149
vt 0.006433 0.681315
vt 0.087724 0.830176
vt 0.896386 0.301993
vt 0.946429 0.288964
vt 0.472604 0.396267
vt 0.840283 0.329011
vt 0.067141 0.820762
vt 0.866772 0.272462
vt 0.907737 0.250379
vt 0.302491 0.315541
vt 0.366690 0.322487
vt 0.427426 0.342782
vt 0.475453 0.373338
vt 0.824257 0.313029
vt 0.244604 0.323003
vt 0.020777 0.663807
vt 0.316247 0.270032
vt 0.379398 0.280442
vt 0.003354 0.612599
vt 0.040442 0.594734
vt 0.040849 0.654138
vt 0.803317 0.305421
vt 0.828080 0.258403
vt 0.780652 0.124122
vt 0.734836 0.113613
vt 0.731061 0.051071
vt 0.780652 0.062446
vt 0.437152 0.310603
vt 0.044862 0.820907
vt 0.761127 0.186148
vt 0.726061 0.178105
vt 0.706073 0.234729
vt 0.052159 0.548785
vt 0.715312 0.000000
s 0
usemtl Pipe_Metal
f 2859/5634/1790 2858/5635/1790 2751/5636/1790 2752/5637/1790
f 2750/5638/1791 2860/5639/1791 2756/5640/1791 2757/5641/1791
f 2749/5642/1792 2748/5643/1792 2754/5644/1792 2755/5645/1792
f 2747/5646/1793 2859/5647/1793 2752/5648/1793 2753/5649/1793
f 2858/5635/1794 2808/5650/1794 2751/5636/1794
f 2807/5651/1795 2750/5652/1795 2757/5653/1795
f 2860/5654/1796 2749/5642/1796 2755/5645/1796 2756/5655/1796
f 2748/5643/1797 2747/5646/1797 2753/5649/1797 2754/5644/1797
f 2755/5645/1798 2754/5644/1798 2761/5656/1798 2762/5657/1798
f 2753/5649/1799 2752/5648/1799 2759/5658/1799 2760/5659/1799
f 2751/5636/1800 2808/5650/1800 2758/5660/1800
f 2807/5651/1801 2757/5653/1801 2764/5661/1801
f 2756/5655/1802 2755/5645/1802 2762/5657/1802 2763/5662/1802
f 2754/5644/1803 2753/5649/1803 2760/5659/1803 2761/5656/1803
f 2752/5637/1804 2751/5636/1804 2758/5660/1804 2759/5663/1804
f 2757/5664/1805 2756/5655/1805 2763/5662/1805 2764/5665/1805
f 2807/5651/1806 2764/5661/1806 2771/5666/1806
f 2763/5662/1807 2762/5657/1807 2769/5667/1807 2770/5668/1807
f 2761/5656/1808 2760/5659/1808 2767/5669/1808 2768/5670/1808
f 2759/5663/1809 2758/5660/1809 2765/5671/1809 2766/5672/1809
f 2764/5665/1810 2763/5662/1810 2770/5668/1810 2771/5673/1810
f 2762/5657/1811 2761/5656/1811 2768/5670/1811 2769/5667/1811
f 2760/5674/1812 2759/5663/1812 2766/5672/1812 2767/5675/1812
f 2758/5660/1813 2808/5650/1813 2765/5671/1813
f 2768/5670/1814 2767/5669/1814 2774/5676/1814 2775/5677/1814
f 2766/5672/1815 2765/5671/1815 2772/5678/1815 2773/5679/1815
f 2771/5680/1816 2770/5681/1816 2777/5682/1816 2778/5683/1816
f 2769/5667/1817 2768/5670/1817 2775/5677/1817 2776/5684/1817
f 2767/5675/1818 2766/5672/1818 2773/5679/1818 2774/5685/1818
f 2765/5671/1819 2808/5650/1819 2772/5678/1819
f 2807/5651/1820 2771/5666/1820 2778/5686/1820
f 2770/5681/1821 2769/5687/1821 2776/5688/1821 2777/5682/1821
f 2778/5683/1822 2777/5682/1822 2784/5689/1822 2785/5690/1822
f 2776/5688/1823 2775/5691/1823 2782/5692/1823 2783/5693/1823
f 2774/5685/1824 2773/5679/1824 2780/5694/1824 2781/5695/1824
f 2772/5678/1825 2808/5650/1825 2779/5696/1825
f 2807/5651/1826 2778/5686/1826 2785/5697/1826
f 2777/5682/1827 2776/5688/1827 2783/5693/1827 2784/5689/1827
f 2775/5691/1828 2774/5698/1828 2781/5699/1828 2782/5692/1828
f 2773/5679/1829 2772/5678/1829 2779/5696/1829 2780/5694/1829
f 2781/5695/1830 2780/5694/1830 2787/5700/1830 2788/5701/1830
f 2779/5696/1831 2808/5650/1831 2786/5702/1831
f 2807/5651/1832 2785/5697/1832 2792/5703/1832
f 2784/5689/1833 2783/5693/1833 2790/5704/1833 2791/5705/1833
f 2782/5692/1834 2781/5699/1834 2788/5706/1834 2789/5707/1834
f 2780/5694/1835 2779/5696/1835 2786/5702/1835 2787/5700/1835
f 2785/5690/1836 2784/5689/1836 2791/5705/1836 2792/5708/1836
f 2783/5693/1837 2782/5692/1837 2789/5707/1837 2790/5704/1837
f 2807/5651/1838 2792/5703/1838 2799/5709/1838
f 2791/5705/1839 2790/5704/1839 2797/5710/1839 2798/5711/1839
f 2789/5707/1840 2788/5706/1840 2795/5712/1840 2796/5713/1840
f 2787/5700/1841 2786/5702/1841 2793/5714/1841 2794/5715/1841
f 2792/5708/1842 2791/5705/1842 2798/5711/1842 2799/5716/1842
f 2790/5704/1843 2789/5707/1843 2796/5713/1843 2797/5710/1843
f 2788/5701/1844 2787/5700/1844 2794/5715/1844 2795/5717/1844
f 2786/5702/1845 2808/5650/1845 2793/5714/1845
f 2794/5718/1846 2793/5719/1846 2800/5720/1846 2801/5721/1846
f 2799/5722/1847 2798/5723/1847 2805/5724/1847 2806/5725/1847
f 2797/5726/1848 2796/5727/1848 2803/5728/1848 2804/5729/1848
f 2795/5730/1849 2794/5731/1849 2801/5732/1849 2802/5733/1849
f 2793/5714/1850 2808/5650/1850 2800/5734/1850
f 2807/5651/1851 2799/5709/1851 2806/5735/1851
f 2798/5736/1852 2797/5726/1852 2804/5729/1852 2805/5737/1852
f 2796/5738/1853 2795/5730/1853 2802/5733/1853 2803/5739/1853
f 2806/5725/1854 2805/5724/1854 2814/5740/1854 2815/5741/1854
f 2804/5742/1855 2803/5739/1855 2812/5743/1855 2813/5744/1855
f 2802/5733/1856 2801/5732/1856 2810/5745/1856 2811/5746/1856
f 2800/5734/1857 2808/5650/1857 2809/5747/1857
f 2807/5651/1858 2806/5735/1858 2815/5748/1858
f 2805/5749/1859 2804/5742/1859 2813/5744/1859 2814/5750/1859
f 2803/5739/1860 2802/5733/1860 2811/5746/1860 2812/5743/1860
f 2801/5721/1861 2800/5720/1861 2809/5751/1861 2810/5752/1861
f 2809/5747/1862 2808/5650/1862 2816/5753/1862
f 2807/5651/1863 2815/5748/1863 2822/5754/1863
f 2814/5750/1864 2813/5744/1864 2820/5755/1864 2821/5756/1864
f 2812/5743/1865 2811/5746/1865 2818/5757/1865 2819/5758/1865
f 2810/5745/1866 2809/5759/1866 2816/5760/1866 2817/5761/1866
f 2815/5741/1867 2814/5740/1867 2821/5762/1867 2822/5763/1867
f 2813/5744/1868 2812/5743/1868 2819/5758/1868 2820/5755/1868
f 2811/5746/1869 2810/5745/1869 2817/5761/1869 2818/5757/1869
f 2821/5762/1870 2820/5764/1870 2827/5765/1870 2828/5766/1870
f 2819/5758/1871 2818/5757/1871 2825/5767/1871 2826/5768/1871
f 2817/5761/1872 2816/5760/1872 2823/5769/1872 2824/5770/1872
f 2822/5763/1873 2821/5762/1873 2828/5766/1873 2829/5771/1873
f 2820/5755/1874 2819/5758/1874 2826/5768/1874 2827/5772/1874
f 2818/5757/1875 2817/5761/1875 2824/5770/1875 2825/5767/1875
f 2816/5753/1876 2808/5650/1876 2823/5773/1876
f 2807/5651/1877 2822/5754/1877 2829/5774/1877
f 2829/5771/1878 2828/5766/1878 2835/5775/1878 2836/5776/1878
f 2827/5772/1879 2826/5768/1879 2833/5777/1879 2834/5778/1879
f 2825/5779/1880 2824/5780/1880 2831/5781/1880 2832/5782/1880
f 2823/5773/1881 2808/5650/1881 2830/5783/1881
f 2807/5651/1882 2829/5774/1882 2836/5784/1882
f 2828/5766/1883 2827/5765/1883 2834/5785/1883 2835/5775/1883
f 2826/5768/1884 2825/5767/1884 2832/5786/1884 2833/5777/1884
f 2824/5780/1885 2823/5787/1885 2830/5788/1885 2831/5781/1885
f 2834/5789/1886 2833/5790/1886 2840/5791/1886 2841/5792/1886
f 2832/5782/1887 2831/5781/1887 2838/5793/1887 2839/5794/1887
f 2830/5783/1888 2808/5650/1888 2837/5795/1888
f 2807/5651/1889 2836/5784/1889 2843/5796/1889
f 2835/5775/1890 2834/5785/1890 2841/5797/1890 2842/5798/1890
f 2833/5790/1891 2832/5782/1891 2839/5794/1891 2840/5791/1891
f 2831/5781/1892 2830/5788/1892 2837/5799/1892 2838/5793/1892
f 2836/5776/1893 2835/5775/1893 2842/5798/1893 2843/5800/1893
f 2807/5651/1894 2843/5796/1894 2850/5801/1894
f 2842/5798/1895 2841/5797/1895 2848/5802/1895 2849/5803/1895
f 2840/5791/1896 2839/5794/1896 2846/5804/1896 2847/5805/1896
f 2838/5793/1897 2837/5799/1897 2844/5806/1897 2845/5807/1897
f 2843/5800/1898 2842/5798/1898 2849/5803/1898 2850/5808/1898
f 2841/5792/1899 2840/5791/1899 2847/5805/1899 2848/5809/1899
f 2839/5794/1900 2838/5793/1900 2845/5807/1900 2846/5804/1900
f 2837/5795/1901 2808/5650/1901 2844/5810/1901
f 2847/5805/1902 2846/5804/1902 2853/5811/1902 2854/5812/1902
f 2845/5807/1903 2844/5806/1903 2851/5813/1903 2852/5814/1903
f 2850/5808/1904 2849/5803/1904 2856/5815/1904 2857/5816/1904
f 2848/5809/1905 2847/5805/1905 2854/5812/1905 2855/5817/1905
f 2846/5804/1906 2845/5807/1906 2852/5814/1906 2853/5811/1906
f 2844/5810/1907 2808/5650/1907 2851/5818/1907
f 2807/5651/1908 2850/5801/1908 2857/5819/1908
f 2849/5803/1909 2848/5802/1909 2855/5820/1909 2856/5815/1909
f 2857/5816/1910 2856/5815/1910 2860/5639/1910 2750/5638/1910
f 2855/5821/1911 2854/5822/1911 2748/5643/1911 2749/5642/1911
f 2853/5811/1912 2852/5814/1912 2859/5823/1912 2747/5824/1912
f 2851/5818/1913 2808/5650/1913 2858/5635/1913
f 2807/5651/1914 2857/5819/1914 2750/5652/1914
f 2856/5825/1915 2855/5821/1915 2749/5642/1915 2860/5654/1915
f 2854/5812/1916 2853/5811/1916 2747/5824/1916 2748/5826/1916
f 2852/5827/1917 2851/5818/1917 2858/5635/1917 2859/5634/1917
f 2973/5828/1918 2866/5829/1918 2865/5830/1918 2972/5831/1918
f 2864/5832/1919 2871/5833/1919 2870/5834/1919 2974/5835/1919
f 2863/5836/1920 2869/5837/1920 2868/5838/1920 2862/5839/1920
f 2861/5840/1921 2867/5841/1921 2866/5829/1921 2973/5828/1921
f 2972/5831/1922 2865/5830/1922 2922/5842/1922
f 2921/5843/1923 2871/5844/1923 2864/5845/1923
f 2974/5835/1924 2870/5834/1924 2869/5837/1924 2863/5836/1924
f 2862/5839/1925 2868/5838/1925 2867/5846/1925 2861/5847/1925
f 2869/5837/1926 2876/5848/1926 2875/5849/1926 2868/5838/1926
f 2867/5841/1927 2874/5850/1927 2873/5851/1927 2866/5829/1927
f 2865/5830/1928 2872/5852/1928 2922/5842/1928
f 2921/5843/1929 2878/5853/1929 2871/5844/1929
f 2870/5834/1930 2877/5854/1930 2876/5848/1930 2869/5837/1930
f 2868/5838/1931 2875/5849/1931 2874/5855/1931 2867/5846/1931
f 2866/5829/1932 2873/5851/1932 2872/5852/1932 2865/5830/1932
f 2871/5833/1933 2878/5856/1933 2877/5854/1933 2870/5834/1933
f 2921/5843/1934 2885/5857/1934 2878/5853/1934
f 2877/5854/1935 2884/5858/1935 2883/5859/1935 2876/5848/1935
f 2875/5860/1936 2882/5861/1936 2881/5862/1936 2874/5863/1936
f 2873/5851/1937 2880/5864/1937 2879/5865/1937 2872/5852/1937
f 2878/5856/1938 2885/5866/1938 2884/5858/1938 2877/5854/1938
f 2876/5867/1939 2883/5868/1939 2882/5861/1939 2875/5860/1939
f 2874/5850/1940 2881/5869/1940 2880/5864/1940 2873/5851/1940
f 2872/5852/1941 2879/5865/1941 2922/5842/1941
f 2882/5861/1942 2889/5870/1942 2888/5871/1942 2881/5862/1942
f 2880/5864/1943 2887/5872/1943 2886/5873/1943 2879/5865/1943
f 2885/5874/1944 2892/5875/1944 2891/5876/1944 2884/5877/1944
f 2883/5868/1945 2890/5878/1945 2889/5870/1945 2882/5861/1945
f 2881/5869/1946 2888/5879/1946 2887/5872/1946 2880/5864/1946
f 2879/5865/1947 2886/5873/1947 2922/5842/1947
f 2921/5843/1948 2892/5880/1948 2885/5857/1948
f 2884/5877/1949 2891/5876/1949 2890/5878/1949 2883/5868/1949
f 2892/5875/1950 2899/5881/1950 2898/5882/1950 2891/5876/1950
f 2890/5878/1951 2897/5883/1951 2896/5884/1951 2889/5870/1951
f 2888/5879/1952 2895/5885/1952 2894/5886/1952 2887/5872/1952
f 2886/5873/1953 2893/5887/1953 2922/5842/1953
f 2921/5843/1954 2899/5888/1954 2892/5880/1954
f 2891/5876/1955 2898/5882/1955 2897/5883/1955 2890/5878/1955
f 2889/5870/1956 2896/5884/1956 2895/5889/1956 2888/5871/1956
f 2887/5872/1957 2894/5886/1957 2893/5887/1957 2886/5873/1957
f 2895/5885/1958 2902/5890/1958 2901/5891/1958 2894/5886/1958
f 2893/5887/1959 2900/5892/1959 2922/5842/1959
f 2921/5843/1960 2906/5893/1960 2899/5888/1960
f 2898/5882/1961 2905/5894/1961 2904/5895/1961 2897/5883/1961
f 2896/5884/1962 2903/5896/1962 2902/5897/1962 2895/5889/1962
f 2894/5886/1963 2901/5891/1963 2900/5892/1963 2893/5887/1963
f 2899/5881/1964 2906/5898/1964 2905/5894/1964 2898/5882/1964
f 2897/5883/1965 2904/5895/1965 2903/5896/1965 2896/5884/1965
f 2921/5843/1966 2913/5899/1966 2906/5893/1966
f 2905/5894/1967 2912/5900/1967 2911/5901/1967 2904/5895/1967
f 2903/5902/1968 2910/5903/1968 2909/5904/1968 2902/5905/1968
f 2901/5891/1969 2908/5906/1969 2907/5907/1969 2900/5892/1969
f 2906/5893/1970 2913/5899/1970 2912/5908/1970 2905/5909/1970
f 2904/5895/1971 2911/5901/1971 2910/5910/1971 2903/5896/1971
f 2902/5905/1972 2909/5904/1972 2908/5911/1972 2901/5912/1972
f 2900/5892/1973 2907/5907/1973 2922/5842/1973
f 2908/5913/1974 2915/5914/1974 2914/5915/1974 2907/5916/1974
f 2913/5917/1975 2920/5918/1975 2919/5919/1975 2912/5920/1975
f 2911/5921/1976 2918/5922/1976 2917/5923/1976 2910/5924/1976
f 2909/5925/1977 2916/5926/1977 2915/5914/1977 2908/5913/1977
f 2907/5907/1978 2914/5927/1978 2922/5842/1978
f 2921/5843/1979 2920/5928/1979 2913/5899/1979
f 2912/5920/1980 2919/5919/1980 2918/5929/1980 2911/5930/1980
f 2910/5924/1981 2917/5923/1981 2916/5926/1981 2909/5925/1981
f 2920/5918/1982 2929/5931/1982 2928/5932/1982 2919/5919/1982
f 2918/5922/1983 2927/5933/1983 2926/5934/1983 2917/5923/1983
f 2916/5926/1984 2925/5935/1984 2924/5936/1984 2915/5914/1984
f 2914/5927/1985 2923/5937/1985 2922/5842/1985
f 2921/5843/1986 2929/5938/1986 2920/5928/1986
f 2919/5919/1987 2928/5932/1987 2927/5939/1987 2918/5929/1987
f 2917/5923/1988 2926/5934/1988 2925/5935/1988 2916/5926/1988
f 2915/5914/1989 2924/5936/1989 2923/5940/1989 2914/5915/1989
f 2923/5937/1990 2930/5941/1990 2922/5842/1990
f 2921/5843/1991 2936/5942/1991 2929/5938/1991
f 2928/5932/1992 2935/5943/1992 2934/5944/1992 2927/5939/1992
f 2926/5934/1993 2933/5945/1993 2932/5946/1993 2925/5935/1993
f 2924/5936/1994 2931/5947/1994 2930/5948/1994 2923/5940/1994
f 2929/5931/1995 2936/5949/1995 2935/5943/1995 2928/5932/1995
f 2927/5933/1996 2934/5950/1996 2933/5945/1996 2926/5934/1996
f 2925/5935/1997 2932/5946/1997 2931/5947/1997 2924/5936/1997
f 2935/5943/1998 2942/5951/1998 2941/5952/1998 2934/5944/1998
f 2933/5953/1999 2940/5954/1999 2939/5955/1999 2932/5956/1999
f 2931/5947/2000 2938/5957/2000 2937/5958/2000 2930/5948/2000
f 2936/5949/2001 2943/5959/2001 2942/5951/2001 2935/5943/2001
f 2934/5960/2002 2941/5961/2002 2940/5954/2002 2933/5953/2002
f 2932/5946/2003 2939/5962/2003 2938/5957/2003 2931/5947/2003
f 2930/5941/2004 2937/5963/2004 2922/5842/2004
f 2921/5843/2005 2943/5964/2005 2936/5942/2005
f 2943/5959/2006 2950/5965/2006 2949/5966/2006 2942/5951/2006
f 2941/5961/2007 2948/5967/2007 2947/5968/2007 2940/5954/2007
f 2939/5955/2008 2946/5969/2008 2945/5970/2008 2938/5971/2008
f 2937/5963/2009 2944/5972/2009 2922/5842/2009
f 2921/5843/2010 2950/5973/2010 2943/5964/2010
f 2942/5951/2011 2949/5966/2011 2948/5974/2011 2941/5952/2011
f 2940/5954/2012 2947/5968/2012 2946/5969/2012 2939/5955/2012
f 2938/5971/2013 2945/5970/2013 2944/5975/2013 2937/5976/2013
f 2948/5967/2014 2955/5977/2014 2954/5978/2014 2947/5968/2014
f 2946/5969/2015 2953/5979/2015 2952/5980/2015 2945/5970/2015
f 2944/5972/2016 2951/5981/2016 2922/5842/2016
f 2921/5843/2017 2957/5982/2017 2950/5973/2017
f 2949/5966/2018 2956/5983/2018 2955/5984/2018 2948/5974/2018
f 2947/5968/2019 2954/5978/2019 2953/5979/2019 2946/5969/2019
f 2945/5970/2020 2952/5980/2020 2951/5985/2020 2944/5975/2020
f 2950/5965/2021 2957/5986/2021 2956/5983/2021 2949/5966/2021
f 2921/5843/2022 2964/5987/2022 2957/5982/2022
f 2956/5983/2023 2963/5988/2023 2962/5989/2023 2955/5984/2023
f 2954/5978/2024 2961/5990/2024 2960/5991/2024 2953/5979/2024
f 2952/5980/2025 2959/5992/2025 2958/5993/2025 2951/5985/2025
f 2957/5986/2026 2964/5994/2026 2963/5988/2026 2956/5983/2026
f 2955/5977/2027 2962/5995/2027 2961/5990/2027 2954/5978/2027
f 2953/5979/2028 2960/5991/2028 2959/5992/2028 2952/5980/2028
f 2951/5981/2029 2958/5996/2029 2922/5842/2029
f 2961/5990/2030 2968/5997/2030 2967/5998/2030 2960/5991/2030
f 2959/5999/2031 2966/6000/2031 2965/6001/2031 2958/5996/2031
f 2964/5994/2032 2971/6002/2032 2970/6003/2032 2963/5988/2032
f 2962/6004/2033 2969/6005/2033 2968/6006/2033 2961/6007/2033
f 2960/5991/2034 2967/5998/2034 2966/6008/2034 2959/5992/2034
f 2958/5996/2035 2965/6001/2035 2922/5842/2035
f 2921/5843/2036 2971/6009/2036 2964/5987/2036
f 2963/6010/2037 2970/6011/2037 2969/6005/2037 2962/6004/2037
f 2971/6012/2038 2864/5832/2038 2974/5835/2038 2970/6011/2038
f 2969/6005/2039 2863/5836/2039 2862/5839/2039 2968/6006/2039
f 2967/6013/2040 2861/5840/2040 2973/5828/2040 2966/6000/2040
f 2965/6001/2041 2972/5831/2041 2922/5842/2041
f 2921/5843/2042 2864/5845/2042 2971/6009/2042
f 2970/6011/2043 2974/5835/2043 2863/5836/2043 2969/6005/2043
f 2968/6006/2044 2862/5839/2044 2861/5847/2044 2967/6014/2044
f 2966/6000/2045 2973/5828/2045 2972/5831/2045 2965/6001/2045
o elbow_bone
v 5.566521 0.280730 1.924465
v 7.077059 -1.536065 -0.485546
v 5.684250 0.313805 1.973321
v 7.194788 -1.502990 -0.436689
v 5.794045 0.384901 1.988542
v 7.304584 -1.431893 -0.421468
v 5.879189 0.483196 1.967808
v 7.389728 -1.333599 -0.442202
v 5.926721 0.593724 1.914278
v 7.437259 -1.223071 -0.495732
v 5.929403 0.699659 1.836100
v 7.439940 -1.117136 -0.573911
v 5.886828 0.784873 1.745176
v 7.397366 -1.031922 -0.664834
v 5.805477 0.836393 1.655349
v 7.316015 -0.980402 -0.754662
v 5.697735 0.846376 1.580293
v 7.208273 -0.970419 -0.829717
v 5.580006 0.813301 1.531436
v 7.090544 -1.003494 -0.878574
v 5.470211 0.742204 1.516216
v 6.980749 -1.074591 -0.893794
v 5.385067 0.643910 1.536950
v 6.895604 -1.172885 -0.873061
v 5.337536 0.533382 1.590480
v 6.848074 -1.283413 -0.819530
v 5.334853 0.427447 1.668658
v 6.845391 -1.389348 -0.741352
v 5.377429 0.342233 1.759582
v 6.887966 -1.474562 -0.650428
v 5.458779 0.290713 1.849409
v 6.969317 -1.526082 -0.560601
v -5.566521 0.280733 1.924463
v -7.077061 -1.536062 -0.485548
v -5.684251 0.313808 1.973320
v -7.194792 -1.502987 -0.436691
v -5.794044 0.384904 1.988540
v -7.304585 -1.431891 -0.421471
v -5.879189 0.483198 1.967807
v -7.389729 -1.333596 -0.442204
v -5.926720 0.593727 1.914277
v -7.437261 -1.223068 -0.495734
v -5.929402 0.699661 1.836098
v -7.439942 -1.117133 -0.573912
v -5.886827 0.784875 1.745174
v -7.397367 -1.031919 -0.664836
v -5.805476 0.836396 1.655347
v -7.316017 -0.980399 -0.754664
v -5.697735 0.846378 1.580292
v -7.208275 -0.970417 -0.829719
v -5.580005 0.813303 1.531435
v -7.090546 -1.003491 -0.878576
v -5.470211 0.742207 1.516215
v -6.980751 -1.074588 -0.893796
v -5.385066 0.643912 1.536949
v -6.895607 -1.172882 -0.873063
v -5.337535 0.533384 1.590479
v -6.848075 -1.283411 -0.819532
v -5.334853 0.427449 1.668657
v -6.845394 -1.389345 -0.741354
v -5.377429 0.342235 1.759581
v -6.887969 -1.474559 -0.650430
v -5.458779 0.290715 1.849408
v -6.969320 -1.526079 -0.560603
vn -0.0204 -0.8045 0.5937
vn 0.3233 -0.6471 0.6905
vn 0.6178 -0.3912 0.6821
vn 0.8182 -0.0758 0.5700
vn 0.8940 0.2512 0.3710
vn 0.8338 0.5399 0.1156
vn 0.6466 0.7464 -0.1574
vn 0.3609 0.8393 -0.4065
vn 0.0204 0.8045 -0.5937
vn -0.3233 0.6471 -0.6905
vn -0.6178 0.3912 -0.6821
vn -0.8182 0.0758 -0.5700
vn -0.8940 -0.2512 -0.3710
vn -0.8338 -0.5399 -0.1156
vn 0.4476 -0.5383 -0.7141
vn -0.6466 -0.7464 0.1574
vn -0.3609 -0.8393 0.4065
vn -0.4476 0.5383 0.7141
vn 0.0204 -0.8045 0.5937
vn -0.3233 -0.6471 0.6905
vn -0.6178 -0.3912 0.6821
vn -0.8182 -0.0758 0.5700
vn -0.8940 0.2512 0.3710
vn -0.8338 0.5399 0.1156
vn -0.6466 0.7464 -0.1574
vn -0.3609 0.8393 -0.4065
vn -0.0204 0.8045 -0.5937
vn 0.3233 0.6471 -0.6905
vn 0.6178 0.3912 -0.6821
vn 0.8182 0.0758 -0.5700
vn 0.8940 -0.2512 -0.3710
vn 0.8338 -0.5399 -0.1156
vn -0.4476 -0.5383 -0.7141
vn 0.6466 -0.7464 0.1574
vn 0.3609 -0.8393 0.4065
vn 0.4476 0.5383 0.7141
vt 0.391684 0.149901
vt 0.383161 0.833580
vt 0.339741 0.829695
vt 0.344016 0.145055
vt 0.296404 0.828377
vt 0.296194 0.142396
vt 0.253193 0.829947
vt 0.248193 0.141719
vt 0.210166 0.835012
vt 0.199964 0.142677
vt 0.167408 0.844652
vt 0.151427 0.144617
vt 0.125043 0.860715
vt 0.102458 0.146293
vt 0.083262 0.886314
vt 0.052843 0.145351
vt 0.036941 0.852978
vt 0.019836 0.258065
vt 0.764013 0.269332
vt 0.733975 0.946489
vt 0.689364 0.925649
vt 0.718910 0.248232
vt 0.645126 0.906161
vt 0.673272 0.228153
vt 0.601168 0.888450
vt 0.627148 0.209471
vt 0.557395 0.872864
vt 0.580599 0.192863
vt 0.513742 0.859543
vt 0.533711 0.178540
vt 0.470164 0.848543
vt 0.486560 0.166595
vt 0.811588 0.816930
vt 0.765763 0.809513
vt 0.724865 0.751898
vt 0.695164 0.653875
vt 0.680480 0.530275
vt 0.683358 0.399690
vt 0.703307 0.283306
vt 0.737314 0.198665
vt 0.777636 0.149888
vt 0.822097 0.151806
vt 0.868418 0.185142
vt 0.900363 0.291052
vt 0.913877 0.425360
vt 0.909702 0.556559
vt 0.889407 0.680909
vt 0.855356 0.772392
vt 0.426638 0.839882
vt 0.439205 0.157057
vt 0.694661 0.315715
vt 0.724499 0.221232
vt 0.763750 0.165333
vt 0.809323 0.158140
vt 0.853454 0.200251
vt 0.890785 0.289237
vt 0.916165 0.416015
vt 0.925890 0.567226
vt 0.892883 0.679940
vt 0.852565 0.763709
vt 0.808559 0.809021
vt 0.763819 0.807480
vt 0.723001 0.760458
vt 0.692699 0.669663
vt 0.681248 0.553695
vt 0.680953 0.431794
vt 0.190709 0.050322
vt 0.208652 0.074867
vt 0.208677 0.977294
vt 0.190110 0.952654
vt 0.227651 0.097961
vt 0.227651 1.000000
vt 0.252516 0.138350
vt 0.277221 0.153604
vt 0.274973 0.886170
vt 0.250023 0.873816
vt 0.309238 0.161918
vt 0.307056 0.891865
vt 0.344165 0.162601
vt 0.341853 0.890518
vt 0.377068 0.156061
vt 0.374388 0.882466
vt 0.403204 0.143434
vt 0.400273 0.868757
vt 0.435882 0.157457
vt 0.421007 0.835738
vt 0.023150 0.106296
vt 0.039264 0.087172
vt 0.016320 0.855323
vt 0.000000 0.872575
vt 0.054318 0.069049
vt 0.042714 0.833933
vt 0.079073 0.057303
vt 0.067677 0.815802
vt 0.014676 0.009334
vt 0.054860 0.000000
vt 0.040196 0.902268
vt -0.000000 0.911431
vt 0.098344 0.000141
vt 0.083697 0.902406
vt 0.138929 0.009734
vt 0.124296 0.912032
vt 0.282001 0.219261
vt 0.257065 0.203181
vt 0.237980 0.172858
vt 0.227651 0.132909
vt 0.227651 0.089417
vt 0.237979 0.049002
vt 0.257065 0.017817
vt 0.282000 0.000610
vt 0.308991 0.000000
vt 0.333927 0.016081
vt 0.353012 0.046404
vt 0.363341 0.086352
vt 0.363341 0.129845
vt 0.353013 0.170260
vt 0.333928 0.201445
vt 0.308992 0.218652
vt 0.170958 0.027346
vt 0.156337 0.929635
vt 0.308991 0.219871
vt 0.333927 0.237078
vt 0.353013 0.268263
vt 0.363341 0.308678
vt 0.363341 0.352170
vt 0.353013 0.392119
vt 0.333927 0.422442
vt 0.308991 0.438523
vt 0.282001 0.437913
vt 0.257065 0.420706
vt 0.237980 0.389522
vt 0.227651 0.349106
vt 0.227651 0.305614
vt 0.237980 0.265665
vt 0.257065 0.235342
vt 0.282001 0.219261
s 0
usemtl Hand_Material
f 2975/6015/2046 2976/6016/2046 2978/6017/2046 2977/6018/2046
f 2977/6018/2047 2978/6017/2047 2980/6019/2047 2979/6020/2047
f 2979/6020/2048 2980/6019/2048 2982/6021/2048 2981/6022/2048
f 2981/6022/2049 2982/6021/2049 2984/6023/2049 2983/6024/2049
f 2983/6024/2050 2984/6023/2050 2986/6025/2050 2985/6026/2050
f 2985/6026/2051 2986/6025/2051 2988/6027/2051 2987/6028/2051
f 2987/6028/2052 2988/6027/2052 2990/6029/2052 2989/6030/2052
f 2989/6030/2053 2990/6029/2053 2992/6031/2053 2991/6032/2053
f 2991/6033/2054 2992/6034/2054 2994/6035/2054 2993/6036/2054
f 2993/6036/2055 2994/6035/2055 2996/6037/2055 2995/6038/2055
f 2995/6038/2056 2996/6037/2056 2998/6039/2056 2997/6040/2056
f 2997/6040/2057 2998/6039/2057 3000/6041/2057 2999/6042/2057
f 2999/6042/2058 3000/6041/2058 3002/6043/2058 3001/6044/2058
f 3001/6044/2059 3002/6043/2059 3004/6045/2059 3003/6046/2059
f 2978/6047/2060 2976/6048/2060 3006/6049/2060 3004/6050/2060 3002/6051/2060 3000/6052/2060 2998/6053/2060 2996/6054/2060 2994/6055/2060 2992/6056/2060 2990/6057/2060 2988/6058/2060 2986/6059/2060 2984/6060/2060 2982/6061/2060 2980/6062/2060
f 3003/6046/2061 3004/6045/2061 3006/6063/2061 3005/6064/2061
f 3005/6064/2062 3006/6063/2062 2976/6016/2062 2975/6015/2062
f 2975/6065/2063 2977/6066/2063 2979/6067/2063 2981/6068/2063 2983/6069/2063 2985/6070/2063 2987/6071/2063 2989/6072/2063 2991/6073/2063 2993/6074/2063 2995/6075/2063 2997/6076/2063 2999/6077/2063 3001/6078/2063 3003/6079/2063 3005/6080/2063
f 3007/6081/2064 3009/6082/2064 3010/6083/2064 3008/6084/2064
f 3009/6082/2065 3011/6085/2065 3012/6086/2065 3010/6083/2065
f 3011/6087/2066 3013/6088/2066 3014/6089/2066 3012/6090/2066
f 3013/6088/2067 3015/6091/2067 3016/6092/2067 3014/6089/2067
f 3015/6091/2068 3017/6093/2068 3018/6094/2068 3016/6092/2068
f 3017/6093/2069 3019/6095/2069 3020/6096/2069 3018/6094/2069
f 3019/6095/2070 3021/6097/2070 3022/6098/2070 3020/6096/2070
f 3021/6097/2071 3023/6099/2071 3024/6100/2071 3022/6098/2071
f 3023/6101/2072 3025/6102/2072 3026/6103/2072 3024/6104/2072
f 3025/6102/2073 3027/6105/2073 3028/6106/2073 3026/6103/2073
f 3027/6105/2074 3029/6107/2074 3030/6108/2074 3028/6106/2074
f 3029/6109/2075 3031/6110/2075 3032/6111/2075 3030/6112/2075
f 3031/6110/2076 3033/6113/2076 3034/6114/2076 3032/6111/2076
f 3033/6113/2077 3035/6115/2077 3036/6116/2077 3034/6114/2077
f 3010/6117/2078 3012/6118/2078 3014/6119/2078 3016/6120/2078 3018/6121/2078 3020/6122/2078 3022/6123/2078 3024/6124/2078 3026/6125/2078 3028/6126/2078 3030/6127/2078 3032/6128/2078 3034/6129/2078 3036/6130/2078 3038/6131/2078 3008/6132/2078
f 3035/6115/2079 3037/6133/2079 3038/6134/2079 3036/6116/2079
f 3037/6133/2080 3007/6081/2080 3008/6084/2080 3038/6134/2080
f 3007/6135/2081 3037/6136/2081 3035/6137/2081 3033/6138/2081 3031/6139/2081 3029/6140/2081 3027/6141/2081 3025/6142/2081 3023/6143/2081 3021/6144/2081 3019/6145/2081 3017/6146/2081 3015/6147/2081 3013/6148/2081 3011/6149/2081 3009/6150/2081
o hand
v 5.713716 0.683323 1.581598
v 5.692295 0.491186 1.656383
v 5.634675 0.342587 1.788922
v 5.450101 0.256423 2.140831
v 5.701908 1.094318 1.688680
v 5.808360 0.917991 1.665334
v 5.860944 0.720226 1.698379
v 5.851654 0.531130 1.782786
v 5.781903 0.379490 1.905703
v 5.662311 0.288394 2.048418
v 5.511085 0.271709 2.189203
v 5.739755 1.123938 1.751790
v 5.878292 0.972722 1.781945
v 5.952314 0.791735 1.850739
v 5.950552 0.608531 1.947699
v 5.873272 0.450999 2.058063
v 5.732243 0.343125 2.165029
v 5.548931 0.301329 2.252313
v 5.748703 1.163383 1.820029
v 5.894826 1.045607 1.908035
v 5.973917 0.886964 2.015483
v 5.973934 0.711605 2.126017
v 5.894876 0.546228 2.222807
v 5.748776 0.416009 2.291119
v 5.557879 0.340774 2.320552
v 5.727390 1.206648 1.883009
v 5.855444 1.125550 2.024406
v 5.922462 0.991414 2.167530
v 5.918241 0.824661 2.290591
v 5.843421 0.650678 2.374854
v 5.709394 0.495952 2.407490
v 5.536567 0.384039 2.383532
v 5.679060 1.247146 1.931141
v 5.766143 1.200380 2.113344
v 5.805785 1.089185 2.283733
v 5.791949 0.930487 2.416368
v 5.726743 0.748449 2.491056
v 5.620093 0.570782 2.496428
v 5.488237 0.424537 2.431664
v 5.611072 1.278711 1.957099
v 5.640517 1.258705 2.161307
v 5.641646 1.165390 2.346400
v 5.614287 1.012972 2.484198
v 5.562604 0.824655 2.553723
v 5.494468 0.629108 2.544391
v 5.420249 0.456102 2.457622
v 5.533775 1.296539 1.956929
v 5.497692 1.291646 2.160994
v 5.455037 1.208430 2.345990
v 5.412302 1.059557 2.483755
v 5.375995 0.867694 2.553313
v 5.351643 0.662049 2.544077
v 5.342952 0.473930 2.457452
v 5.458939 1.297914 1.930658
v 5.359412 1.294188 2.112452
v 5.274365 1.211751 2.282568
v 5.216745 1.063152 2.415106
v 5.195323 0.871015 2.489891
v 5.213363 0.664590 2.495536
v 5.268116 0.475305 2.431182
v 5.351247 0.331976 2.306626
v 5.557793 1.222362 1.764863
v 5.397955 1.282629 1.882286
v 5.246729 1.265944 2.023072
v 5.127137 1.174847 2.165786
v 5.057386 1.023208 2.288703
v 5.048095 0.834111 2.373110
v 5.100679 0.636346 2.406156
v 5.207131 0.460019 2.382809
v 5.360108 1.253008 1.819177
v 5.176797 1.211213 1.906460
v 5.035767 1.103338 2.013427
v 4.958488 0.945807 2.123790
v 4.956725 0.762602 2.220750
v 5.030747 0.581615 2.289544
v 5.169285 0.430399 2.319700
v 5.351160 1.213563 1.750937
v 5.160264 1.138328 1.780371
v 5.014164 1.008109 1.848682
v 4.935106 0.842732 1.945472
v 4.935123 0.667373 2.056006
v 5.014214 0.508730 2.163455
v 5.160336 0.390954 2.251461
v 5.372473 1.170299 1.687957
v 5.199645 1.058385 1.663999
v 5.065619 0.903659 1.696635
v 4.990800 0.729676 1.780898
v 4.986578 0.562923 1.903959
v 5.053596 0.428787 2.047083
v 5.181650 0.347689 2.188481
v 5.420803 1.129801 1.639825
v 5.288946 0.983555 1.575062
v 5.182297 0.805889 1.580433
v 5.117091 0.623850 1.655122
v 5.103256 0.465153 1.787757
v 5.142897 0.353957 1.958146
v 5.229980 0.307191 2.140348
v 5.488792 1.098235 1.613868
v 5.414572 0.925230 1.527098
v 5.346435 0.729683 1.517767
v 5.294753 0.541366 1.587292
v 5.267394 0.388947 1.725090
v 5.268522 0.295632 1.910182
v 5.297969 0.275626 2.114391
v 5.566088 1.080408 1.614037
v 5.557397 0.892289 1.527412
v 5.533044 0.686644 1.518176
v 5.496737 0.494780 1.587735
v 5.454003 0.345908 1.725499
v 5.411347 0.262691 1.910496
v 5.375264 0.257799 2.114560
v 5.640924 1.079032 1.640308
v 5.695677 0.889747 1.575953
v 5.549627 0.260149 1.959037
v -5.713713 0.683326 1.581598
v -5.692292 0.491189 1.656383
v -5.634673 0.342590 1.788921
v -5.450098 0.256426 2.140830
v -5.701905 1.094321 1.688679
v -5.808358 0.917995 1.665333
v -5.860941 0.720229 1.698379
v -5.851650 0.531133 1.782786
v -5.781900 0.379493 1.905703
v -5.662308 0.288397 2.048417
v -5.511082 0.271712 2.189203
v -5.739751 1.123941 1.751789
v -5.878290 0.972726 1.781944
v -5.952312 0.791738 1.850739
v -5.950549 0.608534 1.947699
v -5.873271 0.451002 2.058062
v -5.732240 0.343127 2.165028
v -5.548929 0.301332 2.252312
v -5.748699 1.163387 1.820028
v -5.894824 1.045611 1.908034
v -5.973914 0.886967 2.015483
v -5.973932 0.711608 2.126016
v -5.894872 0.546231 2.222806
v -5.748774 0.416012 2.291118
v -5.557877 0.340777 2.320551
v -5.727386 1.206651 1.883008
v -5.855441 1.125553 2.024406
v -5.922458 0.991417 2.167530
v -5.918237 0.824665 2.290591
v -5.843418 0.650681 2.374854
v -5.709392 0.495955 2.407490
v -5.536564 0.384042 2.383531
v -5.679057 1.247149 1.931140
v -5.766140 1.200383 2.113343
v -5.805781 1.089188 2.283732
v -5.791946 0.930490 2.416367
v -5.726740 0.748452 2.491055
v -5.620090 0.570785 2.496427
v -5.488234 0.424540 2.431664
v -5.611069 1.278714 1.957098
v -5.640513 1.258709 2.161306
v -5.641644 1.165393 2.346398
v -5.614284 1.012975 2.484197
v -5.562602 0.824657 2.553722
v -5.494465 0.629110 2.544390
v -5.420246 0.456105 2.457621
v -5.533773 1.296542 1.956928
v -5.497689 1.291650 2.160993
v -5.455034 1.208432 2.345989
v -5.412299 1.059560 2.483754
v -5.375993 0.867696 2.553313
v -5.351640 0.662051 2.544077
v -5.342949 0.473932 2.457452
v -5.458936 1.297917 1.930658
v -5.359409 1.294191 2.112451
v -5.274362 1.211753 2.282567
v -5.216742 1.063155 2.415106
v -5.195321 0.871017 2.489891
v -5.213360 0.664593 2.495535
v -5.268114 0.475308 2.431181
v -5.351244 0.331979 2.306625
v -5.557789 1.222365 1.764863
v -5.397952 1.282631 1.882285
v -5.246726 1.265946 2.023071
v -5.127134 1.174850 2.165786
v -5.057383 1.023211 2.288703
v -5.048093 0.834114 2.373109
v -5.100676 0.636348 2.406155
v -5.207129 0.460022 2.382809
v -5.360106 1.253011 1.819176
v -5.176794 1.211215 1.906460
v -5.035764 1.103341 2.013426
v -4.958485 0.945809 2.123789
v -4.956722 0.762605 2.220750
v -5.030745 0.581618 2.289544
v -5.169282 0.430402 2.319699
v -5.351157 1.213566 1.750937
v -5.160261 1.138331 1.780370
v -5.014162 1.008112 1.848682
v -4.935103 0.842735 1.945472
v -4.935121 0.667376 2.056005
v -5.014212 0.508732 2.163454
v -5.160335 0.390957 2.251460
v -5.372470 1.170301 1.687957
v -5.199642 1.058388 1.663998
v -5.065617 0.903662 1.696635
v -4.990798 0.729679 1.780897
v -4.986576 0.562926 1.903959
v -5.053593 0.428790 2.047082
v -5.181647 0.347692 2.188480
v -5.420800 1.129804 1.639824
v -5.288944 0.983558 1.575061
v -5.182294 0.805892 1.580433
v -5.117088 0.623853 1.655122
v -5.103253 0.465156 1.787756
v -5.142894 0.353960 1.958145
v -5.229977 0.307194 2.140348
v -5.488788 1.098238 1.613867
v -5.414569 0.925233 1.527099
v -5.346432 0.729686 1.517766
v -5.294750 0.541368 1.587291
v -5.267392 0.388950 1.725090
v -5.268520 0.295635 1.910182
v -5.297966 0.275629 2.114390
v -5.566084 1.080411 1.614036
v -5.557395 0.892292 1.527411
v -5.533043 0.686647 1.518175
v -5.496736 0.494783 1.587734
v -5.454001 0.345910 1.725499
v -5.411345 0.262694 1.910495
v -5.375261 0.257801 2.114560
v -5.640921 1.079036 1.640307
v -5.695674 0.889750 1.575953
v -5.549625 0.260152 1.959037
vn 0.1824 -0.9800 0.0798
vn 0.5608 -0.6615 -0.4979
vn 0.6161 0.0323 -0.7870
vn 0.3116 0.7198 -0.6203
vn -0.0694 -0.9227 0.3791
vn 0.4030 -0.8863 -0.2280
vn 0.6352 -0.3406 -0.6932
vn 0.5037 0.4051 -0.7630
vn -0.0202 -0.9004 0.4347
vn 0.6103 -0.7921 0.0058
vn 0.8784 -0.2301 -0.4188
vn 0.6432 0.4685 -0.6056
vn 0.3219 -0.9166 0.2371
vn 0.8040 -0.5510 -0.2235
vn 0.8234 0.1265 -0.5532
vn 0.3609 0.7422 -0.5648
vn 0.9936 -0.0601 -0.0955
vn 0.7093 0.5660 -0.4202
vn 0.3880 -0.8191 0.4226
vn 0.9192 -0.3810 0.0997
vn 0.9215 0.2714 -0.2777
vn 0.3842 0.7766 -0.4993
vn 0.0032 -0.8659 0.5001
vn 0.7084 -0.6473 0.2813
vn 0.3705 -0.7023 0.6078
vn 0.8887 -0.1775 0.4227
vn 0.8956 0.4448 -0.0025
vn 0.3780 0.8178 -0.4339
vn -0.0030 -0.8247 0.5655
vn 0.6825 -0.4738 0.5565
vn 0.9632 0.1434 0.2274
vn 0.6918 0.6828 -0.2349
vn 0.7496 0.6205 0.2305
vn 0.3433 0.8596 -0.3785
vn -0.0377 -0.7830 0.6209
vn 0.5365 -0.2982 0.7895
vn 0.7918 0.3496 0.5009
vn 0.5935 0.8010 -0.0781
vn 0.2722 -0.5841 0.7647
vn 0.7173 0.0287 0.6961
vn -0.0957 -0.7471 0.6578
vn 0.2925 -0.1470 0.9449
vn 0.5055 0.5269 0.6832
vn 0.4293 0.9028 0.0265
vn 0.1080 -0.4823 0.8693
vn 0.4311 0.2060 0.8785
vn 0.5056 0.7716 0.3859
vn 0.2853 0.8955 -0.3416
vn 0.2242 0.9725 0.0630
vn -0.0971 -0.4126 0.9057
vn 0.0735 0.3276 0.9420
vn 0.2009 0.8752 0.4400
vn 0.2129 0.9201 -0.3287
vn -0.1681 -0.7224 0.6707
vn -0.0122 -0.0434 0.9990
vn 0.1479 0.6485 0.7467
vn -0.3119 -0.3855 0.8684
vn -0.3009 0.3749 0.8769
vn -0.1182 0.9155 0.3846
vn 0.1371 0.9297 -0.3419
vn -0.2439 -0.7129 0.6575
vn -0.3313 -0.0031 0.9435
vn -0.2265 0.6958 0.6816
vn 0.0094 0.9996 0.0256
vn 0.0694 0.9227 -0.3791
vn -0.3116 -0.7198 0.6203
vn -0.6161 -0.0323 0.7870
vn -0.5608 0.6615 0.4979
vn -0.1824 0.9800 -0.0798
vn -0.5037 -0.4051 0.7630
vn -0.6352 0.3406 0.6932
vn -0.4030 0.8863 0.2280
vn -0.8234 -0.1265 0.5532
vn -0.8040 0.5510 0.2235
vn -0.3219 0.9166 -0.2371
vn -0.6432 -0.4685 0.6056
vn -0.8784 0.2301 0.4188
vn -0.6103 0.7921 -0.0058
vn 0.0202 0.9004 -0.4347
vn -0.3609 -0.7422 0.5648
vn -0.7093 -0.5660 0.4202
vn -0.9936 0.0601 0.0955
vn -0.7084 0.6473 -0.2813
vn -0.0032 0.8659 -0.5001
vn -0.3842 -0.7766 0.4993
vn -0.9215 -0.2714 0.2777
vn -0.9192 0.3810 -0.0997
vn -0.3880 0.8191 -0.4226
vn -0.9632 -0.1434 -0.2274
vn -0.6825 0.4738 -0.5565
vn 0.0030 0.8247 -0.5655
vn -0.3780 -0.8178 0.4339
vn -0.8956 -0.4448 0.0025
vn -0.8887 0.1775 -0.4227
vn -0.3705 0.7023 -0.6078
vn -0.6918 -0.6828 0.2349
vn -0.3433 -0.8596 0.3785
vn -0.7496 -0.6205 -0.2306
vn -0.7173 -0.0287 -0.6961
vn -0.2722 0.5841 -0.7647
vn -0.5935 -0.8010 0.0781
vn -0.7918 -0.3496 -0.5009
vn -0.5365 0.2982 -0.7895
vn 0.0377 0.7830 -0.6209
vn -0.4311 -0.2060 -0.8785
vn -0.1080 0.4823 -0.8693
vn -0.4293 -0.9028 -0.0265
vn -0.5055 -0.5269 -0.6832
vn -0.2925 0.1470 -0.9449
vn 0.0957 0.7471 -0.6578
vn -0.2853 -0.8955 0.3416
vn -0.5056 -0.7716 -0.3859
vn -0.2242 -0.9725 -0.0630
vn -0.1479 -0.6485 -0.7467
vn 0.0122 0.0434 -0.9990
vn 0.1681 0.7224 -0.6707
vn -0.2129 -0.9201 0.3287
vn -0.2009 -0.8752 -0.4400
vn -0.0735 -0.3276 -0.9420
vn 0.0971 0.4126 -0.9057
vn 0.3313 0.0031 -0.9435
vn 0.2439 0.7129 -0.6575
vn -0.1371 -0.9297 0.3419
vn 0.1182 -0.9155 -0.3846
vn 0.3009 -0.3749 -0.8769
vn 0.3119 0.3855 -0.8684
vn -0.0094 -0.9996 -0.0256
vn 0.2265 -0.6958 -0.6816
vn -0.1824 -0.9800 0.0798
vn -0.5608 -0.6615 -0.4979
vn -0.6161 0.0323 -0.7870
vn -0.3116 0.7198 -0.6203
vn 0.0694 -0.9227 0.3791
vn -0.4030 -0.8863 -0.2280
vn -0.6352 -0.3406 -0.6932
vn -0.5037 0.4051 -0.7630
vn 0.0202 -0.9004 0.4347
vn -0.6103 -0.7921 0.0058
vn -0.8784 -0.2301 -0.4188
vn -0.6432 0.4685 -0.6056
vn -0.3219 -0.9166 0.2371
vn -0.8040 -0.5510 -0.2235
vn -0.8234 0.1265 -0.5532
vn -0.3609 0.7422 -0.5647
vn -0.9936 -0.0601 -0.0955
vn -0.7093 0.5660 -0.4202
vn -0.3880 -0.8191 0.4226
vn -0.9192 -0.3810 0.0997
vn -0.9216 0.2714 -0.2777
vn -0.3842 0.7766 -0.4993
vn -0.0032 -0.8659 0.5001
vn -0.7084 -0.6473 0.2813
vn -0.3705 -0.7023 0.6078
vn -0.8887 -0.1775 0.4227
vn -0.8956 0.4448 -0.0025
vn -0.3780 0.8178 -0.4339
vn 0.0030 -0.8247 0.5655
vn -0.6825 -0.4738 0.5565
vn -0.9632 0.1434 0.2274
vn -0.6918 0.6828 -0.2349
vn -0.7496 0.6205 0.2305
vn -0.3433 0.8596 -0.3785
vn 0.0377 -0.7830 0.6209
vn -0.5365 -0.2982 0.7895
vn -0.7918 0.3496 0.5009
vn -0.5935 0.8010 -0.0781
vn -0.2722 -0.5841 0.7647
vn -0.7173 0.0287 0.6961
vn 0.0957 -0.7471 0.6578
vn -0.2925 -0.1470 0.9449
vn -0.5055 0.5270 0.6832
vn -0.4293 0.9028 0.0265
vn -0.1080 -0.4823 0.8693
vn -0.4311 0.2060 0.8785
vn -0.5056 0.7716 0.3859
vn -0.2853 0.8955 -0.3416
vn -0.2242 0.9725 0.0630
vn 0.0971 -0.4126 0.9057
vn -0.0735 0.3276 0.9420
vn -0.2009 0.8752 0.4400
vn -0.2129 0.9201 -0.3287
vn 0.1681 -0.7224 0.6707
vn 0.0122 -0.0434 0.9990
vn -0.1479 0.6485 0.7467
vn 0.3119 -0.3855 0.8684
vn 0.3009 0.3749 0.8769
vn 0.1182 0.9155 0.3846
vn -0.1371 0.9297 -0.3419
vn 0.2439 -0.7129 0.6575
vn 0.3313 -0.0031 0.9435
vn 0.2265 0.6958 0.6816
vn -0.0094 0.9996 0.0256
vn -0.0694 0.9227 -0.3791
vn 0.3116 -0.7198 0.6203
vn 0.6161 -0.0323 0.7870
vn 0.5608 0.6615 0.4979
vn 0.1824 0.9800 -0.0798
vn 0.5037 -0.4051 0.7630
vn 0.6352 0.3406 0.6932
vn 0.4030 0.8863 0.2280
vn 0.8234 -0.1265 0.5532
vn 0.8040 0.5510 0.2235
vn 0.3219 0.9166 -0.2371
vn 0.6432 -0.4685 0.6056
vn 0.8784 0.2301 0.4188
vn 0.6103 0.7921 -0.0058
vn -0.0202 0.9004 -0.4347
vn 0.3609 -0.7422 0.5648
vn 0.7093 -0.5660 0.4202
vn 0.9936 0.0601 0.0955
vn 0.7084 0.6473 -0.2813
vn 0.0032 0.8659 -0.5001
vn 0.3842 -0.7766 0.4993
vn 0.9216 -0.2714 0.2777
vn 0.9192 0.3810 -0.0997
vn 0.3880 0.8191 -0.4226
vn 0.9632 -0.1434 -0.2274
vn 0.6825 0.4738 -0.5565
vn -0.0030 0.8247 -0.5655
vn 0.3780 -0.8178 0.4339
vn 0.8956 -0.4448 0.0025
vn 0.8887 0.1775 -0.4227
vn 0.3705 0.7023 -0.6078
vn 0.6918 -0.6828 0.2349
vn 0.3433 -0.8596 0.3785
vn 0.7496 -0.6205 -0.2305
vn 0.7173 -0.0287 -0.6961
vn 0.2722 0.5841 -0.7647
vn 0.5935 -0.8010 0.0781
vn 0.7918 -0.3496 -0.5009
vn 0.5365 0.2982 -0.7895
vn -0.0377 0.7830 -0.6209
vn 0.4311 -0.2060 -0.8785
vn 0.1080 0.4823 -0.8693
vn 0.4293 -0.9028 -0.0265
vn 0.5055 -0.5269 -0.6832
vn 0.2925 0.1470 -0.9449
vn -0.0957 0.7471 -0.6578
vn 0.2853 -0.8955 0.3416
vn 0.5056 -0.7716 -0.3859
vn 0.2242 -0.9725 -0.0630
vn 0.1479 -0.6485 -0.7467
vn -0.0122 0.0434 -0.9990
vn -0.1681 0.7224 -0.6707
vn 0.2129 -0.9201 0.3287
vn 0.2009 -0.8752 -0.4400
vn 0.0735 -0.3276 -0.9420
vn -0.0971 0.4126 -0.9057
vn -0.3313 0.0031 -0.9435
vn -0.2439 0.7129 -0.6575
vn 0.1371 -0.9297 0.3419
vn -0.1182 -0.9155 -0.3846
vn -0.3009 -0.3749 -0.8769
vn -0.3119 0.3855 -0.8684
vn 0.0094 -0.9996 -0.0256
vn -0.2265 -0.6958 -0.6816
vt 0.848392 0.691362
vt 0.792171 0.720100
vt 0.775936 0.678123
vt 0.839606 0.668644
vt 0.350237 0.518956
vt 0.367495 0.465621
vt 0.429207 0.476121
vt 0.407252 0.528657
vt 0.384066 0.402977
vt 0.397427 0.340561
vt 0.441064 0.347986
vt 0.441080 0.412678
vt 0.621985 0.771633
vt 0.649360 0.823278
vt 0.605789 0.789826
vt 0.295416 0.832937
vt 0.333270 0.779750
vt 0.349466 0.797943
vt 0.742391 0.736669
vt 0.721179 0.681823
vt 0.405544 0.287875
vt 0.429160 0.291893
vt 0.358231 0.821347
vt 0.721179 0.621489
vt 0.775936 0.631945
vt 0.488780 0.412301
vt 0.480837 0.475713
vt 0.448918 0.291737
vt 0.477572 0.347698
vt 0.839606 0.643653
vt 0.454952 0.528280
vt 0.597024 0.813229
vt 0.266830 0.204636
vt 0.251548 0.140878
vt 0.298830 0.128441
vt 0.318008 0.191175
vt 0.255215 0.077106
vt 0.277273 0.023030
vt 0.296858 0.017878
vt 0.291403 0.067587
vt 0.792171 0.588599
vt 0.848392 0.620194
vt 0.298734 0.258675
vt 0.346016 0.246238
vt 0.597024 0.838280
vt 0.358231 0.846397
vt 0.742391 0.564854
vt 0.822169 0.554681
vt 0.864627 0.601838
vt 0.378016 0.170043
vt 0.401457 0.226715
vt 0.333836 0.052644
vt 0.354271 0.108917
vt 0.605789 0.861164
vt 0.349466 0.869281
vt 0.781586 0.520539
vt 0.319822 0.009791
vt 0.376053 0.034553
vt 0.409430 0.085280
vt 0.621985 0.878397
vt 0.333270 0.886515
vt 0.421024 0.270306
vt 0.456616 0.203077
vt 0.463241 0.252214
vt 0.437720 0.144457
vt 0.342670 0.000000
vt 0.861364 0.535357
vt 0.885839 0.591380
vt 0.312108 0.895475
vt 0.514484 0.956748
vt 0.488780 0.896416
vt 0.529984 0.884749
vt 0.546020 0.947819
vt 0.455910 0.061126
vt 0.488030 0.118314
vt 0.609259 0.926666
vt 0.643147 0.887357
vt 0.648360 0.943222
vt 0.903787 0.533568
vt 0.908799 0.590412
vt 0.503096 0.178923
vt 0.411627 0.016067
vt 0.666052 0.886679
vt 0.690682 0.941968
vt 0.574268 1.000000
vt 0.588067 0.944907
vt 0.597024 0.998424
vt 0.528603 0.820392
vt 0.588067 0.816274
vt 0.584922 0.880945
vt 0.435143 0.000000
vt 0.486635 0.040134
vt 0.289203 0.894796
vt 0.542087 0.764545
vt 0.597024 0.760741
vt 0.773955 0.516741
vt 0.756590 0.465333
vt 0.802723 0.461488
vt 0.798921 0.514660
vt 0.743300 0.402687
vt 0.736107 0.338341
vt 0.801349 0.332903
vt 0.803575 0.397663
vt 0.803872 0.271464
vt 0.775053 0.232702
vt 0.814154 0.213831
vt 0.854960 0.246807
vt 0.687213 0.876466
vt 0.268042 0.884583
vt 0.736107 0.282090
vt 0.796383 0.277066
vt 0.750423 0.177413
vt 0.771584 0.167200
vt 0.703409 0.858272
vt 0.251845 0.866390
vt 0.861320 0.400883
vt 0.846919 0.463952
vt 0.854127 0.280286
vt 0.863851 0.336388
vt 0.787780 0.149007
vt 0.844081 0.180215
vt 0.822840 0.515993
vt 0.894061 0.202885
vt 0.907742 0.411857
vt 0.882448 0.472351
vt 0.900549 0.291260
vt 0.914098 0.348266
vt 0.796545 0.125603
vt 0.860277 0.136971
vt 0.842069 0.520539
vt 0.915223 0.146385
vt 0.712175 0.834869
vt 0.243080 0.842987
vt 0.025725 0.247276
vt 0.003667 0.193200
vt 0.039855 0.202719
vt 0.045310 0.252428
vt 0.000000 0.129428
vt 0.015282 0.065669
vt 0.066460 0.079131
vt 0.047282 0.141865
vt 0.860277 0.090684
vt 0.915223 0.085907
vt 0.712175 0.809819
vt 0.243080 0.817936
vt 0.047186 0.011631
vt 0.094468 0.024067
vt 0.796546 0.100553
vt 0.126469 0.100263
vt 0.102723 0.161388
vt 0.844081 0.048399
vt 0.894061 0.030660
vt 0.703409 0.786934
vt 0.251846 0.795052
vt 0.082288 0.217661
vt 0.149909 0.043591
vt 0.787780 0.077669
vt 0.068274 0.260514
vt 0.268042 0.777818
vt 0.157882 0.185026
vt 0.124505 0.235753
vt 0.205068 0.067229
vt 0.186172 0.125848
vt 0.771584 0.060435
vt 0.814154 0.016555
vt 0.091122 0.270306
vt 0.169476 0.000000
vt 0.211693 0.018092
vt 0.687213 0.769701
vt 0.251548 0.091382
vt 0.236482 0.151992
vt 0.750423 0.051475
vt 0.775053 -0.000000
vt 0.908799 0.716050
vt 0.903787 0.765716
vt 0.861363 0.767505
vt 0.885839 0.717018
vt 0.204362 0.209179
vt 0.243080 0.334302
vt 0.289521 0.287999
vt 0.315412 0.308097
vt 0.276909 0.360560
vt 0.666052 0.760741
vt 0.289204 0.768859
vt 0.160079 0.254239
vt 0.822169 0.751487
vt 0.864627 0.708349
vt 0.243080 0.476539
vt 0.251509 0.419709
vt 0.305096 0.445812
vt 0.292588 0.500654
vt 0.353304 0.326554
vt 0.326416 0.384676
vt 0.643147 0.761420
vt 0.312108 0.769537
vt 0.235087 0.230171
vt 0.183595 0.270305
vt 0.361158 0.270305
vt 0.381665 0.280295
vt 0.781585 0.777678
vt 0.581802 0.102740
vt 0.572109 0.125797
vt 0.517367 0.111260
vt 0.535277 0.068656
vt 0.716605 0.705452
vt 0.660338 0.711355
vt 0.660277 0.650082
vt 0.721180 0.643692
vt 0.711833 0.578759
vt 0.655566 0.584663
vt 0.646924 0.525057
vt 0.689989 0.520539
vt 0.674130 0.346729
vt 0.683823 0.369785
vt 0.621272 0.380874
vt 0.635587 0.139665
vt 0.698806 0.754637
vt 0.655741 0.759155
vt 0.718014 0.320560
vt 0.735924 0.363164
vt 0.572009 0.150754
vt 0.609389 0.760741
vt 0.599776 0.713428
vt 0.594725 0.652326
vt 0.595004 0.586736
vt 0.736107 0.409279
vt 0.683922 0.394742
vt 0.517183 0.157374
vt 0.600571 0.526644
vt 0.534503 0.650082
vt 0.539367 0.584663
vt 0.718537 0.451883
vt 0.674413 0.417799
vt 0.581518 0.173811
vt 0.534753 0.199979
vt 0.544138 0.711355
vt 0.557988 0.525057
vt 0.566806 0.759155
vt 0.599188 0.191458
vt 0.567404 0.232586
vt 0.222655 0.730682
vt 0.181991 0.723835
vt 0.186363 0.658432
vt 0.230377 0.665844
vt 0.497124 0.578760
vt 0.525657 0.520539
vt 0.656743 0.435447
vt 0.194184 0.789331
vt 0.163061 0.784090
vt 0.488780 0.643692
vt 0.685886 0.484490
vt 0.175512 0.597838
vt 0.120784 0.595433
vt 0.109203 0.549438
vt 0.151090 0.551279
vt 0.633602 0.444997
vt 0.622329 0.201009
vt 0.121174 0.782249
vt 0.127263 0.721430
vt 0.127126 0.655829
vt 0.643128 0.502137
vt 0.610162 0.250234
vt 0.647418 0.201009
vt 0.074900 0.784090
vt 0.066803 0.723834
vt 0.061684 0.658432
vt 0.060323 0.597838
vt 0.596770 0.502137
vt 0.608513 0.444997
vt 0.656520 0.250234
vt 0.062928 0.551279
vt 0.553871 0.484490
vt 0.585297 0.435447
vt 0.670635 0.191458
vt 0.699419 0.232587
vt 0.009814 0.730682
vt -0.000000 0.665843
vt 0.003335 0.604686
vt 0.019311 0.556520
vt 0.031283 0.789331
vt 0.688445 0.173811
vt 0.732329 0.199979
vt 0.407880 0.894406
vt 0.362010 0.897828
vt 0.358231 0.832533
vt 0.407879 0.828829
vt 0.531779 0.520539
vt 0.488780 0.477935
vt 0.520961 0.451883
vt 0.567486 0.417799
vt 0.420330 0.955607
vt 0.385223 0.958226
vt 0.374460 0.772281
vt 0.420330 0.768859
vt 0.557793 0.394742
vt 0.698138 0.150754
vt 0.444289 0.768859
vt 0.401224 0.764341
vt 0.409866 0.704735
vt 0.466133 0.710638
vt 0.475480 0.645705
vt 0.414577 0.639316
vt 0.414638 0.578042
vt 0.470905 0.583945
vt 0.503051 0.409279
vt 0.750239 0.157375
vt 0.410041 0.530243
vt 0.453106 0.534761
vt 0.354871 0.762754
vt 0.349304 0.702662
vt 0.349024 0.637072
vt 0.354076 0.575969
vt 0.502868 0.363164
vt 0.557694 0.369785
vt 0.698238 0.125797
vt 0.750423 0.111261
vt 0.363689 0.528657
vt 0.688728 0.102740
vt 0.732852 0.068657
vt 0.293666 0.704735
vt 0.288803 0.639316
vt 0.298438 0.578042
vt 0.321106 0.530243
vt 0.567203 0.346728
vt 0.312288 0.764341
vt 0.520438 0.320560
vt 0.251424 0.710638
vt 0.243080 0.645705
vt 0.057470 0.280599
vt 0.065929 0.320958
vt 0.006474 0.342267
vt 0.000000 0.311377
vt 0.584873 0.329081
vt 0.671058 0.085093
vt 0.279958 0.768859
vt 0.121951 0.270305
vt 0.131106 0.313990
vt 0.553088 0.287953
vt 0.700202 0.036049
vt 0.647918 0.075542
vt 0.239577 0.344977
vt 0.243080 0.386758
vt 0.196661 0.377014
vt 0.192083 0.322425
vt 0.136061 0.373077
vt 0.070507 0.375547
vt 0.595847 0.270305
vt 0.608014 0.319530
vt 0.657444 0.018402
vt 0.009977 0.384048
vt 0.136061 0.438571
vt 0.070507 0.436055
vt 0.642205 0.270305
vt 0.633102 0.319531
vt 0.622829 0.075542
vt 0.611086 0.018402
vt 0.196661 0.437522
vt 0.009978 0.430359
vt 0.243080 0.433069
vt 0.599612 0.085093
vt 0.568187 0.036049
vt 0.192084 0.494738
vt 0.131107 0.500501
vt 0.065929 0.493271
vt 0.006474 0.474150
vt 0.656319 0.329081
vt 0.239577 0.476860
vt 0.685104 0.287953
vt 0.057471 0.538484
vt 0.000000 0.508754
vt 0.503096 0.042604
vt 0.546095 -0.000000
vt 0.121951 0.549438
vt 0.183625 0.539950
s 0
usemtl Pipe_Metal
f 3042/6151/2082 3152/6152/2082 3048/6153/2082 3049/6154/2082
f 3041/6155/2083 3040/6156/2083 3046/6157/2083 3047/6158/2083
f 3039/6159/2084 3151/6160/2084 3044/6161/2084 3045/6162/2084
f 3150/6163/2085 3100/6164/2085 3043/6165/2085
f 3099/6166/2086 3042/6167/2086 3049/6168/2086
f 3152/6152/2087 3041/6169/2087 3047/6170/2087 3048/6153/2087
f 3040/6156/2088 3039/6159/2088 3045/6162/2088 3046/6157/2088
f 3151/6160/2089 3150/6171/2089 3043/6172/2089 3044/6161/2089
f 3099/6166/2090 3049/6168/2090 3056/6173/2090
f 3048/6153/2091 3047/6170/2091 3054/6174/2091 3055/6175/2091
f 3046/6157/2092 3045/6162/2092 3052/6176/2092 3053/6177/2092
f 3044/6161/2093 3043/6172/2093 3050/6178/2093 3051/6179/2093
f 3049/6154/2094 3048/6153/2094 3055/6175/2094 3056/6180/2094
f 3047/6158/2095 3046/6157/2095 3053/6177/2095 3054/6181/2095
f 3045/6162/2096 3044/6161/2096 3051/6179/2096 3052/6176/2096
f 3043/6165/2097 3100/6164/2097 3050/6182/2097
f 3053/6183/2098 3052/6184/2098 3059/6185/2098 3060/6186/2098
f 3051/6187/2099 3050/6188/2099 3057/6189/2099 3058/6190/2099
f 3056/6180/2100 3055/6175/2100 3062/6191/2100 3063/6192/2100
f 3054/6193/2101 3053/6183/2101 3060/6186/2101 3061/6194/2101
f 3052/6184/2102 3051/6187/2102 3058/6190/2102 3059/6185/2102
f 3050/6182/2103 3100/6164/2103 3057/6195/2103
f 3099/6166/2104 3056/6173/2104 3063/6196/2104
f 3055/6175/2105 3054/6174/2105 3061/6197/2105 3062/6191/2105
f 3063/6192/2106 3062/6191/2106 3069/6198/2106 3070/6199/2106
f 3061/6194/2107 3060/6186/2107 3067/6200/2107 3068/6201/2107
f 3059/6185/2108 3058/6190/2108 3065/6202/2108 3066/6203/2108
f 3057/6195/2109 3100/6164/2109 3064/6204/2109
f 3099/6166/2110 3063/6196/2110 3070/6205/2110
f 3062/6191/2111 3061/6197/2111 3068/6206/2111 3069/6198/2111
f 3060/6186/2112 3059/6185/2112 3066/6203/2112 3067/6200/2112
f 3058/6190/2113 3057/6189/2113 3064/6207/2113 3065/6202/2113
f 3066/6203/2114 3065/6202/2114 3072/6208/2114 3073/6209/2114
f 3064/6204/2115 3100/6164/2115 3071/6210/2115
f 3099/6166/2116 3070/6205/2116 3077/6211/2116
f 3069/6212/2117 3068/6201/2117 3075/6213/2117 3076/6214/2117
f 3067/6200/2118 3066/6203/2118 3073/6209/2118 3074/6215/2118
f 3065/6202/2119 3064/6207/2119 3071/6216/2119 3072/6208/2119
f 3070/6199/2120 3069/6198/2120 3076/6217/2120 3077/6218/2120
f 3068/6201/2121 3067/6200/2121 3074/6215/2121 3075/6213/2121
f 3099/6166/2122 3077/6211/2122 3084/6219/2122
f 3076/6220/2123 3075/6221/2123 3082/6222/2123 3083/6223/2123
f 3074/6215/2124 3073/6209/2124 3080/6224/2124 3081/6225/2124
f 3072/6226/2125 3071/6210/2125 3078/6227/2125 3079/6228/2125
f 3077/6218/2126 3076/6217/2126 3083/6229/2126 3084/6230/2126
f 3075/6213/2127 3074/6215/2127 3081/6225/2127 3082/6231/2127
f 3073/6209/2128 3072/6208/2128 3079/6232/2128 3080/6224/2128
f 3071/6210/2129 3100/6164/2129 3078/6227/2129
f 3079/6228/2130 3078/6227/2130 3085/6233/2130 3086/6234/2130
f 3084/6235/2131 3083/6223/2131 3090/6236/2131 3091/6237/2131
f 3082/6222/2132 3081/6238/2132 3088/6239/2132 3089/6240/2132
f 3080/6224/2133 3079/6232/2133 3086/6241/2133 3087/6242/2133
f 3078/6227/2134 3100/6164/2134 3085/6233/2134
f 3099/6166/2135 3084/6219/2135 3091/6243/2135
f 3083/6223/2136 3082/6222/2136 3089/6240/2136 3090/6236/2136
f 3081/6238/2137 3080/6244/2137 3087/6245/2137 3088/6239/2137
f 3091/6246/2138 3090/6247/2138 3097/6248/2138 3098/6249/2138
f 3089/6250/2139 3088/6251/2139 3095/6252/2139 3096/6253/2139
f 3087/6254/2140 3086/6255/2140 3093/6256/2140 3094/6257/2140
f 3085/6233/2141 3100/6164/2141 3092/6258/2141
f 3099/6166/2142 3091/6243/2142 3098/6259/2142
f 3090/6247/2143 3089/6250/2143 3096/6253/2143 3097/6248/2143
f 3088/6251/2144 3087/6260/2144 3094/6261/2144 3095/6252/2144
f 3086/6255/2145 3085/6262/2145 3092/6263/2145 3093/6256/2145
f 3092/6258/2146 3100/6164/2146 3101/6264/2146
f 3099/6166/2147 3098/6259/2147 3107/6265/2147
f 3097/6248/2148 3096/6253/2148 3105/6266/2148 3106/6267/2148
f 3095/6252/2149 3094/6261/2149 3103/6268/2149 3104/6269/2149
f 3093/6256/2150 3092/6263/2150 3101/6270/2150 3102/6271/2150
f 3098/6249/2151 3097/6248/2151 3106/6267/2151 3107/6272/2151
f 3096/6253/2152 3095/6252/2152 3104/6269/2152 3105/6266/2152
f 3094/6257/2153 3093/6256/2153 3102/6271/2153 3103/6273/2153
f 3106/6267/2154 3105/6266/2154 3112/6274/2154 3113/6275/2154
f 3104/6269/2155 3103/6268/2155 3110/6276/2155 3111/6277/2155
f 3102/6271/2156 3101/6270/2156 3108/6278/2156 3109/6279/2156
f 3107/6272/2157 3106/6267/2157 3113/6275/2157 3114/6280/2157
f 3105/6266/2158 3104/6269/2158 3111/6277/2158 3112/6274/2158
f 3103/6273/2159 3102/6271/2159 3109/6279/2159 3110/6281/2159
f 3101/6264/2160 3100/6164/2160 3108/6282/2160
f 3099/6166/2161 3107/6265/2161 3114/6283/2161
f 3114/6284/2162 3113/6285/2162 3120/6286/2162 3121/6287/2162
f 3112/6288/2163 3111/6289/2163 3118/6290/2163 3119/6291/2163
f 3110/6281/2164 3109/6279/2164 3116/6292/2164 3117/6293/2164
f 3108/6282/2165 3100/6164/2165 3115/6294/2165
f 3099/6166/2166 3114/6283/2166 3121/6295/2166
f 3113/6285/2167 3112/6288/2167 3119/6291/2167 3120/6286/2167
f 3111/6289/2168 3110/6296/2168 3117/6297/2168 3118/6290/2168
f 3109/6279/2169 3108/6278/2169 3115/6298/2169 3116/6292/2169
f 3119/6291/2170 3118/6290/2170 3125/6299/2170 3126/6300/2170
f 3117/6293/2171 3116/6292/2171 3123/6301/2171 3124/6302/2171
f 3115/6294/2172 3100/6164/2172 3122/6303/2172
f 3099/6166/2173 3121/6295/2173 3128/6304/2173
f 3120/6286/2174 3119/6291/2174 3126/6300/2174 3127/6305/2174
f 3118/6290/2175 3117/6297/2175 3124/6306/2175 3125/6299/2175
f 3116/6292/2176 3115/6298/2176 3122/6307/2176 3123/6301/2176
f 3121/6287/2177 3120/6286/2177 3127/6305/2177 3128/6308/2177
f 3099/6166/2178 3128/6304/2178 3135/6309/2178
f 3127/6305/2179 3126/6300/2179 3133/6310/2179 3134/6311/2179
f 3125/6299/2180 3124/6306/2180 3131/6312/2180 3132/6313/2180
f 3123/6301/2181 3122/6307/2181 3129/6314/2181 3130/6315/2181
f 3128/6308/2182 3127/6305/2182 3134/6311/2182 3135/6316/2182
f 3126/6300/2183 3125/6299/2183 3132/6313/2183 3133/6310/2183
f 3124/6306/2184 3123/6317/2184 3130/6318/2184 3131/6312/2184
f 3122/6303/2185 3100/6164/2185 3129/6319/2185
f 3132/6313/2186 3131/6312/2186 3138/6320/2186 3139/6321/2186
f 3130/6315/2187 3129/6314/2187 3136/6322/2187 3137/6323/2187
f 3135/6324/2188 3134/6325/2188 3141/6326/2188 3142/6327/2188
f 3133/6310/2189 3132/6313/2189 3139/6321/2189 3140/6328/2189
f 3131/6329/2190 3130/6330/2190 3137/6331/2190 3138/6332/2190
f 3129/6319/2191 3100/6164/2191 3136/6333/2191
f 3099/6166/2192 3135/6309/2192 3142/6334/2192
f 3134/6311/2193 3133/6310/2193 3140/6328/2193 3141/6335/2193
f 3142/6327/2194 3141/6326/2194 3148/6336/2194 3149/6337/2194
f 3140/6338/2195 3139/6339/2195 3146/6340/2195 3147/6341/2195
f 3138/6332/2196 3137/6331/2196 3144/6342/2196 3145/6343/2196
f 3136/6333/2197 3100/6164/2197 3143/6344/2197
f 3099/6166/2198 3142/6334/2198 3149/6345/2198
f 3141/6335/2199 3140/6328/2199 3147/6346/2199 3148/6347/2199
f 3139/6339/2200 3138/6332/2200 3145/6343/2200 3146/6340/2200
f 3137/6331/2201 3136/6348/2201 3143/6349/2201 3144/6342/2201
f 3145/6343/2202 3144/6342/2202 3151/6160/2202 3039/6159/2202
f 3143/6344/2203 3100/6164/2203 3150/6163/2203
f 3099/6166/2204 3149/6345/2204 3042/6167/2204
f 3148/6336/2205 3147/6350/2205 3041/6169/2205 3152/6152/2205
f 3146/6340/2206 3145/6343/2206 3039/6159/2206 3040/6156/2206
f 3144/6342/2207 3143/6349/2207 3150/6171/2207 3151/6160/2207
f 3149/6337/2208 3148/6336/2208 3152/6152/2208 3042/6151/2208
f 3147/6341/2209 3146/6340/2209 3040/6156/2209 3041/6155/2209
f 3156/6351/2210 3163/6352/2210 3162/6353/2210 3266/6354/2210
f 3155/6355/2211 3161/6356/2211 3160/6357/2211 3154/6358/2211
f 3153/6359/2212 3159/6360/2212 3158/6361/2212 3265/6362/2212
f 3264/6363/2213 3157/6364/2213 3214/6365/2213
f 3213/6366/2214 3163/6352/2214 3156/6351/2214
f 3266/6367/2215 3162/6368/2215 3161/6356/2215 3155/6355/2215
f 3154/6358/2216 3160/6357/2216 3159/6360/2216 3153/6359/2216
f 3265/6369/2217 3158/6370/2217 3157/6364/2217 3264/6363/2217
f 3213/6366/2218 3170/6371/2218 3163/6352/2218
f 3162/6368/2219 3169/6372/2219 3168/6373/2219 3161/6356/2219
f 3160/6357/2220 3167/6374/2220 3166/6375/2220 3159/6360/2220
f 3158/6370/2221 3165/6376/2221 3164/6377/2221 3157/6364/2221
f 3163/6352/2222 3170/6371/2222 3169/6378/2222 3162/6353/2222
f 3161/6356/2223 3168/6373/2223 3167/6374/2223 3160/6357/2223
f 3159/6360/2224 3166/6375/2224 3165/6379/2224 3158/6361/2224
f 3157/6364/2225 3164/6377/2225 3214/6365/2225
f 3167/6374/2226 3174/6380/2226 3173/6381/2226 3166/6375/2226
f 3165/6376/2227 3172/6382/2227 3171/6383/2227 3164/6377/2227
f 3170/6371/2228 3177/6384/2228 3176/6385/2228 3169/6378/2228
f 3168/6373/2229 3175/6386/2229 3174/6380/2229 3167/6374/2229
f 3166/6375/2230 3173/6381/2230 3172/6387/2230 3165/6379/2230
f 3164/6377/2231 3171/6383/2231 3214/6365/2231
f 3213/6366/2232 3177/6384/2232 3170/6371/2232
f 3169/6372/2233 3176/6388/2233 3175/6386/2233 3168/6373/2233
f 3177/6384/2234 3184/6389/2234 3183/6390/2234 3176/6385/2234
f 3175/6391/2235 3182/6392/2235 3181/6393/2235 3174/6394/2235
f 3173/6381/2236 3180/6395/2236 3179/6396/2236 3172/6387/2236
f 3171/6383/2237 3178/6397/2237 3214/6365/2237
f 3213/6366/2238 3184/6389/2238 3177/6384/2238
f 3176/6398/2239 3183/6399/2239 3182/6392/2239 3175/6391/2239
f 3174/6380/2240 3181/6400/2240 3180/6395/2240 3173/6381/2240
f 3172/6382/2241 3179/6401/2241 3178/6397/2241 3171/6383/2241
f 3180/6402/2242 3187/6403/2242 3186/6404/2242 3179/6405/2242
f 3178/6397/2243 3185/6406/2243 3214/6365/2243
f 3213/6366/2244 3191/6407/2244 3184/6389/2244
f 3183/6399/2245 3190/6408/2245 3189/6409/2245 3182/6392/2245
f 3181/6393/2246 3188/6410/2246 3187/6403/2246 3180/6402/2246
f 3179/6401/2247 3186/6411/2247 3185/6406/2247 3178/6397/2247
f 3184/6389/2248 3191/6407/2248 3190/6412/2248 3183/6390/2248
f 3182/6392/2249 3189/6409/2249 3188/6410/2249 3181/6393/2249
f 3213/6366/2250 3198/6413/2250 3191/6407/2250
f 3190/6408/2251 3197/6414/2251 3196/6415/2251 3189/6409/2251
f 3188/6410/2252 3195/6416/2252 3194/6417/2252 3187/6403/2252
f 3186/6411/2253 3193/6418/2253 3192/6419/2253 3185/6406/2253
f 3191/6407/2254 3198/6413/2254 3197/6420/2254 3190/6412/2254
f 3189/6409/2255 3196/6415/2255 3195/6416/2255 3188/6410/2255
f 3187/6403/2256 3194/6417/2256 3193/6421/2256 3186/6404/2256
f 3185/6406/2257 3192/6419/2257 3214/6365/2257
f 3193/6418/2258 3200/6422/2258 3199/6423/2258 3192/6419/2258
f 3198/6413/2259 3205/6424/2259 3204/6425/2259 3197/6420/2259
f 3196/6415/2260 3203/6426/2260 3202/6427/2260 3195/6416/2260
f 3194/6417/2261 3201/6428/2261 3200/6429/2261 3193/6421/2261
f 3192/6419/2262 3199/6423/2262 3214/6365/2262
f 3213/6366/2263 3205/6424/2263 3198/6413/2263
f 3197/6414/2264 3204/6430/2264 3203/6426/2264 3196/6415/2264
f 3195/6416/2265 3202/6427/2265 3201/6428/2265 3194/6417/2265
f 3205/6424/2266 3212/6431/2266 3211/6432/2266 3204/6425/2266
f 3203/6433/2267 3210/6434/2267 3209/6435/2267 3202/6436/2267
f 3201/6437/2268 3208/6438/2268 3207/6439/2268 3200/6422/2268
f 3199/6423/2269 3206/6440/2269 3214/6365/2269
f 3213/6366/2270 3212/6431/2270 3205/6424/2270
f 3204/6441/2271 3211/6442/2271 3210/6434/2271 3203/6433/2271
f 3202/6436/2272 3209/6435/2272 3208/6443/2272 3201/6444/2272
f 3200/6422/2273 3207/6439/2273 3206/6440/2273 3199/6423/2273
f 3206/6440/2274 3215/6445/2274 3214/6365/2274
f 3213/6366/2275 3221/6446/2275 3212/6431/2275
f 3211/6447/2276 3220/6448/2276 3219/6449/2276 3210/6450/2276
f 3209/6451/2277 3218/6452/2277 3217/6453/2277 3208/6454/2277
f 3207/6439/2278 3216/6455/2278 3215/6445/2278 3206/6440/2278
f 3212/6431/2279 3221/6446/2279 3220/6456/2279 3211/6432/2279
f 3210/6450/2280 3219/6449/2280 3218/6452/2280 3209/6451/2280
f 3208/6454/2281 3217/6453/2281 3216/6457/2281 3207/6458/2281
f 3220/6448/2282 3227/6459/2282 3226/6460/2282 3219/6449/2282
f 3218/6452/2283 3225/6461/2283 3224/6462/2283 3217/6453/2283
f 3216/6455/2284 3223/6463/2284 3222/6464/2284 3215/6445/2284
f 3221/6446/2285 3228/6465/2285 3227/6466/2285 3220/6456/2285
f 3219/6449/2286 3226/6460/2286 3225/6461/2286 3218/6452/2286
f 3217/6453/2287 3224/6462/2287 3223/6467/2287 3216/6457/2287
f 3215/6445/2288 3222/6464/2288 3214/6365/2288
f 3213/6366/2289 3228/6465/2289 3221/6446/2289
f 3228/6465/2290 3235/6468/2290 3234/6469/2290 3227/6466/2290
f 3226/6460/2291 3233/6470/2291 3232/6471/2291 3225/6461/2291
f 3224/6462/2292 3231/6472/2292 3230/6473/2292 3223/6467/2292
f 3222/6464/2293 3229/6474/2293 3214/6365/2293
f 3213/6366/2294 3235/6468/2294 3228/6465/2294
f 3227/6459/2295 3234/6475/2295 3233/6470/2295 3226/6460/2295
f 3225/6461/2296 3232/6471/2296 3231/6472/2296 3224/6462/2296
f 3223/6463/2297 3230/6476/2297 3229/6474/2297 3222/6464/2297
f 3233/6470/2298 3240/6477/2298 3239/6478/2298 3232/6471/2298
f 3231/6479/2299 3238/6480/2299 3237/6481/2299 3230/6482/2299
f 3229/6474/2300 3236/6483/2300 3214/6365/2300
f 3213/6366/2301 3242/6484/2301 3235/6468/2301
f 3234/6475/2302 3241/6485/2302 3240/6477/2302 3233/6470/2302
f 3232/6486/2303 3239/6487/2303 3238/6480/2303 3231/6479/2303
f 3230/6476/2304 3237/6488/2304 3236/6483/2304 3229/6474/2304
f 3235/6468/2305 3242/6484/2305 3241/6489/2305 3234/6469/2305
f 3213/6366/2306 3249/6490/2306 3242/6484/2306
f 3241/6491/2307 3248/6492/2307 3247/6493/2307 3240/6494/2307
f 3239/6487/2308 3246/6495/2308 3245/6496/2308 3238/6480/2308
f 3237/6488/2309 3244/6497/2309 3243/6498/2309 3236/6483/2309
f 3242/6484/2310 3249/6490/2310 3248/6499/2310 3241/6489/2310
f 3240/6494/2311 3247/6493/2311 3246/6495/2311 3239/6487/2311
f 3238/6480/2312 3245/6496/2312 3244/6500/2312 3237/6481/2312
f 3236/6483/2313 3243/6498/2313 3214/6365/2313
f 3246/6495/2314 3253/6501/2314 3252/6502/2314 3245/6496/2314
f 3244/6497/2315 3251/6503/2315 3250/6504/2315 3243/6498/2315
f 3249/6490/2316 3256/6505/2316 3255/6506/2316 3248/6499/2316
f 3247/6493/2317 3254/6507/2317 3253/6501/2317 3246/6495/2317
f 3245/6496/2318 3252/6502/2318 3251/6508/2318 3244/6500/2318
f 3243/6498/2319 3250/6504/2319 3214/6365/2319
f 3213/6366/2320 3256/6505/2320 3249/6490/2320
f 3248/6492/2321 3255/6509/2321 3254/6507/2321 3247/6493/2321
f 3256/6505/2322 3263/6510/2322 3262/6511/2322 3255/6506/2322
f 3254/6507/2323 3261/6512/2323 3260/6513/2323 3253/6501/2323
f 3252/6502/2324 3259/6514/2324 3258/6515/2324 3251/6508/2324
f 3250/6504/2325 3257/6516/2325 3214/6365/2325
f 3213/6366/2326 3263/6510/2326 3256/6505/2326
f 3255/6509/2327 3262/6517/2327 3261/6512/2327 3254/6507/2327
f 3253/6501/2328 3260/6513/2328 3259/6514/2328 3252/6502/2328
f 3251/6503/2329 3258/6518/2329 3257/6516/2329 3250/6504/2329
f 3259/6514/2330 3153/6519/2330 3265/6520/2330 3258/6515/2330
f 3257/6516/2331 3264/6363/2331 3214/6365/2331
f 3213/6366/2332 3156/6351/2332 3263/6510/2332
f 3262/6511/2333 3266/6354/2333 3155/6521/2333 3261/6522/2333
f 3260/6513/2334 3154/6523/2334 3153/6519/2334 3259/6514/2334
f 3258/6518/2335 3265/6369/2335 3264/6363/2335 3257/6516/2335
f 3263/6510/2336 3156/6351/2336 3266/6354/2336 3262/6511/2336
f 3261/6512/2337 3155/6524/2337 3154/6523/2337 3260/6513/2337
o Finger_1
v 4.502735 -1.641773 2.965122
v 5.267004 0.662792 1.706844
v 4.607220 -1.559733 3.055928
v 5.321327 0.634116 1.849673
v 4.594785 -1.458742 3.182431
v 5.288115 0.689248 1.997724
v 4.472713 -1.397957 3.270527
v 5.186821 0.795892 2.064272
v 4.312515 -1.412987 3.268611
v 5.076784 0.891578 2.010333
v 4.208029 -1.495026 3.177805
v 5.022461 0.920254 1.867505
v 4.220465 -1.596018 3.051302
v 5.055674 0.865122 1.719453
v 4.342535 -1.656803 2.963206
v 5.156968 0.758477 1.652905
v 4.450449 -1.359435 2.719508
v 4.398164 -1.077096 2.473895
v 4.351166 -0.792937 2.230223
v 4.377004 -0.489161 2.017416
v 4.494274 -0.176022 1.854857
v 4.695813 0.127363 1.752470
v 4.968976 0.402737 1.716090
v 5.023300 0.374062 1.858918
v 4.771194 0.120304 1.892201
v 4.587305 -0.156510 1.985620
v 4.480307 -0.442223 2.133943
v 4.456731 -0.719393 2.328111
v 4.502649 -0.995056 2.564701
v 4.554934 -1.277395 2.810314
v 4.990087 0.429194 2.006970
v 4.746703 0.184389 2.038970
v 4.570126 -0.081418 2.128675
v 4.467382 -0.355771 2.271100
v 4.444744 -0.621920 2.457548
v 4.490214 -0.894064 2.691204
v 4.542499 -1.176403 2.936817
v 4.888794 0.535838 2.073518
v 4.636688 0.282080 2.106800
v 4.452799 0.005267 2.200220
v 4.345801 -0.280447 2.348542
v 4.322226 -0.557617 2.542711
v 4.368143 -0.833280 2.779301
v 4.420428 -1.115619 3.024914
v 4.778756 0.631524 2.019579
v 4.505593 0.356149 2.055959
v 4.304053 0.052765 2.158346
v 4.186784 -0.260375 2.320906
v 4.160945 -0.564150 2.533713
v 4.207944 -0.848310 2.777385
v 4.260229 -1.130648 3.022998
v 4.724433 0.660200 1.876750
v 4.430213 0.363209 1.916227
v 4.211021 0.033252 2.027582
v 4.083481 -0.307313 2.204379
v 4.055379 -0.637694 2.435825
v 4.103459 -0.930349 2.686579
v 4.155744 -1.212688 2.932192
v 4.757646 0.605067 1.728699
v 4.454704 0.299123 1.769459
v 4.228200 -0.041840 1.884528
v 4.096406 -0.393765 2.067222
v 4.067367 -0.735167 2.306388
v 4.115894 -1.031341 2.560076
v 4.168179 -1.313680 2.805689
v 4.858939 0.498423 1.662151
v 4.564719 0.201433 1.701628
v 4.345527 -0.128524 1.812982
v 4.217987 -0.469089 1.989780
v 4.189885 -0.799471 2.221225
v 4.237965 -1.092126 2.471980
v 4.290250 -1.374464 2.717592
v -4.502735 -1.641770 2.965122
v -5.267003 0.662796 1.706845
v -4.607220 -1.559730 3.055928
v -5.321326 0.634120 1.849674
v -4.594785 -1.458738 3.182431
v -5.288114 0.689252 1.997725
v -4.472714 -1.397954 3.270528
v -5.186820 0.795896 2.064273
v -4.312515 -1.412984 3.268612
v -5.076783 0.891582 2.010334
v -4.208030 -1.495023 3.177806
v -5.022460 0.920258 1.867505
v -4.220465 -1.596015 3.051303
v -5.055673 0.865126 1.719454
v -4.342536 -1.656800 2.963207
v -5.156966 0.758481 1.652906
v -4.450449 -1.359431 2.719510
v -4.398164 -1.077093 2.473896
v -4.351165 -0.792934 2.230224
v -4.377004 -0.489158 2.017417
v -4.494272 -0.176019 1.854857
v -4.695813 0.127367 1.752470
v -4.968975 0.402741 1.716091
v -5.023298 0.374065 1.858919
v -4.771193 0.120307 1.892202
v -4.587304 -0.156507 1.985622
v -4.480306 -0.442220 2.133944
v -4.456730 -0.719390 2.328112
v -4.502648 -0.995053 2.564702
v -4.554935 -1.277392 2.810315
v -4.990085 0.429197 2.006971
v -4.746702 0.184393 2.038971
v -4.570125 -0.081414 2.128676
v -4.467382 -0.355768 2.271100
v -4.444744 -0.621917 2.457549
v -4.490214 -0.894061 2.691205
v -4.542499 -1.176400 2.936818
v -4.888793 0.535841 2.073519
v -4.636687 0.282084 2.106801
v -4.452798 0.005270 2.200221
v -4.345800 -0.280444 2.348543
v -4.322226 -0.557613 2.542711
v -4.368143 -0.833277 2.779301
v -4.420429 -1.115615 3.024915
v -4.778755 0.631527 2.019580
v -4.505592 0.356153 2.055960
v -4.304052 0.052768 2.158347
v -4.186783 -0.260372 2.320907
v -4.160945 -0.564147 2.533714
v -4.207944 -0.848306 2.777386
v -4.260229 -1.130645 3.022999
v -4.724432 0.660203 1.876751
v -4.430212 0.363213 1.916228
v -4.211020 0.033255 2.027583
v -4.083480 -0.307310 2.204380
v -4.055380 -0.637691 2.435826
v -4.103459 -0.930346 2.686579
v -4.155745 -1.212685 2.932193
v -4.757644 0.605071 1.728700
v -4.454702 0.299127 1.769460
v -4.228200 -0.041837 1.884528
v -4.096405 -0.393762 2.067223
v -4.067367 -0.735164 2.306389
v -4.115894 -1.031338 2.560077
v -4.168179 -1.313677 2.805690
v -4.858938 0.498427 1.662152
v -4.564718 0.201436 1.701629
v -4.345526 -0.128521 1.812984
v -4.217987 -0.469086 1.989780
v -4.189885 -0.799468 2.221226
v -4.237965 -1.092123 2.471980
v -4.290250 -1.374461 2.717593
vn 0.6039 -0.7053 -0.3713
vn 0.6115 -0.6868 0.3929
vn 0.2867 -0.2962 0.9111
vn -0.2152 0.2799 0.9356
vn -0.6039 0.7053 0.3713
vn -0.6115 0.6868 -0.3929
vn 0.6834 0.7209 -0.1152
vn -0.2867 0.2962 -0.9111
vn 0.2152 -0.2799 -0.9356
vn 0.0654 -0.7767 0.6265
vn 0.0698 -0.6473 -0.7590
vn 0.0690 -0.6427 -0.7630
vn 0.0688 -0.5763 -0.8143
vn 0.0899 -0.4852 -0.8698
vn 0.1304 -0.3937 -0.9099
vn 0.1874 -0.3093 -0.9323
vn -0.6492 -0.5641 -0.5103
vn -0.6511 -0.5526 -0.5203
vn -0.6551 -0.3953 -0.6439
vn -0.6044 -0.1769 -0.7768
vn -0.4989 0.0393 -0.8658
vn -0.3540 0.2300 -0.9065
vn -0.9871 -0.1577 0.0289
vn -0.9891 -0.1461 0.0189
vn -0.9947 0.0131 -0.1020
vn -0.9440 0.2316 -0.2349
vn -0.8335 0.4417 -0.3319
vn -0.6808 0.6230 -0.3852
vn -0.7552 0.3450 0.5573
vn -0.7560 0.3497 0.5533
vn -0.7570 0.4169 0.5032
vn -0.7359 0.5080 0.4477
vn -0.6932 0.5968 0.4041
vn -0.6327 0.6770 0.3760
vn -0.0698 0.6473 0.7590
vn -0.0690 0.6429 0.7628
vn -0.0688 0.5763 0.8143
vn -0.0899 0.4852 0.8698
vn -0.1304 0.3937 0.9099
vn -0.1876 0.3090 0.9324
vn 0.6492 0.5641 0.5103
vn 0.6509 0.5541 0.5189
vn 0.6551 0.3954 0.6439
vn 0.6044 0.1769 0.7768
vn 0.4989 -0.0393 0.8658
vn 0.3526 -0.2317 0.9067
vn 0.9871 0.1577 -0.0289
vn 0.9888 0.1477 -0.0201
vn 0.9947 -0.0131 0.1020
vn 0.9440 -0.2316 0.2349
vn 0.8335 -0.4417 0.3319
vn 0.6792 -0.6246 0.3855
vn 0.7552 -0.3450 -0.5573
vn 0.7560 -0.3494 -0.5535
vn 0.7570 -0.4169 -0.5032
vn 0.7359 -0.5080 -0.4477
vn 0.6932 -0.5968 -0.4041
vn 0.6324 -0.6773 -0.3760
vn -0.6039 -0.7053 -0.3713
vn -0.6115 -0.6868 0.3929
vn -0.2867 -0.2962 0.9111
vn 0.2152 0.2799 0.9356
vn 0.6039 0.7053 0.3713
vn 0.6115 0.6868 -0.3929
vn -0.6834 0.7209 -0.1152
vn 0.2867 0.2962 -0.9111
vn -0.2152 -0.2799 -0.9356
vn -0.0654 -0.7767 0.6265
vn -0.0698 -0.6473 -0.7590
vn -0.0690 -0.6427 -0.7630
vn -0.0688 -0.5763 -0.8143
vn -0.0899 -0.4852 -0.8698
vn -0.1304 -0.3937 -0.9099
vn -0.1874 -0.3093 -0.9323
vn 0.6492 -0.5641 -0.5103
vn 0.6511 -0.5526 -0.5203
vn 0.6551 -0.3954 -0.6439
vn 0.6044 -0.1769 -0.7768
vn 0.4989 0.0393 -0.8658
vn 0.3540 0.2300 -0.9065
vn 0.9871 -0.1577 0.0289
vn 0.9891 -0.1461 0.0189
vn 0.9947 0.0131 -0.1020
vn 0.9440 0.2316 -0.2349
vn 0.8335 0.4417 -0.3319
vn 0.6808 0.6230 -0.3852
vn 0.7552 0.3450 0.5573
vn 0.7560 0.3497 0.5533
vn 0.7570 0.4169 0.5032
vn 0.7359 0.5080 0.4477
vn 0.6932 0.5968 0.4041
vn 0.6327 0.6770 0.3760
vn 0.0698 0.6473 0.7590
vn 0.0690 0.6429 0.7628
vn 0.0688 0.5763 0.8143
vn 0.0899 0.4852 0.8698
vn 0.1304 0.3937 0.9099
vn 0.1876 0.3090 0.9324
vn -0.6492 0.5641 0.5103
vn -0.6509 0.5541 0.5189
vn -0.6551 0.3953 0.6439
vn -0.6044 0.1769 0.7768
vn -0.4989 -0.0393 0.8658
vn -0.3526 -0.2317 0.9067
vn -0.9871 0.1577 -0.0289
vn -0.9888 0.1477 -0.0202
vn -0.9947 -0.0131 0.1020
vn -0.9440 -0.2316 0.2349
vn -0.8335 -0.4417 0.3319
vn -0.6792 -0.6246 0.3855
vn -0.7552 -0.3450 -0.5573
vn -0.7560 -0.3494 -0.5535
vn -0.7570 -0.4169 -0.5032
vn -0.7359 -0.5080 -0.4477
vn -0.6932 -0.5968 -0.4041
vn -0.6324 -0.6773 -0.3760
vt 0.893247 0.182858
vt 0.893428 0.311509
vt 0.864702 0.365153
vt 0.864521 0.236502
vt 0.794488 0.387810
vt 0.794307 0.259158
vt 0.723916 0.366206
vt 0.723735 0.237555
vt 0.694326 0.312998
vt 0.694145 0.184347
vt 0.694085 0.304888
vt 0.694043 0.433520
vt 0.665180 0.379942
vt 0.665222 0.251310
vt 0.594901 0.357450
vt 0.594942 0.228818
vt 0.523776 0.486075
vt 0.494913 0.432498
vt 0.524374 0.379219
vt 0.664582 0.486798
vt 0.594055 0.508567
vt 0.524415 0.250587
vt 0.494954 0.303866
vt 0.123076 0.746039
vt 0.174056 0.797363
vt 0.174056 0.872982
vt 0.123076 0.928599
vt 0.050980 0.931635
vt 0.000000 0.880311
vt 0.000000 0.804691
vt 0.050980 0.749074
vt 0.635700 0.765742
vt 0.635710 0.699194
vt 0.664168 0.765505
vt 0.664158 0.832054
vt 0.635719 0.632646
vt 0.664178 0.698957
vt 0.635700 0.567021
vt 0.664160 0.635065
vt 0.974731 0.141135
vt 0.949933 0.163537
vt 0.951930 0.087704
vt 0.974731 0.067105
vt 0.922269 0.138704
vt 0.926494 0.064871
vt 0.893428 0.068152
vt 0.899976 -0.000000
vt 0.524370 0.128999
vt 0.494913 0.190931
vt 0.565596 0.737855
vt 0.565606 0.671307
vt 0.565616 0.604759
vt 0.565595 0.538417
vt 0.565149 0.508567
vt 0.635268 0.538135
vt 0.937552 0.222009
vt 0.908965 0.196347
vt 0.594619 0.025106
vt 0.594895 0.103645
vt 0.524102 0.052995
vt 0.494913 0.764729
vt 0.494923 0.698180
vt 0.494933 0.631632
vt 0.494913 0.566008
vt 0.891156 0.597281
vt 0.872139 0.566118
vt 0.921529 0.508567
vt 0.941181 0.540769
vt 0.664435 0.029422
vt 0.664909 0.053718
vt 0.594129 0.000000
vt 0.665176 0.129721
vt 0.918379 0.809911
vt 0.901899 0.757433
vt 0.924700 0.702081
vt 0.941181 0.754558
vt 0.885418 0.704956
vt 0.908220 0.649604
vt 0.868848 0.654045
vt 0.851363 0.625392
vt 0.833610 0.626557
vt 0.852831 0.567385
vt 0.693798 0.122070
vt 0.694043 0.191953
vt 0.804999 0.771849
vt 0.804992 0.705290
vt 0.833602 0.639028
vt 0.833609 0.705587
vt 0.804984 0.638732
vt 0.833595 0.572469
vt 0.804997 0.576562
vt 0.833609 0.508567
vt 0.664178 0.860855
vt 0.684982 0.879649
vt 0.686979 0.955482
vt 0.664178 0.934884
vt 0.708191 0.858816
vt 0.712416 0.932649
vt 0.732387 0.799627
vt 0.738934 0.867779
vt 0.723678 0.133255
vt 0.694085 0.071392
vt 0.734824 0.799627
vt 0.734817 0.733068
vt 0.734810 0.666509
vt 0.734822 0.605056
vt 0.735096 0.581775
vt 0.805283 0.552316
vt 0.672601 0.821177
vt 0.694887 0.801173
vt 0.794463 0.097200
vt 0.794251 0.158444
vt 0.723898 0.069475
vt 0.664193 0.772647
vt 0.664185 0.706088
vt 0.664178 0.639529
vt 0.664191 0.577359
vt 0.212823 0.830195
vt 0.219879 0.800368
vt 0.284718 0.839707
vt 0.277942 0.868349
vt 0.865168 0.048022
vt 0.864685 0.068422
vt 0.794927 0.077611
vt 0.864464 0.132202
vt 0.175192 0.946915
vt 0.174624 0.891808
vt 0.213424 0.937443
vt 0.213992 0.992550
vt 0.174056 0.836701
vt 0.212856 0.882337
vt 0.174056 0.783061
vt 0.181790 0.750370
vt 0.198975 0.746039
vt 0.235560 0.796415
vt 0.893428 0.000000
vt 0.893187 0.069903
vt 0.492462 0.205195
vt 0.449582 0.174741
vt 0.443095 0.005932
vt 0.485975 0.036385
vt 0.374916 0.168809
vt 0.368429 0.000000
vt 0.312202 0.190875
vt 0.305715 0.022065
vt 0.298177 0.228011
vt 0.291690 0.059202
vt 0.246712 0.249423
vt 0.197960 0.269267
vt 0.242938 0.106425
vt 0.291690 0.086581
vt 0.123927 0.257940
vt 0.168904 0.095098
vt 0.156622 0.000000
vt 0.230656 0.011327
vt 0.286603 0.047190
vt 0.112957 0.059235
vt 0.107870 0.019844
vt 0.067980 0.222077
vt 0.062892 0.182686
vt 0.471368 0.827222
vt 0.418742 0.879896
vt 0.344317 0.879059
vt 0.291690 0.825201
vt 0.291690 0.749873
vt 0.344317 0.697200
vt 0.418742 0.698037
vt 0.471368 0.751894
vt 0.328763 0.697200
vt 0.348016 0.625273
vt 0.380113 0.623650
vt 0.360860 0.695577
vt 0.412210 0.622027
vt 0.392957 0.693953
vt 0.443928 0.617675
vt 0.425590 0.689315
vt 0.961595 0.842192
vt 0.941181 0.770735
vt 0.949799 0.721444
vt 0.970968 0.788583
vt 0.949799 0.632239
vt 0.970968 0.691566
vt 0.941181 0.508567
vt 0.961595 0.557062
vt 0.026412 0.387435
vt 0.024274 0.336168
vt 0.822879 0.464493
vt 0.768456 0.451430
vt 0.768456 0.430890
vt 0.822879 0.443953
vt 0.768456 0.410350
vt 0.822879 0.423413
vt 0.766108 0.387809
vt 0.820453 0.400575
vt 0.790555 0.884364
vt 0.790555 0.828951
vt 0.826685 0.799627
vt 0.827890 0.854062
vt 0.053844 0.667402
vt -0.000000 0.618899
vt 0.003100 0.523035
vt 0.057048 0.568340
vt 0.081137 0.428217
vt 0.943694 0.398750
vt 0.893428 0.342642
vt 0.893428 0.302918
vt 0.943694 0.359026
vt 0.893428 0.263194
vt 0.943694 0.319302
vt 0.895155 0.222009
vt 0.945365 0.278596
vt 0.147282 0.716362
vt 0.071722 0.719352
vt 0.129981 0.666089
vt 0.133081 0.570225
vt 0.156393 0.434625
vt 0.291690 0.691144
vt 0.240083 0.746039
vt 0.209093 0.737166
vt 0.260701 0.682270
vt 0.178104 0.728292
vt 0.229712 0.673397
vt 0.199717 0.661954
vt 0.183810 0.615729
vt 0.186660 0.527585
vt 0.208094 0.402905
vt 0.766108 0.483368
vt 0.695774 0.507857
vt 0.694930 0.475634
vt 0.765263 0.451144
vt 0.694085 0.443410
vt 0.764419 0.418921
vt 0.695990 0.411363
vt 0.766108 0.387810
vt 1.000000 0.747773
vt 0.979586 0.819230
vt 0.970968 0.769939
vt 0.992137 0.702799
vt 0.970968 0.680734
vt 0.992137 0.621407
vt 0.979586 0.557062
vt 1.000000 0.508567
vt 0.314500 0.336889
vt 0.300628 0.386262
vt 0.877302 0.449696
vt 0.822879 0.462759
vt 0.822879 0.442219
vt 0.877302 0.429155
vt 0.822879 0.421678
vt 0.877302 0.408615
vt 0.824848 0.400575
vt 0.879193 0.387810
vt 0.863903 0.833428
vt 0.863903 0.888783
vt 0.833609 0.864293
vt 0.834814 0.809911
vt 0.355248 0.496204
vt 0.291690 0.531058
vt 0.307519 0.452130
vt 0.370447 0.420415
vt 0.377151 0.309756
vt 0.790554 0.917477
vt 0.740275 0.973573
vt 0.740275 0.933844
vt 0.790555 0.877748
vt 0.740276 0.894114
vt 0.790555 0.838018
vt 0.738934 0.856202
vt 0.789158 0.799627
vt 0.405361 0.552719
vt 0.332482 0.532496
vt 0.429070 0.514924
vt 0.444899 0.435997
vt 0.451880 0.320755
vt 0.310364 0.560030
vt 0.342461 0.558407
vt 0.374557 0.556784
vt 0.469913 0.576252
vt 0.487261 0.489749
vt 0.494913 0.363445
s 0
usemtl Dark_Metal
f 3289/6525/2338 3268/6526/2338 3270/6527/2338 3290/6528/2338
f 3290/6528/2339 3270/6527/2339 3272/6529/2339 3297/6530/2339
f 3297/6530/2340 3272/6529/2340 3274/6531/2340 3304/6532/2340
f 3304/6532/2341 3274/6531/2341 3276/6533/2341 3311/6534/2341
f 3311/6535/2342 3276/6536/2342 3278/6537/2342 3318/6538/2342
f 3318/6538/2343 3278/6537/2343 3280/6539/2343 3325/6540/2343
f 3270/6541/2344 3268/6542/2344 3282/6543/2344 3280/6539/2344 3278/6537/2344 3276/6536/2344 3274/6544/2344 3272/6545/2344
f 3325/6540/2345 3280/6539/2345 3282/6543/2345 3332/6546/2345
f 3332/6546/2346 3282/6543/2346 3268/6542/2346 3289/6547/2346
f 3267/6548/2347 3269/6549/2347 3271/6550/2347 3273/6551/2347 3275/6552/2347 3277/6553/2347 3279/6554/2347 3281/6555/2347
f 3281/6556/2348 3338/6557/2348 3283/6558/2348 3267/6559/2348
f 3338/6557/2348 3337/6560/2348 3284/6561/2348 3283/6558/2348
f 3337/6560/2349 3336/6562/2349 3285/6563/2349 3284/6561/2349
f 3336/6564/2350 3335/6565/2350 3286/6566/2350 3285/6567/2350
f 3335/6565/2351 3334/6568/2351 3287/6569/2351 3286/6566/2351
f 3334/6568/2352 3333/6570/2352 3288/6571/2352 3287/6569/2352
f 3333/6572/2353 3332/6546/2353 3289/6547/2353 3288/6573/2353
f 3279/6574/2354 3331/6575/2354 3338/6557/2354 3281/6556/2354
f 3331/6575/2354 3330/6576/2354 3337/6560/2354 3338/6557/2354
f 3330/6576/2355 3329/6577/2355 3336/6562/2355 3337/6560/2355
f 3329/6577/2356 3328/6578/2356 3335/6579/2356 3336/6562/2356
f 3328/6580/2357 3327/6581/2357 3334/6568/2357 3335/6565/2357
f 3327/6582/2358 3326/6583/2358 3333/6572/2358 3334/6584/2358
f 3326/6583/2359 3325/6540/2359 3332/6546/2359 3333/6572/2359
f 3277/6585/2360 3324/6586/2360 3331/6575/2360 3279/6574/2360
f 3324/6586/2360 3323/6587/2360 3330/6576/2360 3331/6575/2360
f 3323/6587/2361 3322/6588/2361 3329/6577/2361 3330/6576/2361
f 3322/6589/2362 3321/6590/2362 3328/6591/2362 3329/6592/2362
f 3321/6593/2363 3320/6594/2363 3327/6582/2363 3328/6595/2363
f 3320/6594/2364 3319/6596/2364 3326/6583/2364 3327/6582/2364
f 3319/6596/2365 3318/6538/2365 3325/6540/2365 3326/6583/2365
f 3275/6597/2366 3317/6598/2366 3324/6599/2366 3277/6600/2366
f 3317/6598/2366 3316/6601/2366 3323/6602/2366 3324/6599/2366
f 3316/6601/2367 3315/6603/2367 3322/6589/2367 3323/6602/2367
f 3315/6603/2368 3314/6604/2368 3321/6590/2368 3322/6589/2368
f 3314/6604/2369 3313/6605/2369 3320/6606/2369 3321/6590/2369
f 3313/6607/2370 3312/6608/2370 3319/6596/2370 3320/6594/2370
f 3312/6608/2371 3311/6535/2371 3318/6538/2371 3319/6596/2371
f 3273/6609/2372 3310/6610/2372 3317/6611/2372 3275/6612/2372
f 3310/6610/2372 3309/6613/2372 3316/6614/2372 3317/6611/2372
f 3309/6613/2373 3308/6615/2373 3315/6616/2373 3316/6614/2373
f 3308/6617/2374 3307/6618/2374 3314/6619/2374 3315/6620/2374
f 3307/6618/2375 3306/6621/2375 3313/6622/2375 3314/6619/2375
f 3306/6621/2376 3305/6623/2376 3312/6624/2376 3313/6622/2376
f 3305/6625/2377 3304/6532/2377 3311/6534/2377 3312/6626/2377
f 3271/6627/2378 3303/6628/2378 3310/6610/2378 3273/6609/2378
f 3303/6628/2378 3302/6629/2378 3309/6613/2378 3310/6610/2378
f 3302/6629/2379 3301/6630/2379 3308/6615/2379 3309/6613/2379
f 3301/6630/2380 3300/6631/2380 3307/6632/2380 3308/6615/2380
f 3300/6633/2381 3299/6634/2381 3306/6621/2381 3307/6618/2381
f 3299/6635/2382 3298/6636/2382 3305/6625/2382 3306/6637/2382
f 3298/6636/2383 3297/6530/2383 3304/6532/2383 3305/6625/2383
f 3269/6638/2384 3296/6639/2384 3303/6628/2384 3271/6627/2384
f 3296/6639/2384 3295/6640/2384 3302/6629/2384 3303/6628/2384
f 3295/6640/2385 3294/6641/2385 3301/6630/2385 3302/6629/2385
f 3294/6642/2386 3293/6643/2386 3300/6644/2386 3301/6645/2386
f 3293/6646/2387 3292/6647/2387 3299/6635/2387 3300/6648/2387
f 3292/6647/2388 3291/6649/2388 3298/6636/2388 3299/6635/2388
f 3291/6649/2389 3290/6528/2389 3297/6530/2389 3298/6636/2389
f 3267/6650/2390 3283/6651/2390 3296/6652/2390 3269/6653/2390
f 3283/6651/2390 3284/6654/2390 3295/6655/2390 3296/6652/2390
f 3284/6654/2391 3285/6656/2391 3294/6642/2391 3295/6655/2391
f 3285/6656/2392 3286/6657/2392 3293/6643/2392 3294/6642/2392
f 3286/6657/2393 3287/6658/2393 3292/6659/2393 3293/6643/2393
f 3287/6660/2394 3288/6661/2394 3291/6649/2394 3292/6647/2394
f 3288/6661/2395 3289/6525/2395 3290/6528/2395 3291/6649/2395
f 3361/6662/2396 3362/6663/2396 3342/6664/2396 3340/6665/2396
f 3362/6663/2397 3369/6666/2397 3344/6667/2397 3342/6664/2397
f 3369/6666/2398 3376/6668/2398 3346/6669/2398 3344/6667/2398
f 3376/6668/2399 3383/6670/2399 3348/6671/2399 3346/6669/2399
f 3383/6672/2400 3390/6673/2400 3350/6674/2400 3348/6675/2400
f 3390/6673/2401 3397/6676/2401 3352/6677/2401 3350/6674/2401
f 3342/6678/2402 3344/6679/2402 3346/6680/2402 3348/6675/2402 3350/6674/2402 3352/6677/2402 3354/6681/2402 3340/6682/2402
f 3397/6676/2403 3404/6683/2403 3354/6681/2403 3352/6677/2403
f 3404/6683/2404 3361/6684/2404 3340/6682/2404 3354/6681/2404
f 3339/6685/2405 3353/6686/2405 3351/6687/2405 3349/6688/2405 3347/6689/2405 3345/6690/2405 3343/6691/2405 3341/6692/2405
f 3353/6693/2406 3339/6694/2406 3355/6695/2406 3410/6696/2406
f 3410/6696/2406 3355/6695/2406 3356/6697/2406 3409/6698/2406
f 3409/6698/2407 3356/6697/2407 3357/6699/2407 3408/6700/2407
f 3408/6701/2408 3357/6702/2408 3358/6703/2408 3407/6704/2408
f 3407/6704/2409 3358/6703/2409 3359/6705/2409 3406/6706/2409
f 3406/6706/2410 3359/6705/2410 3360/6707/2410 3405/6708/2410
f 3405/6709/2411 3360/6710/2411 3361/6684/2411 3404/6683/2411
f 3351/6711/2412 3353/6712/2412 3410/6713/2412 3403/6714/2412
f 3403/6714/2412 3410/6713/2412 3409/6715/2412 3402/6716/2412
f 3402/6716/2413 3409/6715/2413 3408/6717/2413 3401/6718/2413
f 3401/6719/2414 3408/6720/2414 3407/6721/2414 3400/6722/2414
f 3400/6723/2415 3407/6724/2415 3406/6725/2415 3399/6726/2415
f 3399/6726/2416 3406/6725/2416 3405/6709/2416 3398/6727/2416
f 3398/6727/2417 3405/6709/2417 3404/6683/2417 3397/6676/2417
f 3349/6728/2418 3351/6729/2418 3403/6730/2418 3396/6731/2418
f 3396/6731/2418 3403/6730/2418 3402/6732/2418 3395/6733/2418
f 3395/6733/2419 3402/6732/2419 3401/6734/2419 3394/6735/2419
f 3394/6736/2420 3401/6737/2420 3400/6723/2420 3393/6738/2420
f 3393/6738/2421 3400/6723/2421 3399/6726/2421 3392/6739/2421
f 3392/6739/2422 3399/6726/2422 3398/6727/2422 3391/6740/2422
f 3391/6740/2423 3398/6727/2423 3397/6676/2423 3390/6673/2423
f 3347/6741/2424 3349/6742/2424 3396/6743/2424 3389/6744/2424
f 3389/6744/2424 3396/6743/2424 3395/6745/2424 3388/6746/2424
f 3388/6746/2425 3395/6745/2425 3394/6736/2425 3387/6747/2425
f 3387/6747/2426 3394/6736/2426 3393/6738/2426 3386/6748/2426
f 3386/6748/2427 3393/6738/2427 3392/6739/2427 3385/6749/2427
f 3385/6749/2428 3392/6739/2428 3391/6740/2428 3384/6750/2428
f 3384/6750/2429 3391/6740/2429 3390/6673/2429 3383/6672/2429
f 3345/6751/2430 3347/6752/2430 3389/6753/2430 3382/6754/2430
f 3382/6754/2430 3389/6753/2430 3388/6755/2430 3381/6756/2430
f 3381/6756/2431 3388/6755/2431 3387/6757/2431 3380/6758/2431
f 3380/6759/2432 3387/6760/2432 3386/6761/2432 3379/6762/2432
f 3379/6762/2433 3386/6761/2433 3385/6763/2433 3378/6764/2433
f 3378/6764/2434 3385/6763/2434 3384/6765/2434 3377/6766/2434
f 3377/6767/2435 3384/6768/2435 3383/6670/2435 3376/6668/2435
f 3343/6769/2436 3345/6770/2436 3382/6771/2436 3375/6772/2436
f 3375/6772/2436 3382/6771/2436 3381/6773/2436 3374/6774/2436
f 3374/6774/2437 3381/6773/2437 3380/6775/2437 3373/6776/2437
f 3373/6777/2438 3380/6778/2438 3379/6779/2438 3372/6780/2438
f 3372/6781/2439 3379/6782/2439 3378/6783/2439 3371/6784/2439
f 3371/6784/2440 3378/6783/2440 3377/6767/2440 3370/6785/2440
f 3370/6785/2441 3377/6767/2441 3376/6668/2441 3369/6666/2441
f 3341/6786/2442 3343/6787/2442 3375/6788/2442 3368/6789/2442
f 3368/6789/2442 3375/6788/2442 3374/6790/2442 3367/6791/2442
f 3367/6791/2443 3374/6790/2443 3373/6792/2443 3366/6793/2443
f 3366/6794/2444 3373/6795/2444 3372/6781/2444 3365/6796/2444
f 3365/6796/2445 3372/6781/2445 3371/6784/2445 3364/6797/2445
f 3364/6797/2446 3371/6784/2446 3370/6785/2446 3363/6798/2446
f 3363/6798/2447 3370/6785/2447 3369/6666/2447 3362/6663/2447
f 3339/6694/2448 3341/6799/2448 3368/6800/2448 3355/6695/2448
f 3355/6695/2448 3368/6800/2448 3367/6801/2448 3356/6697/2448
f 3356/6697/2449 3367/6801/2449 3366/6794/2449 3357/6699/2449
f 3357/6699/2450 3366/6794/2450 3365/6796/2450 3358/6802/2450
f 3358/6802/2451 3365/6796/2451 3364/6797/2451 3359/6803/2451
f 3359/6803/2452 3364/6797/2452 3363/6798/2452 3360/6804/2452
f 3360/6804/2453 3363/6798/2453 3362/6663/2453 3361/6662/2453
o Finger_2
v 4.753558 -1.125744 3.908840
v 5.269405 1.017027 2.289945
v 4.815909 -1.174441 3.768718
v 5.308072 0.874860 2.240281
v 4.963693 -1.218479 3.717947
v 5.446044 0.792104 2.226978
v 5.110338 -1.232062 3.786267
v 5.602500 0.817238 2.257830
v 5.169943 -1.207233 3.933658
v 5.685790 0.935538 2.314763
v 5.107591 -1.158537 4.073781
v 5.647122 1.077706 2.364427
v 4.959808 -1.114498 4.124552
v 5.509150 1.160461 2.377729
v 4.813162 -1.100915 4.056231
v 5.352694 1.135327 2.346878
v 4.828669 -0.760435 3.848158
v 4.903779 -0.395126 3.787477
v 4.978914 -0.031423 3.721098
v 5.053025 0.303792 3.578365
v 5.122022 0.585492 3.345731
v 5.181691 0.796479 3.037400
v 5.228485 0.924423 2.672416
v 5.267152 0.782255 2.622752
v 5.224062 0.664626 2.959449
v 5.169620 0.472118 3.240776
v 5.106666 0.215090 3.453034
v 5.039046 -0.090765 3.583266
v 4.966130 -0.443823 3.647354
v 4.891020 -0.809132 3.708036
v 5.405125 0.699499 2.609450
v 5.363570 0.586143 2.934430
v 5.311291 0.401289 3.204571
v 5.250841 0.154481 3.408390
v 5.185909 -0.139213 3.533444
v 5.113914 -0.487861 3.596583
v 5.038804 -0.853170 3.657265
v 5.561581 0.724634 2.640301
v 5.518491 0.607004 2.976998
v 5.464048 0.414496 3.258325
v 5.401095 0.157468 3.470583
v 5.333475 -0.148387 3.600816
v 5.260559 -0.501444 3.664903
v 5.185449 -0.866753 3.725585
v 5.644869 0.842934 2.697234
v 5.598076 0.714990 3.062218
v 5.538406 0.504003 3.370549
v 5.469410 0.222302 3.603183
v 5.395299 -0.112912 3.745916
v 5.320163 -0.476615 3.812295
v 5.245053 -0.841924 3.872977
v 5.606203 0.985101 2.746898
v 5.555704 0.846843 3.140169
v 5.490808 0.617377 3.475505
v 5.415769 0.311004 3.728514
v 5.335167 -0.053570 3.883748
v 5.257812 -0.427919 3.952417
v 5.182702 -0.793228 4.013099
v 5.468230 1.067857 2.760201
v 5.416196 0.925326 3.165188
v 5.349136 0.688205 3.511710
v 5.271594 0.371613 3.773158
v 5.188303 -0.005122 3.933570
v 5.110028 -0.383880 4.003189
v 5.034918 -0.749189 4.063870
v 5.311774 1.042723 2.729349
v 5.261275 0.904464 3.122620
v 5.196380 0.674998 3.457956
v 5.121340 0.368626 3.710965
v 5.040738 0.004052 3.866199
v 4.963383 -0.370297 3.934868
v 4.888273 -0.735606 3.995550
v -4.753557 -1.125742 3.908840
v -5.269403 1.017030 2.289945
v -4.815908 -1.174438 3.768718
v -5.308070 0.874862 2.240281
v -4.963691 -1.218477 3.717947
v -5.446043 0.792107 2.226978
v -5.110337 -1.232060 3.786267
v -5.602498 0.817241 2.257830
v -5.169941 -1.207231 3.933658
v -5.685787 0.935541 2.314763
v -5.107590 -1.158534 4.073781
v -5.647120 1.077709 2.364427
v -4.959806 -1.114496 4.124552
v -5.509147 1.160464 2.377729
v -4.813161 -1.100913 4.056231
v -5.352692 1.135330 2.346878
v -4.828667 -0.760433 3.848158
v -4.903777 -0.395124 3.787477
v -4.978912 -0.031420 3.721098
v -5.053023 0.303794 3.578365
v -5.122019 0.585495 3.345731
v -5.181689 0.796482 3.037400
v -5.228482 0.924425 2.672416
v -5.267149 0.782258 2.622753
v -5.224061 0.664629 2.959449
v -5.169617 0.472121 3.240776
v -5.106664 0.215093 3.453034
v -5.039044 -0.090763 3.583266
v -4.966128 -0.443820 3.647354
v -4.891018 -0.809129 3.708036
v -5.405122 0.699502 2.609450
v -5.363568 0.586146 2.934430
v -5.311290 0.401292 3.204571
v -5.250839 0.154484 3.408390
v -5.185908 -0.139211 3.533444
v -5.113912 -0.487859 3.596583
v -5.038801 -0.853168 3.657265
v -5.561578 0.724636 2.640302
v -5.518489 0.607007 2.976998
v -5.464046 0.414499 3.258325
v -5.401093 0.157471 3.470583
v -5.333473 -0.148384 3.600816
v -5.260557 -0.501442 3.664904
v -5.185447 -0.866751 3.725585
v -5.644867 0.842936 2.697235
v -5.598073 0.714992 3.062218
v -5.538404 0.504005 3.370549
v -5.469408 0.222305 3.603183
v -5.395298 -0.112909 3.745916
v -5.320161 -0.476613 3.812295
v -5.245052 -0.841922 3.872977
v -5.606200 0.985104 2.746898
v -5.555701 0.846845 3.140169
v -5.490807 0.617379 3.475505
v -5.415768 0.311007 3.728513
v -5.335166 -0.053567 3.883748
v -5.257810 -0.427916 3.952417
v -5.182700 -0.793225 4.013099
v -5.468227 1.067860 2.760201
v -5.416194 0.925328 3.165188
v -5.349134 0.688208 3.511710
v -5.271592 0.371616 3.773158
v -5.188301 -0.005119 3.933570
v -5.110026 -0.383878 4.003189
v -5.034916 -0.749187 4.063870
v -5.311771 1.042726 2.729349
v -5.261273 0.904467 3.122620
v -5.196378 0.675001 3.457956
v -5.121338 0.368628 3.710965
v -5.040736 0.004054 3.866199
v -4.963381 -0.370295 3.934868
v -4.888272 -0.735604 3.995550
vn -0.9658 -0.2089 -0.1539
vn -0.5154 -0.8186 -0.2534
vn 0.1955 -0.9577 -0.2110
vn 0.8273 -0.5598 -0.0470
vn 0.9658 0.2089 0.1539
vn 0.5154 0.8186 0.2534
vn 0.1251 0.3574 -0.9256
vn -0.1955 0.9577 0.2110
vn -0.8273 0.5598 0.0470
vn -0.2002 -0.9497 0.2409
vn -0.9129 0.2423 0.3284
vn -0.9117 0.2483 0.3273
vn -0.8957 0.3265 0.3018
vn -0.8746 0.4177 0.2464
vn -0.8530 0.4928 0.1721
vn -0.8332 0.5464 0.0849
vn -0.3936 0.2288 0.8903
vn -0.3906 0.2437 0.8877
vn -0.3523 0.4315 0.8305
vn -0.3017 0.6499 0.6976
vn -0.2515 0.8208 0.5130
vn -0.2084 0.9307 0.3006
vn 0.3461 0.0841 0.9344
vn 0.3492 0.0989 0.9318
vn 0.3911 0.2860 0.8748
vn 0.4418 0.5044 0.7419
vn 0.4809 0.6774 0.5566
vn 0.5069 0.7907 0.3432
vn 0.8930 -0.1112 0.4360
vn 0.8943 -0.1052 0.4350
vn 0.9119 -0.0272 0.4095
vn 0.9330 0.0639 0.3541
vn 0.9499 0.1400 0.2796
vn 0.9618 0.1951 0.1919
vn 0.9129 -0.2423 -0.3284
vn 0.9118 -0.2479 -0.3274
vn 0.8957 -0.3265 -0.3018
vn 0.8746 -0.4177 -0.2464
vn 0.8530 -0.4928 -0.1721
vn 0.8331 -0.5466 -0.0846
vn 0.3936 -0.2288 -0.8903
vn 0.3909 -0.2418 -0.8881
vn 0.3523 -0.4315 -0.8305
vn 0.3017 -0.6499 -0.6976
vn 0.2515 -0.8208 -0.5130
vn 0.2080 -0.9315 -0.2986
vn -0.3461 -0.0841 -0.9344
vn -0.3487 -0.0970 -0.9322
vn -0.3911 -0.2860 -0.8748
vn -0.4418 -0.5044 -0.7419
vn -0.4809 -0.6774 -0.5566
vn -0.5071 -0.7915 -0.3412
vn -0.8930 0.1112 -0.4360
vn -0.8942 0.1055 -0.4351
vn -0.9119 0.0272 -0.4095
vn -0.9330 -0.0639 -0.3541
vn -0.9499 -0.1400 -0.2796
vn -0.9619 -0.1953 -0.1915
vn 0.9658 -0.2089 -0.1539
vn 0.5154 -0.8186 -0.2534
vn -0.1955 -0.9577 -0.2110
vn -0.8273 -0.5598 -0.0470
vn -0.9658 0.2089 0.1539
vn -0.5154 0.8186 0.2534
vn -0.1251 0.3574 -0.9256
vn 0.1955 0.9577 0.2110
vn 0.8273 0.5598 0.0470
vn 0.2002 -0.9497 0.2409
vn 0.9129 0.2423 0.3284
vn 0.9117 0.2483 0.3273
vn 0.8957 0.3265 0.3018
vn 0.8746 0.4177 0.2464
vn 0.8530 0.4928 0.1721
vn 0.8332 0.5464 0.0849
vn 0.3936 0.2288 0.8903
vn 0.3906 0.2437 0.8877
vn 0.3523 0.4315 0.8305
vn 0.3017 0.6499 0.6976
vn 0.2515 0.8208 0.5130
vn 0.2084 0.9307 0.3006
vn -0.3461 0.0841 0.9344
vn -0.3492 0.0989 0.9318
vn -0.3911 0.2860 0.8748
vn -0.4418 0.5044 0.7419
vn -0.4809 0.6774 0.5566
vn -0.5069 0.7907 0.3432
vn -0.8930 -0.1112 0.4360
vn -0.8943 -0.1052 0.4350
vn -0.9119 -0.0272 0.4095
vn -0.9330 0.0639 0.3541
vn -0.9499 0.1400 0.2796
vn -0.9618 0.1951 0.1919
vn -0.9129 -0.2423 -0.3284
vn -0.9118 -0.2479 -0.3274
vn -0.8957 -0.3265 -0.3018
vn -0.8746 -0.4177 -0.2464
vn -0.8530 -0.4928 -0.1721
vn -0.8331 -0.5466 -0.0846
vn -0.3936 -0.2288 -0.8903
vn -0.3909 -0.2418 -0.8881
vn -0.3523 -0.4315 -0.8305
vn -0.3017 -0.6499 -0.6976
vn -0.2515 -0.8208 -0.5130
vn -0.2080 -0.9315 -0.2986
vn 0.3461 -0.0841 -0.9344
vn 0.3487 -0.0970 -0.9322
vn 0.3911 -0.2860 -0.8748
vn 0.4418 -0.5044 -0.7419
vn 0.4809 -0.6774 -0.5566
vn 0.5071 -0.7915 -0.3412
vn 0.8930 0.1112 -0.4360
vn 0.8942 0.1055 -0.4351
vn 0.9119 0.0272 -0.4095
vn 0.9330 -0.0639 -0.3541
vn 0.9499 -0.1400 -0.2796
vn 0.9619 -0.1953 -0.1915
vt 0.565120 0.704405
vt 0.565720 0.590048
vt 0.592475 0.544370
vt 0.591875 0.658727
vt 0.654101 0.526333
vt 0.653500 0.640690
vt 0.714496 0.546502
vt 0.713896 0.660859
vt 0.237060 0.638848
vt 0.222306 0.527644
vt 0.253129 0.570773
vt 0.267883 0.681978
vt 0.416154 0.640526
vt 0.415219 0.526333
vt 0.442537 0.571789
vt 0.443473 0.685982
vt 0.504027 0.589190
vt 0.504962 0.703383
vt 0.278510 0.783854
vt 0.314811 0.745190
vt 0.366148 0.754416
vt 0.402448 0.806126
vt 0.402448 0.870031
vt 0.366148 0.908694
vt 0.314811 0.899469
vt 0.278510 0.847758
vt 0.563668 0.568342
vt 0.564603 0.682535
vt 0.714496 0.685321
vt 0.714496 0.573141
vt 0.739379 0.526333
vt 0.739379 0.638512
vt 0.158343 0.726561
vt 0.158343 0.789868
vt 0.111965 0.836202
vt 0.046377 0.838421
vt 0.000000 0.795225
vt 0.000000 0.731917
vt 0.046378 0.685584
vt 0.111966 0.683365
vt 0.091916 0.631195
vt 0.138293 0.674392
vt 0.071866 0.579026
vt 0.118243 0.622222
vt 0.052236 0.527644
vt 0.099124 0.572193
vt 0.762772 0.876221
vt 0.742094 0.891744
vt 0.764755 0.829304
vt 0.783767 0.815031
vt 0.726594 0.863302
vt 0.750503 0.803152
vt 0.717218 0.792632
vt 0.741881 0.738174
vt 0.341908 0.554375
vt 0.342020 0.610265
vt 0.279959 0.588931
vt 0.279847 0.533041
vt 0.342131 0.666154
vt 0.280070 0.644820
vt 0.342129 0.721757
vt 0.280070 0.699825
vt 0.340516 0.745190
vt 0.278510 0.722501
vt 0.829473 0.444244
vt 0.862380 0.450367
vt 0.862380 0.503950
vt 0.830536 0.498025
vt 0.503898 0.885968
vt 0.505300 0.814897
vt 0.564933 0.790854
vt 0.563577 0.859631
vt 0.401767 0.527643
vt 0.401879 0.583533
vt 0.401991 0.639422
vt 0.401991 0.694426
vt 0.047122 0.911926
vt 0.024831 0.904652
vt 0.025186 0.838421
vt 0.048221 0.845937
vt 0.000458 0.911842
vt 0.000000 0.845851
vt 0.442447 0.863078
vt 0.443803 0.794302
vt 0.162832 0.731976
vt 0.191081 0.776313
vt 0.186591 0.828433
vt 0.158343 0.784096
vt 0.219329 0.820649
vt 0.214840 0.872769
vt 0.247098 0.862802
vt 0.243400 0.916039
vt 0.267822 0.874450
vt 0.265940 0.928708
vt 0.022410 0.947891
vt -0.000000 0.954502
vt 0.415219 0.804370
vt 0.416466 0.741132
vt 0.879049 0.546615
vt 0.879002 0.602836
vt 0.850140 0.659238
vt 0.850187 0.603017
vt 0.878955 0.659057
vt 0.850094 0.715459
vt 0.879049 0.711495
vt 0.850199 0.769352
vt 0.218237 0.804905
vt 0.237146 0.815533
vt 0.246899 0.790169
vt 0.278510 0.846651
vt 0.246898 0.730361
vt 0.278510 0.781103
vt 0.941103 0.526333
vt 0.941057 0.582554
vt 0.941010 0.638775
vt 0.941098 0.690609
vt 0.942999 0.709200
vt 0.881027 0.730856
vt 0.191882 0.786470
vt 0.201246 0.762114
vt 0.654074 0.786130
vt 0.653329 0.730546
vt 0.713721 0.753916
vt 0.714496 0.811801
vt 1.000000 0.554050
vt 0.999954 0.610271
vt 0.999907 0.666492
vt 1.000000 0.718929
vt 0.048221 0.887732
vt 0.066933 0.881664
vt 0.067169 0.947896
vt 0.049201 0.953723
vt 0.087369 0.887732
vt 0.086792 0.953723
vt 0.592475 0.809669
vt 0.591700 0.751784
vt 0.850093 0.674260
vt 0.827922 0.721926
vt 0.816616 0.670850
vt 0.838788 0.623183
vt 0.805750 0.769593
vt 0.794445 0.718516
vt 0.773100 0.762742
vt 0.755753 0.775765
vt 0.064589 0.838421
vt 0.086987 0.845072
vt 0.565784 0.868630
vt 0.564934 0.805188
vt 0.734891 0.229921
vt 0.708939 0.189607
vt 0.664775 0.077149
vt 0.690728 0.117463
vt 0.209695 0.191343
vt 0.189020 0.141437
vt 0.238582 0.031277
vt 0.259257 0.081183
vt 0.132418 0.110160
vt 0.181979 -0.000000
vt 0.073046 0.115833
vt 0.122607 0.005673
vt 0.045683 0.155133
vt 0.095245 0.044972
vt 0.948064 0.117063
vt 0.919921 0.162582
vt 0.890031 0.045519
vt 0.918175 -0.000000
vt 0.687062 0.028494
vt 0.744532 0.000000
vt 0.803521 0.008358
vt 0.829473 0.048672
vt 0.807186 0.097327
vt 0.749716 0.125821
vt 0.859363 0.183736
vt 0.829473 0.066672
vt 0.793880 0.238279
vt 0.990358 0.886769
vt 0.949276 0.930355
vt 0.891176 0.926785
vt 0.850094 0.878149
vt 0.850094 0.812939
vt 0.891176 0.769352
vt 0.949275 0.772923
vt 0.990358 0.821559
vt 0.484734 0.518105
vt 0.433459 0.487482
vt 0.515408 0.490864
vt 0.566684 0.521487
vt 0.597357 0.494246
vt 0.648633 0.524869
vt 0.677891 0.495773
vt 0.731463 0.526333
vt 0.737690 0.472005
vt 0.796499 0.500484
vt 0.768009 0.417247
vt 0.829473 0.440929
vt 0.766995 0.334841
vt 0.828371 0.351307
vt 0.361313 0.505680
vt 0.415219 0.527643
vt 0.333772 0.527643
vt 0.279866 0.505680
vt 0.252326 0.527643
vt 0.198419 0.505680
vt 0.170104 0.525697
vt 0.115256 0.503669
vt 0.990382 0.073259
vt 0.968285 0.128917
vt 0.968285 0.058022
vt 0.990382 0.000000
vt 0.888925 0.431351
vt 0.829473 0.444244
vt 0.869572 0.389234
vt 0.930361 0.374507
vt 0.879583 0.300166
vt 0.940706 0.282467
vt 0.337941 0.446461
vt 0.256495 0.446461
vt 0.175048 0.446461
vt 0.092826 0.444514
vt 0.049973 0.474310
vt 0.029650 0.416104
vt 0.605231 0.922961
vt 0.586101 0.959961
vt 0.586101 0.903817
vt 0.605231 0.868630
vt 0.114132 0.923781
vt 0.087369 0.969983
vt 0.087369 0.881775
vt 0.114132 0.838421
vt 0.968285 0.233493
vt 0.358796 0.384675
vt 0.277349 0.384675
vt 0.195902 0.384675
vt 0.115954 0.382885
vt 0.057866 0.356762
vt -0.000000 0.355450
vt 0.030603 0.300993
vt 0.005685 0.266257
vt 0.035830 0.218983
vt 0.411659 0.356515
vt 0.330212 0.356515
vt 0.248766 0.356515
vt 0.171091 0.354883
vt 0.118090 0.331048
vt 0.093215 0.280163
vt 0.097985 0.205336
vt 0.440700 0.367025
vt 0.494976 0.347753
vt 0.576925 0.351136
vt 0.522650 0.370407
vt 0.658874 0.354518
vt 0.604599 0.373790
vt 0.737113 0.356107
vt 0.681886 0.375405
vt 0.585259 0.868630
vt 0.586101 0.928507
vt 0.564934 0.984089
vt 0.564934 0.922001
vt 0.175046 0.354023
vt 0.151160 0.305162
vt 0.155740 0.233310
vt 0.415219 0.424903
vt 0.497168 0.428285
vt 0.579118 0.431667
vt 0.657356 0.433256
vt 0.734279 0.354581
vt 0.711917 0.411570
vt 0.881511 0.525012
vt 0.862380 0.488013
vt 0.862380 0.444244
vt 0.881511 0.479431
vt 0.140895 0.953387
vt 0.114132 0.907186
vt 0.114132 0.838421
vt 0.140895 0.881775
vt 0.175262 0.286519
vt 0.739581 0.361608
vt 0.738656 0.286420
s 0
usemtl Dark_Metal
f 3433/6805/2454 3412/6806/2454 3414/6807/2454 3434/6808/2454
f 3434/6808/2455 3414/6807/2455 3416/6809/2455 3441/6810/2455
f 3441/6810/2456 3416/6809/2456 3418/6811/2456 3448/6812/2456
f 3448/6813/2457 3418/6814/2457 3420/6815/2457 3455/6816/2457
f 3455/6817/2458 3420/6818/2458 3422/6819/2458 3462/6820/2458
f 3462/6820/2459 3422/6819/2459 3424/6821/2459 3469/6822/2459
f 3414/6823/2460 3412/6824/2460 3426/6825/2460 3424/6826/2460 3422/6827/2460 3420/6828/2460 3418/6829/2460 3416/6830/2460
f 3469/6822/2461 3424/6821/2461 3426/6831/2461 3476/6832/2461
f 3476/6833/2462 3426/6834/2462 3412/6835/2462 3433/6836/2462
f 3411/6837/2463 3413/6838/2463 3415/6839/2463 3417/6840/2463 3419/6841/2463 3421/6842/2463 3423/6843/2463 3425/6844/2463
f 3425/6844/2464 3482/6845/2464 3427/6846/2464 3411/6837/2464
f 3482/6845/2464 3481/6847/2464 3428/6848/2464 3427/6846/2464
f 3481/6847/2465 3480/6849/2465 3429/6850/2465 3428/6848/2465
f 3480/6851/2466 3479/6852/2466 3430/6853/2466 3429/6854/2466
f 3479/6852/2467 3478/6855/2467 3431/6856/2467 3430/6853/2467
f 3478/6855/2468 3477/6857/2468 3432/6858/2468 3431/6856/2468
f 3477/6857/2469 3476/6833/2469 3433/6836/2469 3432/6858/2469
f 3423/6859/2470 3475/6860/2470 3482/6861/2470 3425/6862/2470
f 3475/6860/2470 3474/6863/2470 3481/6864/2470 3482/6861/2470
f 3474/6863/2471 3473/6865/2471 3480/6866/2471 3481/6864/2471
f 3473/6865/2472 3472/6867/2472 3479/6868/2472 3480/6866/2472
f 3472/6869/2473 3471/6870/2473 3478/6871/2473 3479/6872/2473
f 3471/6873/2474 3470/6874/2474 3477/6875/2474 3478/6876/2474
f 3470/6874/2475 3469/6822/2475 3476/6832/2475 3477/6875/2475
f 3421/6877/2476 3468/6878/2476 3475/6860/2476 3423/6859/2476
f 3468/6878/2476 3467/6879/2476 3474/6863/2476 3475/6860/2476
f 3467/6879/2477 3466/6880/2477 3473/6865/2477 3474/6863/2477
f 3466/6881/2478 3465/6882/2478 3472/6883/2478 3473/6884/2478
f 3465/6882/2479 3464/6885/2479 3471/6886/2479 3472/6883/2479
f 3464/6887/2480 3463/6888/2480 3470/6874/2480 3471/6873/2480
f 3463/6888/2481 3462/6820/2481 3469/6822/2481 3470/6874/2481
f 3419/6889/2482 3461/6890/2482 3468/6891/2482 3421/6892/2482
f 3461/6890/2482 3460/6893/2482 3467/6894/2482 3468/6891/2482
f 3460/6893/2483 3459/6895/2483 3466/6896/2483 3467/6894/2483
f 3459/6895/2484 3458/6897/2484 3465/6898/2484 3466/6896/2484
f 3458/6899/2485 3457/6900/2485 3464/6885/2485 3465/6882/2485
f 3457/6901/2486 3456/6902/2486 3463/6888/2486 3464/6887/2486
f 3456/6902/2487 3455/6817/2487 3462/6820/2487 3463/6888/2487
f 3417/6903/2488 3454/6904/2488 3461/6905/2488 3419/6906/2488
f 3454/6904/2488 3453/6907/2488 3460/6908/2488 3461/6905/2488
f 3453/6907/2489 3452/6909/2489 3459/6910/2489 3460/6908/2489
f 3452/6911/2490 3451/6912/2490 3458/6897/2490 3459/6895/2490
f 3451/6912/2491 3450/6913/2491 3457/6914/2491 3458/6897/2491
f 3450/6913/2492 3449/6915/2492 3456/6916/2492 3457/6914/2492
f 3449/6915/2493 3448/6813/2493 3455/6816/2493 3456/6916/2493
f 3415/6917/2494 3447/6918/2494 3454/6904/2494 3417/6903/2494
f 3447/6918/2494 3446/6919/2494 3453/6907/2494 3454/6904/2494
f 3446/6919/2495 3445/6920/2495 3452/6909/2495 3453/6907/2495
f 3445/6920/2496 3444/6921/2496 3451/6922/2496 3452/6909/2496
f 3444/6923/2497 3443/6924/2497 3450/6913/2497 3451/6912/2497
f 3443/6925/2498 3442/6926/2498 3449/6927/2498 3450/6928/2498
f 3442/6926/2499 3441/6810/2499 3448/6812/2499 3449/6927/2499
f 3413/6929/2500 3440/6930/2500 3447/6918/2500 3415/6917/2500
f 3440/6930/2500 3439/6931/2500 3446/6919/2500 3447/6918/2500
f 3439/6931/2501 3438/6932/2501 3445/6920/2501 3446/6919/2501
f 3438/6933/2502 3437/6934/2502 3444/6935/2502 3445/6936/2502
f 3437/6934/2503 3436/6937/2503 3443/6938/2503 3444/6935/2503
f 3436/6939/2504 3435/6940/2504 3442/6926/2504 3443/6925/2504
f 3435/6940/2505 3434/6808/2505 3441/6810/2505 3442/6926/2505
f 3411/6941/2506 3427/6942/2506 3440/6943/2506 3413/6944/2506
f 3427/6942/2506 3428/6945/2506 3439/6946/2506 3440/6943/2506
f 3428/6945/2507 3429/6854/2507 3438/6947/2507 3439/6946/2507
f 3429/6854/2508 3430/6853/2508 3437/6948/2508 3438/6947/2508
f 3430/6949/2509 3431/6950/2509 3436/6937/2509 3437/6934/2509
f 3431/6951/2510 3432/6952/2510 3435/6940/2510 3436/6939/2510
f 3432/6952/2511 3433/6805/2511 3434/6808/2511 3435/6940/2511
f 3505/6953/2512 3506/6954/2512 3486/6955/2512 3484/6956/2512
f 3506/6957/2513 3513/6958/2513 3488/6959/2513 3486/6960/2513
f 3513/6958/2514 3520/6961/2514 3490/6962/2514 3488/6959/2514
f 3520/6961/2515 3527/6963/2515 3492/6964/2515 3490/6962/2515
f 3527/6963/2516 3534/6965/2516 3494/6966/2516 3492/6964/2516
f 3534/6967/2517 3541/6968/2517 3496/6969/2517 3494/6970/2517
f 3486/6955/2518 3488/6971/2518 3490/6972/2518 3492/6973/2518 3494/6974/2518 3496/6975/2518 3498/6976/2518 3484/6956/2518
f 3541/6968/2519 3548/6977/2519 3498/6978/2519 3496/6969/2519
f 3548/6979/2520 3505/6953/2520 3484/6956/2520 3498/6976/2520
f 3483/6980/2521 3497/6981/2521 3495/6982/2521 3493/6983/2521 3491/6984/2521 3489/6985/2521 3487/6986/2521 3485/6987/2521
f 3497/6988/2522 3483/6989/2522 3499/6990/2522 3554/6991/2522
f 3554/6991/2522 3499/6990/2522 3500/6992/2522 3553/6993/2522
f 3553/6993/2523 3500/6992/2523 3501/6994/2523 3552/6995/2523
f 3552/6995/2524 3501/6994/2524 3502/6996/2524 3551/6997/2524
f 3551/6997/2525 3502/6996/2525 3503/6998/2525 3550/6999/2525
f 3550/6999/2526 3503/6998/2526 3504/7000/2526 3549/7001/2526
f 3549/7001/2527 3504/7000/2527 3505/6953/2527 3548/6979/2527
f 3495/7002/2528 3497/7003/2528 3554/7004/2528 3547/7005/2528
f 3547/7005/2528 3554/7004/2528 3553/7006/2528 3546/7007/2528
f 3546/7007/2529 3553/7006/2529 3552/7008/2529 3545/7009/2529
f 3545/7010/2530 3552/7011/2530 3551/7012/2530 3544/7013/2530
f 3544/7014/2531 3551/7015/2531 3550/7016/2531 3543/7017/2531
f 3543/7017/2532 3550/7016/2532 3549/7018/2532 3542/7019/2532
f 3542/7019/2533 3549/7018/2533 3548/6977/2533 3541/6968/2533
f 3493/7020/2534 3495/7002/2534 3547/7005/2534 3540/7021/2534
f 3540/7021/2534 3547/7005/2534 3546/7007/2534 3539/7022/2534
f 3539/7022/2535 3546/7007/2535 3545/7009/2535 3538/7023/2535
f 3538/7023/2536 3545/7009/2536 3544/7024/2536 3537/7025/2536
f 3537/7026/2537 3544/7027/2537 3543/7028/2537 3536/7029/2537
f 3536/7030/2538 3543/7031/2538 3542/7032/2538 3535/7033/2538
f 3535/7034/2539 3542/7019/2539 3541/6968/2539 3534/6967/2539
f 3491/7035/2540 3493/7020/2540 3540/7021/2540 3533/7036/2540
f 3533/7036/2540 3540/7021/2540 3539/7022/2540 3532/7037/2540
f 3532/7037/2541 3539/7022/2541 3538/7023/2541 3531/7038/2541
f 3531/7038/2542 3538/7023/2542 3537/7025/2542 3530/7039/2542
f 3530/7039/2543 3537/7025/2543 3536/7040/2543 3529/7041/2543
f 3529/7041/2544 3536/7040/2544 3535/7042/2544 3528/7043/2544
f 3528/7043/2545 3535/7042/2545 3534/6965/2545 3527/6963/2545
f 3489/7044/2546 3491/7035/2546 3533/7036/2546 3526/7045/2546
f 3526/7045/2546 3533/7036/2546 3532/7037/2546 3525/7046/2546
f 3525/7046/2547 3532/7037/2547 3531/7038/2547 3524/7047/2547
f 3524/7047/2548 3531/7038/2548 3530/7039/2548 3523/7048/2548
f 3523/7048/2549 3530/7039/2549 3529/7041/2549 3522/7049/2549
f 3522/7049/2550 3529/7041/2550 3528/7043/2550 3521/7050/2550
f 3521/7050/2551 3528/7043/2551 3527/6963/2551 3520/6961/2551
f 3487/7051/2552 3489/7052/2552 3526/7053/2552 3519/7054/2552
f 3519/7054/2552 3526/7053/2552 3525/7055/2552 3518/7056/2552
f 3518/7056/2553 3525/7055/2553 3524/7057/2553 3517/7058/2553
f 3517/7059/2554 3524/7060/2554 3523/7061/2554 3516/7062/2554
f 3516/7063/2555 3523/7048/2555 3522/7049/2555 3515/7064/2555
f 3515/7064/2556 3522/7049/2556 3521/7050/2556 3514/7065/2556
f 3514/7065/2557 3521/7050/2557 3520/6961/2557 3513/6958/2557
f 3485/7066/2558 3487/7051/2558 3519/7054/2558 3512/7067/2558
f 3512/7067/2558 3519/7054/2558 3518/7056/2558 3511/7068/2558
f 3511/7068/2559 3518/7056/2559 3517/7058/2559 3510/7069/2559
f 3510/7069/2560 3517/7058/2560 3516/7070/2560 3509/7071/2560
f 3509/7072/2561 3516/7073/2561 3515/7074/2561 3508/7075/2561
f 3508/7076/2562 3515/7077/2562 3514/7078/2562 3507/7079/2562
f 3507/7080/2563 3514/7065/2563 3513/6958/2563 3506/6957/2563
f 3483/6989/2564 3485/7066/2564 3512/7067/2564 3499/6990/2564
f 3499/6990/2564 3512/7067/2564 3511/7068/2564 3500/6992/2564
f 3500/6992/2565 3511/7068/2565 3510/7069/2565 3501/6994/2565
f 3501/6994/2566 3510/7069/2566 3509/7071/2566 3502/6996/2566
f 3502/6996/2567 3509/7071/2567 3508/7081/2567 3503/6998/2567
f 3503/6998/2568 3508/7081/2568 3507/7082/2568 3504/7000/2568
f 3504/7000/2569 3507/7082/2569 3506/6954/2569 3505/6953/2569
o Finger_3
v 5.540888 -1.653387 3.341828
v 5.847795 0.740687 2.056290
v 5.398987 -1.579235 3.325738
v 5.704479 0.694584 2.095128
v 5.273968 -1.591662 3.222914
v 5.578873 0.632345 2.015056
v 5.239065 -1.683389 3.093590
v 5.544556 0.590429 1.862980
v 5.314723 -1.800684 3.013521
v 5.621630 0.593390 1.727983
v 5.456624 -1.874837 3.029611
v 5.764946 0.639493 1.689144
v 5.581644 -1.862410 3.132435
v 5.890551 0.701731 1.769216
v 5.616547 -1.770682 3.261760
v 5.924868 0.743648 1.921293
v 5.723147 -1.416951 3.110195
v 5.905406 -1.180514 2.878561
v 6.083264 -0.940361 2.648292
v 6.197976 -0.653978 2.440782
v 6.226372 -0.323446 2.272925
v 6.166718 0.031057 2.154970
v 6.023120 0.387994 2.093750
v 5.879804 0.341891 2.132587
v 6.012512 0.012823 2.188806
v 6.066941 -0.310631 2.296430
v 6.041032 -0.612215 2.449586
v 5.936368 -0.873515 2.638921
v 5.763505 -1.106361 2.862471
v 5.581246 -1.342798 3.094105
v 5.754199 0.279652 2.052516
v 5.882396 -0.037873 2.106663
v 5.934660 -0.348466 2.210008
v 5.909782 -0.638058 2.357074
v 5.809278 -0.888969 2.538881
v 5.638486 -1.118788 2.759647
v 5.456227 -1.355225 2.991281
v 5.719881 0.237736 1.900439
v 5.852590 -0.091332 1.956658
v 5.907019 -0.414786 2.064282
v 5.881110 -0.716370 2.217438
v 5.776445 -0.977670 2.406773
v 5.603582 -1.210516 2.630323
v 5.421323 -1.446953 2.861956
v 5.796955 0.240697 1.765442
v 5.940553 -0.116240 1.826662
v 6.000207 -0.470743 1.944618
v 5.971811 -0.801275 2.112474
v 5.857100 -1.087658 2.319984
v 5.679241 -1.327811 2.550254
v 5.496983 -1.564248 2.781888
v 5.940271 0.286800 1.726604
v 6.094759 -0.098006 1.792826
v 6.159638 -0.483557 1.921112
v 6.128755 -0.843039 2.103670
v 6.003996 -1.154504 2.329355
v 5.821142 -1.401964 2.566344
v 5.638883 -1.638401 2.797978
v 6.065876 0.349039 1.806676
v 6.224875 -0.047311 1.874969
v 6.291918 -0.445723 2.007535
v 6.260005 -0.817196 2.196182
v 6.131085 -1.139050 2.429395
v 5.946161 -1.389537 2.669168
v 5.763903 -1.625973 2.900801
v 6.100194 0.390955 1.958752
v 6.254682 0.006149 2.024974
v 6.319561 -0.379403 2.153260
v 6.288678 -0.738884 2.335819
v 6.163919 -1.050349 2.561503
v 5.981064 -1.297809 2.798493
v 5.798806 -1.534246 3.030126
v -5.540888 -1.653385 3.341831
v -5.847792 0.740690 2.056293
v -5.398986 -1.579232 3.325740
v -5.704476 0.694587 2.095131
v -5.273967 -1.591660 3.222917
v -5.578870 0.632348 2.015059
v -5.239064 -1.683387 3.093592
v -5.544553 0.590432 1.862983
v -5.314723 -1.800682 3.013524
v -5.621627 0.593393 1.727986
v -5.456624 -1.874835 3.029614
v -5.764943 0.639495 1.689147
v -5.581642 -1.862407 3.132438
v -5.890549 0.701734 1.769219
v -5.616546 -1.770680 3.261762
v -5.924866 0.743650 1.921296
v -5.723145 -1.416948 3.110198
v -5.905405 -1.180511 2.878564
v -6.083262 -0.940358 2.648294
v -6.197974 -0.653975 2.440785
v -6.226370 -0.323443 2.272928
v -6.166716 0.031060 2.154973
v -6.023118 0.387997 2.093752
v -5.879802 0.341894 2.132591
v -6.012510 0.012826 2.188809
v -6.066939 -0.310629 2.296433
v -6.041030 -0.612212 2.449589
v -5.936365 -0.873512 2.638924
v -5.763504 -1.106359 2.862474
v -5.581245 -1.342795 3.094107
v -5.754197 0.279655 2.052519
v -5.882393 -0.037870 2.106666
v -5.934659 -0.348463 2.210011
v -5.909780 -0.638055 2.357076
v -5.809277 -0.888966 2.538884
v -5.638484 -1.118786 2.759650
v -5.456225 -1.355223 2.991283
v -5.719880 0.237739 1.900442
v -5.852588 -0.091329 1.956661
v -5.907016 -0.414783 2.064285
v -5.881108 -0.716367 2.217440
v -5.776443 -0.977667 2.406776
v -5.603581 -1.210513 2.630326
v -5.421322 -1.446950 2.861959
v -5.796953 0.240700 1.765445
v -5.940551 -0.116237 1.826665
v -6.000205 -0.470740 1.944621
v -5.971810 -0.801272 2.112477
v -5.857098 -1.087655 2.319987
v -5.679240 -1.327808 2.550257
v -5.496981 -1.564246 2.781890
v -5.940269 0.286802 1.726607
v -6.094757 -0.098003 1.792828
v -6.159636 -0.483554 1.921115
v -6.128754 -0.843036 2.103673
v -6.003994 -1.154501 2.329358
v -5.821141 -1.401961 2.566347
v -5.638882 -1.638398 2.797980
v -6.065874 0.349041 1.806679
v -6.224873 -0.047308 1.874972
v -6.291916 -0.445720 2.007538
v -6.260005 -0.817193 2.196186
v -6.131083 -1.139047 2.429398
v -5.946159 -1.389534 2.669171
v -5.763901 -1.625971 2.900805
v -6.100192 0.390958 1.958756
v -6.254680 0.006152 2.024977
v -6.319559 -0.379399 2.153263
v -6.288676 -0.738881 2.335822
v -6.163918 -1.050346 2.561506
v -5.981063 -1.297806 2.798496
v -5.798805 -1.534243 3.030129
vn 0.1960 0.1994 0.9601
vn -0.4792 -0.1463 0.8654
vn -0.8653 -0.3978 0.3049
vn -0.7779 -0.4349 -0.4536
vn -0.1960 -0.1994 -0.9601
vn 0.4792 0.1463 -0.8654
vn -0.3444 0.9221 -0.1764
vn 0.8653 0.3978 -0.3049
vn 0.7779 0.4349 0.4536
vn -0.4236 -0.6810 0.5973
vn 0.7604 0.0484 0.6477
vn 0.7633 0.0523 0.6439
vn 0.7952 0.1131 0.5957
vn 0.8164 0.2042 0.5402
vn 0.8155 0.3016 0.4940
vn 0.7932 0.3980 0.4610
vn 0.8452 -0.5163 0.1381
vn 0.8526 -0.5065 0.1287
vn 0.9314 -0.3638 0.0128
vn 0.9821 -0.1454 -0.1201
vn 0.9705 0.0886 -0.2244
vn 0.9042 0.3128 -0.2907
vn 0.4434 -0.7779 -0.4452
vn 0.4508 -0.7682 -0.4546
vn 0.5276 -0.6268 -0.5734
vn 0.5782 -0.4084 -0.7063
vn 0.5726 -0.1705 -0.8019
vn 0.5157 0.0598 -0.8547
vn -0.2206 -0.5905 -0.7763
vn -0.2176 -0.5866 -0.7801
vn -0.1866 -0.5263 -0.8295
vn -0.1655 -0.4352 -0.8850
vn -0.1638 -0.3362 -0.9275
vn -0.1818 -0.2370 -0.9543
vn -0.7604 -0.0484 -0.6477
vn -0.7632 -0.0521 -0.6441
vn -0.7952 -0.1131 -0.5957
vn -0.8164 -0.2042 -0.5402
vn -0.8155 -0.3016 -0.4940
vn -0.7930 -0.3983 -0.4609
vn -0.8452 0.5163 -0.1381
vn -0.8516 0.5079 -0.1298
vn -0.9314 0.3638 -0.0128
vn -0.9821 0.1454 0.1201
vn -0.9705 -0.0886 0.2244
vn -0.9034 -0.3148 0.2912
vn -0.4434 0.7779 0.4451
vn -0.4435 0.7779 0.4451
vn -0.4499 0.7695 0.4533
vn -0.5276 0.6268 0.5734
vn -0.5782 0.4084 0.7063
vn -0.5726 0.1705 0.8019
vn -0.5150 -0.0619 0.8550
vn 0.2206 0.5905 0.7763
vn 0.2177 0.5868 0.7799
vn 0.1866 0.5263 0.8295
vn 0.1655 0.4352 0.8850
vn 0.1638 0.3362 0.9275
vn 0.1819 0.2367 0.9544
vn -0.1960 0.1994 0.9601
vn 0.4792 -0.1463 0.8654
vn 0.8653 -0.3978 0.3049
vn 0.7779 -0.4349 -0.4537
vn 0.1960 -0.1994 -0.9601
vn -0.4792 0.1463 -0.8654
vn 0.3444 0.9221 -0.1764
vn -0.8653 0.3978 -0.3049
vn -0.7779 0.4349 0.4536
vn 0.4236 -0.6810 0.5973
vn -0.7604 0.0484 0.6477
vn -0.7633 0.0523 0.6439
vn -0.7952 0.1131 0.5957
vn -0.8164 0.2042 0.5402
vn -0.8155 0.3016 0.4940
vn -0.7932 0.3980 0.4610
vn -0.8452 -0.5163 0.1381
vn -0.8526 -0.5065 0.1287
vn -0.9314 -0.3638 0.0128
vn -0.9821 -0.1454 -0.1201
vn -0.9705 0.0886 -0.2244
vn -0.9042 0.3128 -0.2907
vn -0.4435 -0.7779 -0.4451
vn -0.4508 -0.7682 -0.4546
vn -0.5276 -0.6268 -0.5734
vn -0.5783 -0.4084 -0.7063
vn -0.5726 -0.1705 -0.8019
vn -0.5157 0.0598 -0.8547
vn 0.2206 -0.5905 -0.7763
vn 0.2176 -0.5866 -0.7801
vn 0.1866 -0.5263 -0.8295
vn 0.1655 -0.4352 -0.8850
vn 0.1638 -0.3362 -0.9275
vn 0.1819 -0.2370 -0.9543
vn 0.7604 -0.0484 -0.6477
vn 0.7632 -0.0521 -0.6441
vn 0.7952 -0.1131 -0.5957
vn 0.8164 -0.2042 -0.5402
vn 0.8155 -0.3016 -0.4940
vn 0.7930 -0.3983 -0.4609
vn 0.8452 0.5163 -0.1381
vn 0.8516 0.5078 -0.1298
vn 0.9314 0.3638 -0.0128
vn 0.9821 0.1454 0.1201
vn 0.9705 -0.0886 0.2244
vn 0.9034 -0.3148 0.2912
vn 0.4435 0.7779 0.4452
vn 0.4434 0.7779 0.4452
vn 0.4499 0.7695 0.4533
vn 0.5276 0.6268 0.5734
vn 0.5782 0.4084 0.7063
vn 0.5726 0.1705 0.8019
vn 0.5150 -0.0619 0.8550
vn -0.2206 0.5905 0.7763
vn -0.2177 0.5868 0.7799
vn -0.1866 0.5263 0.8295
vn -0.1655 0.4352 0.8850
vn -0.1638 0.3362 0.9275
vn -0.1819 0.2367 0.9544
vt 0.632309 0.616114
vt 0.632449 0.491704
vt 0.660218 0.441931
vt 0.660079 0.566342
vt 0.726870 0.421429
vt 0.726730 0.545839
vt 0.726892 0.545839
vt 0.726962 0.421429
vt 0.793463 0.442169
vt 0.793393 0.566579
vt 0.820871 0.492040
vt 0.820801 0.616450
vt 0.632232 0.124294
vt 0.632255 0.000000
vt 0.659776 0.049928
vt 0.659753 0.174222
vt 0.726328 0.070638
vt 0.726305 0.194932
vt 0.227784 0.700463
vt 0.283621 0.688956
vt 0.323104 0.730119
vt 0.323104 0.799842
vt 0.283621 0.857280
vt 0.227784 0.868788
vt 0.188301 0.827624
vt 0.188301 0.757902
vt 0.792925 0.049999
vt 0.792902 0.174292
vt 0.820557 0.000100
vt 0.820534 0.124394
vt 0.397041 0.789081
vt 0.348448 0.740403
vt 0.348448 0.668895
vt 0.397042 0.616446
vt 0.465763 0.613779
vt 0.514356 0.662457
vt 0.514356 0.733965
vt 0.465763 0.786415
vt 0.027875 0.580464
vt 0.027875 0.640316
vt 0.000011 0.577440
vt 0.000011 0.517588
vt 0.027875 0.700168
vt 0.000011 0.637293
vt 0.027863 0.759035
vt -0.000000 0.694614
vt 0.871229 0.330960
vt 0.845676 0.347272
vt 0.846503 0.282660
vt 0.869998 0.267662
vt 0.820557 0.330321
vt 0.823406 0.267074
vt 0.792928 0.367510
vt 0.792894 0.292295
vt 0.820526 0.233994
vt 0.820557 0.303151
vt 0.094565 0.606245
vt 0.094565 0.666098
vt 0.094565 0.725950
vt 0.094552 0.785457
vt 0.871229 0.398655
vt 0.844824 0.415511
vt 0.726407 0.421429
vt 0.726331 0.394138
vt 0.793001 0.393919
vt 0.726297 0.316416
vt 0.161016 0.579830
vt 0.161016 0.639683
vt 0.161016 0.699535
vt 0.161003 0.758402
vt 0.399104 0.873337
vt 0.374457 0.853661
vt 0.375923 0.789082
vt 0.401392 0.809413
vt 0.659851 0.393848
vt 0.659778 0.367439
vt 0.659745 0.292225
vt 0.188301 0.516693
vt 0.188301 0.576545
vt 0.188301 0.636397
vt 0.415789 0.984748
vt 0.395024 0.939981
vt 0.420491 0.919316
vt 0.372362 0.921890
vt 0.348448 0.938702
vt 0.348448 0.871946
vt 0.632255 0.303051
vt 0.632224 0.233894
vt 0.848037 0.026203
vt 0.848038 0.086319
vt 0.820558 0.149375
vt 0.820557 0.089259
vt 0.848040 0.146434
vt 0.820559 0.209490
vt 0.848037 0.202465
vt 0.820557 0.267074
vt 0.421127 0.856774
vt 0.442693 0.870257
vt 0.444127 0.934858
vt 0.420491 0.920081
vt 0.463632 0.855839
vt 0.467076 0.919056
vt 0.793457 0.731176
vt 0.793371 0.667904
vt 0.820777 0.726189
vt 0.820871 0.795535
vt 0.914572 -0.000000
vt 0.914573 0.060115
vt 0.914575 0.120230
vt 0.914572 0.175618
vt 0.420491 0.789082
vt 0.441199 0.802028
vt 0.727132 0.725910
vt 0.726952 0.704435
vt 0.793644 0.753541
vt 0.726870 0.643678
vt 0.580973 0.639779
vt 0.580973 0.699894
vt 0.514360 0.673894
vt 0.514360 0.613779
vt 0.580973 0.760010
vt 0.514360 0.734009
vt 0.580970 0.816041
vt 0.514356 0.789397
vt 0.181719 0.849417
vt 0.160257 0.864896
vt 0.161930 0.800320
vt 0.182539 0.785457
vt 0.660225 0.753303
vt 0.660050 0.730939
vt 0.726702 0.704435
vt 0.726870 0.725910
vt 0.660000 0.667666
vt 0.726654 0.643678
vt 0.608644 0.702751
vt 0.608644 0.762866
vt 0.608644 0.822982
vt 0.608640 0.880566
vt 0.182539 0.916180
vt 0.159017 0.933145
vt 0.135956 0.915187
vt 0.139216 0.848511
vt 0.632279 0.795199
vt 0.632224 0.725852
vt 0.055554 0.106733
vt 0.066680 0.173374
vt 0.011127 0.235005
vt 0.000000 0.168364
vt 0.122478 0.217472
vt 0.066924 0.279103
vt 0.963690 0.663638
vt 0.918647 0.714470
vt 0.914575 0.631597
vt 0.959618 0.580765
vt 0.905437 0.483390
vt 0.883189 0.524510
vt 0.886615 0.462549
vt 0.908864 0.421429
vt 0.465820 0.172096
vt 0.455497 0.105327
vt 0.527187 0.146476
vt 0.537511 0.213245
vt 0.494728 0.045942
vt 0.566418 0.087091
vt 0.343367 0.566713
vt 0.343367 0.637886
vt 0.297950 0.688521
vt 0.233719 0.688955
vt 0.188301 0.638936
vt 0.188301 0.567762
vt 0.233719 0.517127
vt 0.297949 0.516693
vt 0.560534 0.028729
vt 0.632224 0.069878
vt 0.897247 0.370066
vt 0.874861 0.329019
vt 0.871229 0.267074
vt 0.893616 0.308122
vt 0.096135 0.785457
vt 0.135955 0.835295
vt 0.135955 0.907128
vt 0.096135 0.958876
vt 0.039821 0.960226
vt -0.000000 0.910389
vt 0.000000 0.838556
vt 0.039820 0.786808
vt 0.202709 0.476872
vt 0.152871 0.516693
vt 0.160533 0.404473
vt 0.210370 0.364653
vt 0.168194 0.292253
vt 0.218032 0.252433
vt 0.174889 0.181990
vt 0.224868 0.139028
vt 0.168285 0.100377
vt 0.217686 0.050266
vt 0.145086 0.059443
vt 0.192455 0.005747
vt 0.106708 0.061690
vt 0.150716 0.008191
vt 0.893263 0.421120
vt 0.871229 0.376509
vt 0.274541 0.476872
vt 0.282203 0.364653
vt 0.289865 0.252433
vt 0.296759 0.137726
vt 0.289337 0.046003
vt 0.263265 -0.000000
vt 0.494205 0.789082
vt 0.494205 0.860288
vt 0.467952 0.900403
vt 0.467076 0.830535
vt 0.425681 0.016406
vt 0.493461 0.000000
vt 0.326289 0.516693
vt 0.333951 0.404473
vt 0.341613 0.292253
vt 0.348449 0.178848
vt 0.341266 0.090086
vt 0.924727 0.097730
vt 0.914574 0.050446
vt 0.932637 -0.000000
vt 0.942206 0.048912
vt 0.348448 0.087312
vt 0.384372 0.027478
vt 0.388424 0.076598
vt 0.929409 0.580765
vt 0.914574 0.525892
vt 0.914964 0.413837
vt 0.929799 0.468711
vt 0.915354 0.301783
vt 0.930188 0.356657
vt 0.916303 0.188406
vt 0.931082 0.246428
vt 0.938827 0.163054
vt 0.954899 0.118168
vt 0.366759 0.155169
vt 0.403515 0.145318
vt 0.563970 0.613779
vt 0.504227 0.591591
vt 0.461498 0.487472
vt 0.521241 0.509660
vt 0.418770 0.383353
vt 0.478513 0.405541
vt 0.377570 0.280789
vt 0.438441 0.305915
vt 0.357931 0.201264
vt 0.420521 0.233356
vt 0.428576 0.191298
vt 0.462113 0.182309
vt 0.908864 0.527312
vt 0.886980 0.571994
vt 0.632224 0.591242
vt 0.589496 0.487123
vt 0.546767 0.383004
vt 0.507162 0.284595
vt 0.489955 0.214921
vt 0.497690 0.174535
vt 0.608644 0.684985
vt 0.608644 0.613779
vt 0.630669 0.647433
vt 0.629793 0.717301
vt 0.959798 0.724352
vt 0.914575 0.777321
vt 0.883189 0.827999
vt 0.829698 0.865605
vt 0.826453 0.753107
vt 0.879944 0.715500
vt 0.823208 0.640608
vt 0.876700 0.603002
vt 0.820871 0.534554
vt 0.874355 0.495645
vt 0.829354 0.463289
vt 0.883189 0.421429
vt 0.979713 0.109998
vt 0.965694 0.156283
vt 0.954899 0.115933
vt 0.968471 0.067977
vt 0.148906 0.129633
vt 0.201676 0.175201
vt 0.168052 0.177169
vt 0.113888 0.131683
vt 0.974194 0.463129
vt 0.954899 0.516597
vt 0.963718 0.404889
vt 0.983013 0.351421
vt 0.972538 0.293181
vt 0.991833 0.239713
vt 0.980502 0.186393
vt 1.000000 0.129782
vt 0.999136 0.046054
vt 0.986815 -0.000000
s 0
usemtl Dark_Metal
f 3577/7083/2570 3556/7084/2570 3558/7085/2570 3578/7086/2570
f 3578/7086/2571 3558/7085/2571 3560/7087/2571 3585/7088/2571
f 3585/7089/2572 3560/7090/2572 3562/7091/2572 3592/7092/2572
f 3592/7092/2573 3562/7091/2573 3564/7093/2573 3599/7094/2573
f 3599/7095/2574 3564/7096/2574 3566/7097/2574 3606/7098/2574
f 3606/7098/2575 3566/7097/2575 3568/7099/2575 3613/7100/2575
f 3558/7101/2576 3556/7102/2576 3570/7103/2576 3568/7104/2576 3566/7105/2576 3564/7106/2576 3562/7107/2576 3560/7108/2576
f 3613/7100/2577 3568/7099/2577 3570/7109/2577 3620/7110/2577
f 3620/7110/2578 3570/7109/2578 3556/7111/2578 3577/7112/2578
f 3555/7113/2579 3557/7114/2579 3559/7115/2579 3561/7116/2579 3563/7117/2579 3565/7118/2579 3567/7119/2579 3569/7120/2579
f 3569/7121/2580 3626/7122/2580 3571/7123/2580 3555/7124/2580
f 3626/7122/2580 3625/7125/2580 3572/7126/2580 3571/7123/2580
f 3625/7125/2581 3624/7127/2581 3573/7128/2581 3572/7126/2581
f 3624/7129/2582 3623/7130/2582 3574/7131/2582 3573/7132/2582
f 3623/7130/2583 3622/7133/2583 3575/7134/2583 3574/7131/2583
f 3622/7135/2584 3621/7136/2584 3576/7137/2584 3575/7138/2584
f 3621/7136/2585 3620/7110/2585 3577/7112/2585 3576/7137/2585
f 3567/7139/2586 3619/7140/2586 3626/7122/2586 3569/7121/2586
f 3619/7140/2586 3618/7141/2586 3625/7125/2586 3626/7122/2586
f 3618/7141/2587 3617/7142/2587 3624/7127/2587 3625/7125/2587
f 3617/7143/2588 3616/7144/2588 3623/7130/2588 3624/7129/2588
f 3616/7145/2589 3615/7146/2589 3622/7135/2589 3623/7147/2589
f 3615/7146/2590 3614/7148/2590 3621/7136/2590 3622/7135/2590
f 3614/7148/2591 3613/7100/2591 3620/7110/2591 3621/7136/2591
f 3565/7149/2592 3612/7150/2592 3619/7140/2592 3567/7139/2592
f 3612/7150/2592 3611/7151/2592 3618/7141/2592 3619/7140/2592
f 3611/7151/2593 3610/7152/2593 3617/7142/2593 3618/7141/2593
f 3610/7153/2594 3609/7154/2594 3616/7155/2594 3617/7156/2594
f 3609/7157/2595 3608/7158/2595 3615/7146/2595 3616/7145/2595
f 3608/7158/2596 3607/7159/2596 3614/7148/2596 3615/7146/2596
f 3607/7159/2597 3606/7098/2597 3613/7100/2597 3614/7148/2597
f 3563/7160/2598 3605/7161/2598 3612/7150/2598 3565/7149/2598
f 3605/7161/2598 3604/7162/2598 3611/7151/2598 3612/7150/2598
f 3604/7163/2599 3603/7164/2599 3610/7153/2599 3611/7165/2599
f 3603/7164/2600 3602/7166/2600 3609/7154/2600 3610/7153/2600
f 3602/7166/2601 3601/7167/2601 3608/7168/2601 3609/7154/2601
f 3601/7169/2602 3600/7170/2602 3607/7159/2602 3608/7158/2602
f 3600/7170/2603 3599/7095/2603 3606/7098/2603 3607/7159/2603
f 3561/7171/2604 3598/7172/2604 3605/7173/2604 3563/7174/2604
f 3598/7172/2604 3597/7175/2604 3604/7176/2604 3605/7173/2604
f 3597/7175/2605 3596/7177/2605 3603/7178/2605 3604/7176/2605
f 3596/7179/2606 3595/7180/2606 3602/7181/2606 3603/7182/2606
f 3595/7180/2607 3594/7183/2607 3601/7184/2607 3602/7181/2607
f 3594/7185/2608 3593/7186/2608 3600/7187/2608 3601/7188/2608
f 3593/7186/2609 3592/7092/2609 3599/7094/2609 3600/7187/2609
f 3559/7189/2610 3591/7190/2610 3598/7172/2610 3561/7171/2610
f 3591/7190/2610 3590/7191/2610 3597/7175/2610 3598/7172/2610
f 3590/7191/2611 3589/7192/2611 3596/7177/2611 3597/7175/2611
f 3589/7193/2612 3588/7194/2612 3595/7180/2612 3596/7179/2612
f 3588/7195/2613 3587/7196/2613 3594/7185/2613 3595/7197/2613
f 3587/7196/2614 3586/7198/2614 3593/7186/2614 3594/7185/2614
f 3586/7198/2615 3585/7089/2615 3592/7092/2615 3593/7186/2615
f 3557/7199/2616 3584/7200/2616 3591/7201/2616 3559/7202/2616
f 3584/7200/2617 3583/7203/2617 3590/7204/2617 3591/7201/2617
f 3583/7203/2618 3582/7205/2618 3589/7206/2618 3590/7204/2618
f 3582/7207/2619 3581/7208/2619 3588/7209/2619 3589/7210/2619
f 3581/7211/2620 3580/7212/2620 3587/7213/2620 3588/7214/2620
f 3580/7212/2621 3579/7215/2621 3586/7216/2621 3587/7213/2621
f 3579/7215/2622 3578/7086/2622 3585/7088/2622 3586/7216/2622
f 3555/7217/2623 3571/7218/2623 3584/7200/2623 3557/7199/2623
f 3571/7218/2623 3572/7219/2623 3583/7203/2623 3584/7200/2623
f 3572/7219/2624 3573/7220/2624 3582/7205/2624 3583/7203/2624
f 3573/7221/2625 3574/7222/2625 3581/7208/2625 3582/7207/2625
f 3574/7222/2626 3575/7223/2626 3580/7224/2626 3581/7208/2626
f 3575/7225/2627 3576/7226/2627 3579/7215/2627 3580/7212/2627
f 3576/7226/2628 3577/7083/2628 3578/7086/2628 3579/7215/2628
f 3649/7227/2629 3650/7228/2629 3630/7229/2629 3628/7230/2629
f 3650/7228/2630 3657/7231/2630 3632/7232/2630 3630/7229/2630
f 3657/7233/2631 3664/7234/2631 3634/7235/2631 3632/7236/2631
f 3664/7237/2632 3671/7238/2632 3636/7239/2632 3634/7240/2632
f 3671/7241/2633 3678/7242/2633 3638/7243/2633 3636/7244/2633
f 3678/7242/2634 3685/7245/2634 3640/7246/2634 3638/7243/2634
f 3630/7247/2635 3632/7248/2635 3634/7249/2635 3636/7250/2635 3638/7251/2635 3640/7252/2635 3642/7253/2635 3628/7254/2635
f 3685/7245/2636 3692/7255/2636 3642/7256/2636 3640/7246/2636
f 3692/7257/2637 3649/7258/2637 3628/7259/2637 3642/7260/2637
f 3627/7261/2638 3641/7262/2638 3639/7263/2638 3637/7264/2638 3635/7265/2638 3633/7266/2638 3631/7267/2638 3629/7268/2638
f 3641/7269/2639 3627/7270/2639 3643/7271/2639 3698/7272/2639
f 3698/7272/2639 3643/7271/2639 3644/7273/2639 3697/7274/2639
f 3697/7274/2640 3644/7273/2640 3645/7275/2640 3696/7276/2640
f 3696/7276/2641 3645/7275/2641 3646/7277/2641 3695/7278/2641
f 3695/7278/2642 3646/7277/2642 3647/7279/2642 3694/7280/2642
f 3694/7280/2643 3647/7279/2643 3648/7281/2643 3693/7282/2643
f 3693/7283/2644 3648/7284/2644 3649/7258/2644 3692/7257/2644
f 3639/7285/2645 3641/7269/2645 3698/7272/2645 3691/7286/2645
f 3691/7286/2645 3698/7272/2645 3697/7274/2645 3690/7287/2645
f 3690/7287/2646 3697/7274/2646 3696/7276/2646 3689/7288/2646
f 3689/7288/2647 3696/7276/2647 3695/7278/2647 3688/7289/2647
f 3688/7289/2648 3695/7278/2648 3694/7280/2648 3687/7290/2648
f 3687/7291/2649 3694/7292/2649 3693/7293/2649 3686/7294/2649
f 3686/7295/2650 3693/7296/2650 3692/7255/2650 3685/7245/2650
f 3637/7297/2651 3639/7285/2651 3691/7286/2651 3684/7298/2651
f 3684/7298/2651 3691/7286/2651 3690/7287/2651 3683/7299/2651
f 3683/7299/2652 3690/7287/2652 3689/7288/2652 3682/7300/2652
f 3682/7300/2653 3689/7288/2653 3688/7289/2653 3681/7301/2653
f 3681/7302/2654 3688/7303/2654 3687/7304/2654 3680/7305/2654
f 3680/7306/2655 3687/7307/2655 3686/7295/2655 3679/7308/2655
f 3679/7308/2656 3686/7295/2656 3685/7245/2656 3678/7242/2656
f 3635/7309/2657 3637/7310/2657 3684/7311/2657 3677/7312/2657
f 3677/7312/2657 3684/7311/2657 3683/7313/2657 3676/7314/2657
f 3676/7314/2658 3683/7313/2658 3682/7315/2658 3675/7316/2658
f 3675/7316/2659 3682/7315/2659 3681/7302/2659 3674/7317/2659
f 3674/7317/2660 3681/7302/2660 3680/7305/2660 3673/7318/2660
f 3673/7319/2661 3680/7306/2661 3679/7308/2661 3672/7320/2661
f 3672/7320/2662 3679/7308/2662 3678/7242/2662 3671/7241/2662
f 3633/7321/2663 3635/7322/2663 3677/7323/2663 3670/7324/2663
f 3670/7324/2663 3677/7323/2663 3676/7325/2663 3669/7326/2663
f 3669/7326/2664 3676/7325/2664 3675/7327/2664 3668/7328/2664
f 3668/7328/2665 3675/7327/2665 3674/7329/2665 3667/7330/2665
f 3667/7330/2666 3674/7329/2666 3673/7319/2666 3666/7331/2666
f 3666/7331/2667 3673/7319/2667 3672/7320/2667 3665/7332/2667
f 3665/7333/2668 3672/7334/2668 3671/7238/2668 3664/7237/2668
f 3631/7335/2669 3633/7321/2669 3670/7324/2669 3663/7336/2669
f 3663/7336/2669 3670/7324/2669 3669/7326/2669 3662/7337/2669
f 3662/7337/2670 3669/7326/2670 3668/7328/2670 3661/7338/2670
f 3661/7338/2671 3668/7328/2671 3667/7330/2671 3660/7339/2671
f 3660/7339/2672 3667/7330/2672 3666/7331/2672 3659/7340/2672
f 3659/7341/2673 3666/7342/2673 3665/7343/2673 3658/7344/2673
f 3658/7345/2674 3665/7346/2674 3664/7234/2674 3657/7233/2674
f 3629/7347/2675 3631/7348/2675 3663/7349/2675 3656/7350/2675
f 3656/7350/2676 3663/7349/2676 3662/7351/2676 3655/7352/2676
f 3655/7352/2677 3662/7351/2677 3661/7353/2677 3654/7354/2677
f 3654/7354/2678 3661/7353/2678 3660/7355/2678 3653/7356/2678
f 3653/7357/2679 3660/7358/2679 3659/7359/2679 3652/7360/2679
f 3652/7361/2680 3659/7362/2680 3658/7363/2680 3651/7364/2680
f 3651/7364/2681 3658/7363/2681 3657/7231/2681 3650/7228/2681
f 3627/7365/2682 3629/7366/2682 3656/7367/2682 3643/7368/2682
f 3643/7368/2682 3656/7367/2682 3655/7369/2682 3644/7370/2682
f 3644/7370/2683 3655/7369/2683 3654/7371/2683 3645/7372/2683
f 3645/7372/2684 3654/7371/2684 3653/7357/2684 3646/7373/2684
f 3646/7373/2685 3653/7357/2685 3652/7360/2685 3647/7374/2685
f 3647/7279/2686 3652/7361/2686 3651/7364/2686 3648/7281/2686
f 3648/7281/2687 3651/7364/2687 3650/7228/2687 3649/7227/2687
